timestamp,funding_rate,trade_size,entry_spot,close_spot,entry_futures,close_futures,total_profit,funding_profit,spot_pnl,futures_pnl,entry_spot_rsi,exit_spot_rsi,entry_futures_rsi,exit_futures_rsi
2024-02-18 08:00:00,0.00016041,0.01604,51671.1,51773.99,51703.7,51808.9,3.4707959998927405,0.13303239989267998,1.6503555999999906,1.68740800000007,75.85610813146808,71.50484128465091,76.21730167756621,72.05529222609687
2024-02-18 16:00:00,0.0001724,0.01724,51773.99,52137.67,51808.9,52175.9,12.750908369166403,0.15398516916639998,6.269843200000005,6.32708,71.50484128465091,72.77134547414128,72.05529222609687,73.27408886670007
2024-02-19 16:00:00,0.0001530499999999,0.0153,52137.67,51774.73,52175.9,51813.8,-10.970933521126481,0.12217847887342016,-5.552981999999924,-5.540129999999977,72.77134547414128,49.97619240588405,73.27408886670007,50.147416334764415
2024-02-27 00:00:00,0.00021567,0.02156,54476.47,56059.08,54511.6,56100.0,68.62044610160436,0.25347050160431994,34.121071600000015,34.24590400000003,71.79218428630199,79.97143195317209,71.65425080049664,79.88367428800642
2024-02-27 08:00:00,0.00027227,0.02722,56059.08,56745.66,56100.0,56775.0,37.47797532534005,0.41576772534000006,18.688707600000047,18.3735,79.97143195317209,84.94879269623495,79.88367428800642,84.80531571630806
2024-02-27 16:00:00,0.0003226199999999,0.03226,56745.66,57037.34,56775.0,57074.5,19.662365171129586,0.5908983711298168,9.409596799999774,9.661869999999999,84.94879269623495,89.6118653500201,84.80531571630806,89.36701046837621
2024-02-28 00:00:00,0.00073521,0.05,57037.34,58241.1,57074.5,58300.0,123.56108715725011,2.09808715725,60.1880000000001,61.275000000000006,89.6118653500201,91.06156329931514,89.36701046837621,90.95815112772753
2024-02-28 08:00:00,0.00022965,0.02296,58241.1,60966.22,58300.0,61000.0,124.86815734120006,0.30740214120000003,62.56875520000006,61.992000000000004,91.06156329931514,94.50659495966917,90.95815112772753,94.3893272226996
2024-02-28 16:00:00,0.00026729,0.02672,60966.22,62432.1,61000.0,62487.9,79.36066291679998,0.43566131680000003,39.168313599999934,39.75668800000004,94.50659495966917,95.00320789538301,94.3893272226996,94.9025700068607
2024-02-29 00:00:00,0.00023682,0.02368,62432.1,62707.17,62487.9,62761.5,13.342931344438998,0.35042574443904,6.513657599999993,6.4788479999999655,95.00320789538301,95.0981115860486,94.9025700068607,95.00065740117712
2024-02-29 08:00:00,0.00053538,0.05,62707.17,62768.02,62761.5,62809.1,7.102562593499854,1.6800625935,3.0424999999999276,2.3799999999999275,95.0981115860486,94.93760783212295,95.00065740117712,94.82871725947614
2024-02-29 16:00:00,0.00069091,0.05,62768.02,61130.98,62809.1,61203.3,-159.9722282359495,2.16977176405,-81.85199999999969,-80.2899999999998,94.93760783212295,83.73978668548014,94.82871725947614,83.85623866560582
2024-03-01 00:00:00,0.00076337,0.05,61130.98,61434.0,61203.3,61485.8,31.61203815604984,2.33603815605,15.15099999999984,14.125,83.73978668548014,85.25368474675642,83.85623866560582,85.43110578705686
2024-03-01 08:00:00,0.00057031,0.05,61434.0,61263.99,61485.8,61335.3,-14.272201670100102,1.7532983299000002,-8.500500000000102,-7.525,85.25368474675642,84.00447347511704,85.43110578705686,84.28333978134091
2024-03-01 16:00:00,0.00053322,0.05,61263.99,62387.9,61335.3,62430.6,112.59576043329997,1.6352604333000003,56.19550000000018,54.76499999999979,84.00447347511704,87.71444732859513,84.28333978134091,87.98346983038789
2024-03-02 00:00:00,0.00064824,0.05,62387.9,62011.85,62430.6,62071.9,-34.713999392800005,2.0235006072,-18.802500000000148,-17.934999999999857,87.71444732859513,83.87157545252455,87.98346983038789,84.25120629058203
2024-03-02 08:00:00,0.0004601,0.04601,62011.85,61771.2,62071.9,61834.5,-20.681067972448233,1.3140125275519003,-11.072306500000067,-10.922774000000068,83.87157545252455,80.0386749386233,84.25120629058203,80.4418134805491
2024-03-02 16:00:00,0.0003342599999999,0.03342,61771.2,61987.28,61834.5,62039.9,14.7766128949973,0.6907512949971933,7.221393600000058,6.864468000000048,80.0386749386233,77.5072617092161,80.4418134805491,77.9007393350682
2024-03-03 00:00:00,0.00057174,0.05,61987.28,61598.0,62039.9,61641.0,-37.63546537870002,1.7735346213000003,-19.463999999999942,-19.945000000000075,77.5072617092161,73.15401206291037,77.9007393350682,73.46507725247383
2024-03-03 08:00:00,0.00056395,0.05,61598.0,62164.63,61641.0,62210.7,58.55462209749973,1.7381220975000002,28.33149999999987,28.484999999999857,73.15401206291037,73.84043112146448,73.46507725247383,74.13900063916985
2024-03-03 16:00:00,0.00046266,0.04626,62164.63,63113.97,62210.7,63178.5,90.01837033789243,1.3314739378921199,43.91646840000018,44.77042800000014,73.84043112146448,73.20650771078577,74.13900063916985,73.49702825326797
2024-03-04 08:00:00,0.00042989,0.04298,63113.97,66451.65,63178.5,66505.4,287.6109768345871,1.1673284345877,143.4534863999997,142.99016199999974,73.20650771078577,70.83616277249442,73.49702825326797,71.10009348641296
2024-03-04 16:00:00,0.00055071,0.05,66451.65,68245.71,66505.4,68296.4,181.08425944170062,1.8312594417,89.70300000000061,89.55000000000001,70.83616277249442,74.80402343120221,71.10009348641296,75.07315968289922
2024-03-05 08:00:00,0.00046833,0.04683,68245.71,66773.05,68296.4,66841.3,-135.60913140144777,1.4978693985519598,-68.96466780000016,-68.14233299999958,74.80402343120221,73.073704890894,75.07315968289922,73.34730251279592
2024-03-06 08:00:00,0.0004896,0.04896,66773.05,66481.12,66841.3,66541.3,-27.378652296499567,1.6022405035007998,-14.29289280000037,-14.687999999999999,73.073704890894,62.163320274240895,73.34730251279592,62.18353398656783
2024-03-10 16:00:00,0.0003101,0.03101,69194.83,68955.88,69254.7,69001.8,-14.58630138460503,0.6659671153947,-7.40983949999991,-7.842428999999819,84.82433850039709,72.16739474615756,84.35749310641697,71.33343481239072
2024-03-11 00:00:00,0.0006345099999999,0.05,68955.88,71019.99,69001.8,71223.8,216.4946166058997,2.189116605899655,103.20550000000003,111.10000000000001,72.16739474615756,82.37355834040645,71.33343481239072,82.25084372201943
2024-03-11 08:00:00,0.00054479,0.05,71019.99,72010.0,71223.8,72061.4,93.3206007000993,1.9401007001,49.50049999999974,41.87999999999957,82.37355834040645,89.0879590363858,82.25084372201943,88.60864925363417
2024-03-11 16:00:00,0.00035489,0.03548,72010.0,72078.1,72061.4,72153.8,6.601900916328596,0.9073609163280799,2.4161880000002065,3.2783520000003095,89.0879590363858,88.72314710974166,88.60864925363417,88.2614060027358
2024-03-12 00:00:00,0.0007842799999999,0.05,72078.1,72121.1,72153.8,72175.5,6.0644391131994935,2.8294391131996393,2.15,1.0849999999998545,88.72314710974166,87.28853473576339,88.2614060027358,86.75593887123615
2024-03-12 08:00:00,0.00066396,0.05,72121.1,71703.41,72175.5,71779.2,-38.30341775100027,2.396082249,-20.884500000000116,-19.815000000000147,87.28853473576339,87.54573738356005,86.75593887123615,87.42795279192461
2024-03-12 16:00:00,0.0004447,0.04447,71703.41,71452.01,71779.2,71503.2,-22.03398625062759,1.4194917493728,-11.179758000000389,-12.27372,87.54573738356005,83.29593535109211,87.42795279192461,82.79312663195583
2024-03-13 00:00:00,0.000453,0.0453,71452.01,72855.16,71503.2,72964.0,131.20424501688052,1.4673100168799997,63.562695000000396,66.17424000000013,83.29593535109211,85.58521465706765,82.79312663195583,85.28585945020858
2024-03-13 08:00:00,0.0004793499999999,0.04793,72855.16,72634.95,72964.0,72670.2,-22.960133487338794,1.6763658126616503,-10.554665300000307,-14.08183400000014,85.58521465706765,81.88807827168854,85.28585945020858,80.84384359629597
2024-03-13 16:00:00,0.00033224,0.03322,72634.95,73072.41,72670.2,73127.6,30.529311127579064,0.8020619275785599,14.532421200000213,15.19482800000029,81.88807827168854,82.56121516891928,80.84384359629597,81.60529822293168
2024-03-14 00:00:00,0.0006442,0.05,73072.41,73224.0,73127.6,73280.7,17.58993999599939,2.3554399960000008,7.579499999999825,7.654999999999564,82.56121516891928,82.91867637015523,81.60529822293168,81.95711531244739
2024-03-15 00:00:00,0.0004540199999999,0.0454,73224.0,68448.29,73280.7,68487.4,-432.92255498500515,1.5104990149952673,-216.8172340000003,-217.61582000000016,82.91867637015523,46.928132437512524,81.95711531244739,46.89585979788499
2024-03-17 16:00:00,0.00023202,0.0232,65300.63,68393.48,65351.0,68447.9,143.9539755452638,0.35177554526399996,71.75411999999996,71.84807999999985,26.610650405444645,35.70056855694223,26.905401655487964,35.653063428829185
2024-03-18 00:00:00,0.00020813,0.02081,65636.67,68218.38,65681.2,68262.9,107.73503954792643,0.28447744792636,53.72538510000013,53.72517699999994,29.078244580181362,35.80409609540888,29.271194506764573,35.90124183466514
2024-03-20 08:00:00,0.0002692299999999,0.02692,64051.85,63600.37,64084.0,63649.0,-23.399581813185662,0.46445978681422745,-12.15384159999989,-11.7102,27.75823862689046,31.207921145309342,27.760379897302215,31.257778567981518
2024-03-20 16:00:00,0.00029065,0.02906,61937.4,67840.51,61974.1,67876.4,343.5886657591145,0.5234511591148999,171.5443765999998,171.52083799999986,29.22200060634107,45.99400285664532,29.27640998555492,45.94803603531219
2024-03-27 08:00:00,0.00026763,0.02676,69725.99,68874.0,69798.8,68922.0,-45.76253683389478,0.49988356610543994,-22.79925240000014,-23.463168000000078,77.7564228503418,72.45069774845679,77.77683279469306,72.41970963484388
2024-03-27 16:00:00,0.00028757,0.02875,68874.0,69469.99,68922.0,69532.6,35.25928461177532,0.5698221117750001,17.134712500000152,17.55475000000017,72.45069774845679,71.99807281245334,72.41970963484388,72.00114335736177
2024-03-28 00:00:00,0.00029551,0.02955,69469.99,70399.03,69532.6,70456.8,55.37042294839803,0.6071809483983001,27.453131999999812,27.310109999999913,71.99807281245334,72.9708765494012,72.00114335736177,72.92780459998451
2024-03-28 08:00:00,0.0004363,0.04362,70399.03,71290.39,70456.8,71335.1,78.53346116626095,1.3408919662607999,38.881123200000026,38.311446000000124,72.9708765494012,82.29473561278057,72.92780459998451,82.28238035553522
2024-03-28 16:00:00,0.00024195,0.02419,71290.39,70780.6,71335.1,70838.7,-23.922228131105506,0.41750796889455005,-12.331820099999845,-12.007916000000211,82.29473561278057,77.61881290048855,82.28238035553522,77.68836608296574
2024-03-29 16:00:00,0.00029899,0.02989,70780.6,69850.54,70838.7,69903.6,-55.116560319530535,0.63307208046957,-27.799493400000365,-27.950138999999737,77.61881290048855,64.46005638245362,77.68836608296574,64.52693006792309
2024-04-03 08:00:00,0.00010926,0.01092,64890.0,65836.01,64928.3,65873.9,20.733848401353207,0.07746720135336,10.330429199999942,10.325951999999903,28.58203517569673,34.59075705664746,28.65788485426232,34.67176884980252
2024-04-07 08:00:00,0.0001,0.01,69364.01,69543.74,69367.4,69567.9,3.8716674000001046,0.06936740000000001,1.7973000000001047,2.005,75.05586313727378,73.9034499244769,74.91049483170772,73.80355301396821
2024-04-07 16:00:00,0.0001,0.01,69543.74,69360.39,69567.9,69362.7,-3.815932100000029,0.0695679,-1.8335000000000583,-2.0519999999999707,73.9034499244769,70.03937771281113,73.80355301396821,69.72962917028391
2024-04-08 08:00:00,0.0001,0.01,70698.63,71773.98,70745.4,71815.7,21.52724539999994,0.0707454,10.753499999999914,10.70300000000003,76.766460209921,78.96226885311272,76.65371778738304,78.89880128179769
2024-04-08 16:00:00,0.0001,0.01,71773.98,71620.0,71815.7,71678.4,-2.840984299999988,0.07181570000000001,-1.5397999999999592,-1.373000000000029,78.96226885311272,77.48489633256311,78.89880128179769,77.55061689338814
2024-04-09 16:00:00,0.0001,0.01,71620.0,69146.0,71678.4,69189.3,-49.55932159999992,0.0716784,-24.740000000000002,-24.890999999999913,77.48489633256311,62.912570879653785,77.55061689338814,62.991680801227744
2024-04-14 16:00:00,0.0001,0.01,63924.51,65661.84,63939.7,65615.9,34.199239699999914,0.0639397,17.373299999999944,16.761999999999972,26.32912060367795,37.347039410251156,26.339224003084837,37.05704838698589
2024-04-16 08:00:00,0.0001,0.01,64568.81,61762.2,64552.8,61749.2,-56.03754720000006,0.06455280000000001,-28.066100000000006,-28.036000000000058,28.60031388573738,24.73678113931676,28.32886632203504,24.47970112385788
2024-04-17 00:00:00,0.0001,0.01,63516.19,63297.84,63487.9,63260.8,-4.391012100000044,0.06348790000000001,-2.183500000000058,-2.2709999999999857,27.747175243041298,31.853637875468237,27.456790462964292,31.555668193310538
2024-04-28 08:00:00,0.0001,0.01,62951.75,63540.0,62928.4,63508.6,11.747428399999972,0.06292840000000001,5.8825,5.801999999999971,19.9498383109123,28.64651285815752,19.839230311197454,28.501202803054014
2024-05-02 00:00:00,0.0001,0.01,57499.99,57681.08,57482.0,57645.0,3.498382000000038,0.05748200000000001,1.810900000000038,1.6300000000000001,23.6616109543845,29.864724961128957,23.697663203121564,29.739078414529374
2024-05-02 08:00:00,0.0001,0.01,56886.0,59264.15,56865.2,59230.7,47.493365200000014,0.056865200000000005,23.781500000000015,23.655,20.690251244300043,35.1781902254009,20.71755517364595,35.17390227505925
2024-05-15 16:00:00,0.0001,0.01,64725.11,66206.5,64685.5,66175.4,29.777585499999937,0.0646855,14.813899999999995,14.898999999999942,76.22866688940861,79.66132897902429,76.21712292002151,79.70129766008867
2024-05-22 08:00:00,0.0001,0.01,69826.99,70455.9,69874.9,70485.7,12.466974899999919,0.0698749,6.289099999999889,6.108000000000029,71.50748863683205,67.09208880176585,71.70419804637976,67.5010233932725
2024-06-05 08:00:00,0.0001,0.01,71200.0,71580.0,71244.1,71625.1,7.681244100000001,0.07124410000000002,3.8000000000000003,3.81,80.93513003186351,81.09823216889151,80.85116250309167,81.01492811819874
2024-06-05 16:00:00,0.0001,0.01,71580.0,71108.0,71625.1,71133.3,-9.566374900000028,0.07162510000000001,-4.72,-4.9180000000000295,81.09823216889151,75.27772687209288,81.01492811819874,74.97975825573991
2024-06-06 00:00:00,0.00016387,0.01638,71108.0,71021.47,71133.3,71077.3,-2.1437060647930006,0.19093533520697997,-1.4173613999999808,-0.9172799999999999,75.27772687209288,74.12205789253329,74.97975825573991,74.1913581138671
2024-06-06 08:00:00,0.00013226,0.01322,71021.47,71300.0,71077.3,71334.3,7.203983638487545,0.12427703848756001,3.682166599999985,3.3975400000000002,74.12205789253329,74.86120395454381,74.1913581138671,74.86670136886079
2024-06-06 16:00:00,0.0001,0.01,71300.0,70799.06,71334.3,70830.0,-9.981065700000052,0.07133430000000002,-5.009400000000023,-5.0430000000000295,74.86120395454381,70.35527798498579,74.86670136886079,70.42693417326157
2024-06-07 08:00:00,0.00010438,0.01043,70799.06,71111.54,70830.0,71150.0,6.673877845221957,0.077111445222,3.2591663999999576,3.3376,70.35527798498579,73.64396850589553,70.42693417326157,73.73216946987434
2024-06-08 08:00:00,0.0001,0.01,71111.54,69430.01,71150.0,69462.1,-33.62314999999993,0.07115000000000002,-16.81529999999999,-16.87899999999994,73.64396850589553,54.729829710570534,73.73216946987434,54.6535196671595
2024-06-11 00:00:00,0.0001,0.01,69303.99,67570.18,69325.3,67582.0,-34.70177470000015,0.06932530000000002,-17.33810000000012,-17.43300000000003,25.347740472203384,23.49941170117812,24.976061977715986,23.444068564310896
2024-06-12 00:00:00,0.0001,0.01,67570.18,67453.63,67582.0,67449.4,-2.423917999999942,0.06758200000000002,-1.1654999999998836,-1.3260000000000582,23.49941170117812,29.118347877017854,23.444068564310896,28.829519450800888
2024-06-12 08:00:00,0.0001,0.01,66244.48,69734.0,66266.0,69738.0,69.68146600000003,0.066266,34.89520000000004,34.72,21.03421521241397,52.03811226853096,21.028108574765795,51.950170707463585
2024-06-12 16:00:00,0.0001,0.01,67314.24,68263.99,67320.7,68270.3,19.060820700000058,0.06732070000000001,9.4975,9.496000000000059,27.98492486793593,43.73861802249751,27.783453688438982,43.60113655866818
2024-06-13 00:00:00,0.0001,0.01,67453.63,67724.81,67449.4,67724.9,5.53424939999993,0.0674494,2.71179999999993,2.755,29.118347877017854,42.18765748843176,28.829519450800888,42.018598154886575
2024-06-18 00:00:00,0.0001,0.01,66172.0,65672.51,66147.3,65646.4,-9.93775270000014,0.06614730000000002,-4.994900000000053,-5.009000000000087,20.042556054565978,42.687860105698256,19.937710353142094,42.5088831092714
2024-06-18 08:00:00,0.0001,0.01,65368.0,64706.0,65341.9,64676.8,-13.205658099999987,0.06534190000000001,-6.62,-6.650999999999986,22.57112494767091,33.103745931267696,22.424573430260978,32.723640472252754
2024-06-25 16:00:00,0.0001,0.01,60293.3,61806.01,60273.6,61777.8,30.229373600000038,0.06027360000000001,15.127099999999992,15.042000000000044,13.022321321792134,33.61745195924229,13.06324268282954,33.451849401907296
2024-06-27 16:00:00,0.0001,0.01,60864.99,61706.47,60860.1,61682.0,16.694660100000046,0.06086010000000001,8.414800000000032,8.219000000000015,23.873862926433787,32.10151286090348,23.84123140781739,31.964942191912215
2024-06-28 00:00:00,0.0001,0.01,60794.01,61350.01,60786.4,61317.9,10.935786400000001,0.06078640000000001,5.5600000000000005,5.315,24.36834141009976,31.952919573129734,24.3071678373057,31.770702323426235
2024-07-02 08:00:00,0.0001,0.01,63132.9,61948.08,63119.9,61945.0,-23.53408010000001,0.0631199,-11.848199999999997,-11.749000000000015,70.63368300383036,52.12049085225109,70.71766474751556,52.32356786938545
2024-07-05 16:00:00,0.0001,0.01,57050.01,56628.79,57045.9,56604.9,-8.565154100000012,0.05704590000000001,-4.212200000000012,-4.41,23.33603267794831,21.24707781003754,23.199761122723217,21.235467878180643
2024-07-06 00:00:00,0.0001,0.01,54415.05,56606.0,54389.4,56571.1,43.78088939999995,0.05438940000000001,21.909499999999973,21.81699999999997,16.322009339458774,21.473937609700485,16.176823305843058,21.44252572824
2024-07-06 08:00:00,0.0001,0.01,56662.0,57317.98,56637.5,57285.4,13.095437500000045,0.05663750000000001,6.559800000000032,6.479000000000014,24.615683742680687,26.584173077132846,24.55934975549411,26.564802411252515
2024-07-06 16:00:00,0.0001,0.01,56628.79,58230.13,56604.9,58216.0,32.18100489999995,0.056604900000000014,16.013399999999965,16.110999999999986,21.24707781003754,32.48666954319003,21.235467878180643,32.54447255509996
2024-08-03 16:00:00,0.0001,0.01,61498.33,60697.99,61483.7,60684.6,-15.932916300000024,0.06148370000000001,-8.003400000000038,-7.9909999999999854,20.57242038478003,23.63444430485515,20.528128419212948,23.597524794439266
2024-08-04 00:00:00,0.0001,0.01,61662.01,60373.99,61636.0,60346.0,-25.718564000000043,0.06163600000000001,-12.880200000000041,-12.9,23.9881319153438,24.484984539054196,23.91374890482527,24.377386248204857
2024-08-04 08:00:00,0.0001,0.01,60879.0,59086.01,60857.7,59070.0,-35.74604229999995,0.06085770000000001,-17.92989999999998,-17.87699999999997,25.074093676692414,22.05738513098268,25.006998702058894,21.994327204923806
2024-08-05 08:00:00,0.0001,0.01,59086.01,54321.09,59070.0,54289.8,-95.39213000000004,0.05907000000000001,-47.64920000000006,-47.80199999999997,22.05738513098268,22.621369384436278,21.994327204923806,22.541751874574004
2024-08-06 00:00:00,0.0001,0.01,52674.19,55999.99,52645.6,55979.1,66.64564559999997,0.05264560000000001,33.25799999999996,33.335,13.794907016060861,32.185657238571935,13.706376647375606,32.118192963669955
2024-08-06 08:00:00,0.0001,0.01,54321.09,56405.99,54289.8,56370.0,41.70528979999999,0.05428980000000001,20.849000000000014,20.80199999999997,22.621369384436278,24.20358000524689,22.541751874574004,24.085805029590958
2024-09-22 16:00:00,0.0001,0.01,63348.96,63578.76,63320.6,63558.4,4.739320600000058,0.0633206,2.2980000000000294,2.378000000000029,74.06679540713043,69.9014764012041,74.01240748578094,69.86912214846261
2024-09-28 00:00:00,0.0001,0.01,65460.02,65824.01,65438.9,65790.0,7.216338899999965,0.06543890000000001,3.6398999999999795,3.5109999999999855,71.41760944116962,67.3279427913414,71.20812549917873,67.20837113273068
2024-10-02 16:00:00,0.0001,0.01,60805.78,60649.28,60776.8,60622.6,-3.0462232000000435,0.06077680000000001,-1.565,-1.5420000000000438,22.02106427489352,23.52876179758036,21.754777108652732,23.42255230728088
2024-10-03 00:00:00,0.0001,0.01,61727.4,60926.0,61702.5,60898.6,-15.99129750000003,0.06170250000000001,-8.014000000000015,-8.039000000000014,25.390571526843885,26.167544680172497,25.29068085844854,26.048096642213665
2024-10-15 00:00:00,0.0001,0.01,66083.99,65638.74,66064.9,65638.4,-8.6514351,0.06606490000000001,-4.4525,-4.265,81.28528200863482,78.12982908798973,81.24751831931559,78.18626031981285
2024-10-15 08:00:00,0.0001,0.01,65638.74,66022.0,65638.4,65994.6,7.4602384000000646,0.0656384,3.832599999999948,3.5620000000001166,78.12982908798973,83.3469360990078,78.18626031981285,83.47542215646214
2024-10-15 16:00:00,0.0001,0.01,66022.0,67074.14,65994.6,67044.1,21.082394599999994,0.06599460000000001,10.521399999999995,10.495000000000001,83.3469360990078,84.6149352482807,83.47542215646214,84.72957722024483
2024-10-16 00:00:00,0.0001,0.01,67074.14,66972.53,67044.1,66948.8,-1.9020559000000348,0.06704410000000002,-1.0161000000000058,-0.9530000000000292,84.6149352482807,80.36636936897466,84.72957722024483,80.57731585614934
2024-10-16 08:00:00,0.0001,0.01,66972.53,67749.99,66948.8,67726.0,15.613548800000036,0.06694880000000002,7.774600000000064,7.771999999999971,80.36636936897466,81.54690325072991,80.57731585614934,81.72585745560691
2024-10-17 08:00:00,0.0001,0.01,67303.18,67590.66,67280.8,67561.9,5.753080800000017,0.06728080000000002,2.874800000000105,2.810999999999913,75.63229193072692,76.3310752378206,75.80917604391784,76.48074577662928
2024-10-17 16:00:00,0.0001,0.01,67590.66,67421.78,67561.9,67401.5,-3.225238099999989,0.06756190000000001,-1.6888000000000467,-1.603999999999942,76.3310752378206,78.1508016734424,76.48074577662928,78.34056922334787
2024-10-18 00:00:00,0.0001,0.01,67421.78,67969.7,67401.5,67955.0,11.081601499999984,0.06740150000000002,5.479199999999983,5.535,78.1508016734424,85.58612062007376,78.34056922334787,85.9329964439454
2024-10-18 08:00:00,0.0001,0.01,67969.7,68735.35,67955.0,68710.0,15.274455000000088,0.06795500000000002,7.656500000000087,7.55,85.58612062007376,85.80599553381188,85.9329964439454,86.12430769230774
2024-10-18 16:00:00,0.0001,0.01,68735.35,68428.0,68710.0,68407.8,-6.026790000000029,0.06871000000000001,-3.0735000000000583,-3.021999999999971,85.80599553381188,78.2137950149177,86.12430769230774,78.55835858055622
2024-10-19 00:00:00,0.0001,0.01,68428.0,68346.54,68407.8,68328.9,-1.5351922000001514,0.06840780000000002,-0.814600000000064,-0.7890000000000873,78.2137950149177,72.19416194979236,78.55835858055622,72.54777070063695
2024-10-19 16:00:00,0.0001,0.01,68346.54,68378.0,68328.9,68357.1,0.6649289000001806,0.06832890000000001,0.31460000000006405,0.28200000000011644,72.19416194979236,76.38622921763891,72.54777070063695,76.51510718395855
2024-10-20 00:00:00,0.0001,0.01,68378.0,68378.0,68357.1,68347.0,-0.03264290000005819,0.06835710000000002,0.0,-0.10100000000005821,76.38622921763891,74.50368595343852,76.51510718395855,74.60360624189423
2024-10-20 16:00:00,0.0001,0.01,68378.0,69031.99,68347.0,69020.1,13.33924700000011,0.068347,6.539900000000053,6.7310000000000585,74.50368595343852,73.90451472718465,74.60360624189423,74.03513657778086
2024-10-21 16:00:00,0.0001,0.01,69031.99,67377.5,69020.1,67368.8,-32.988879900000086,0.06902010000000001,-16.54490000000005,-16.51300000000003,73.90451472718465,50.7724190685242,74.03513657778086,50.92305110346563
2024-10-24 00:00:00,0.0001,0.01,66852.34,67123.08,66838.0,67104.4,5.438237999999995,0.06683800000000001,2.7074000000000527,2.663999999999942,25.874620440481223,38.788096703618244,25.775143640975315,38.74977040347761
2024-10-24 08:00:00,0.0001,0.01,66223.44,67701.22,66201.6,67672.7,29.5550015999999,0.06620160000000001,14.777799999999989,14.710999999999913,23.90497384058149,43.67464587064045,23.72320152453561,43.56525009402021
2024-10-29 00:00:00,0.0001,0.01,69962.21,71017.97,69940.0,71004.2,21.26953999999992,0.06994000000000002,10.557599999999947,10.641999999999971,72.18725529883052,74.1192571552403,72.12823074041704,74.13046312526254
2024-10-29 16:00:00,0.0001,0.01,72402.01,72736.42,72374.9,72739.5,7.062474900000093,0.0723749,3.344100000000035,3.646000000000058,77.07643335896876,85.0193989618898,77.02471470660126,85.0597956368603
2024-10-30 00:00:00,0.0001,0.01,72736.42,72227.99,72739.5,72244.8,-9.958560499999901,0.07273950000000001,-5.0842999999999305,-4.946999999999971,85.0193989618898,79.15989821621358,85.0597956368603,79.36782492824925
2024-10-30 08:00:00,0.0001,0.01,72227.99,72061.34,72244.8,72058.8,-3.4542552000000875,0.07224480000000001,-1.6665000000000874,-1.86,79.15989821621358,88.54858348775257,79.36782492824925,88.58143858143859
2024-10-30 16:00:00,0.0001,0.01,72061.34,72344.74,72058.8,72349.0,5.808058800000058,0.07205880000000002,2.8340000000000876,2.901999999999971,88.54858348775257,88.50518982209002,88.58143858143859,88.53388856978748
2024-10-31 00:00:00,0.0001,0.01,72344.74,72417.19,72349.0,72417.8,1.484849,0.07234900000000001,0.724499999999971,0.6880000000000291,88.50518982209002,90.18901707054057,88.53388856978748,90.15618221258138
2024-10-31 08:00:00,0.0001,0.01,72417.19,70620.0,72417.8,70638.7,-35.690482200000076,0.07241780000000002,-17.971900000000023,-17.791000000000057,90.18901707054057,70.81758497033681,90.15618221258138,71.01514169563421
2024-11-01 08:00:00,0.0001,0.01,70620.0,69387.77,70638.7,69381.0,-24.82866129999993,0.07063870000000001,-12.32229999999996,-12.576999999999972,70.81758497033681,57.58657190046663,71.01514169563421,57.727586437206384
2024-11-04 00:00:00,0.0001,0.01,68397.42,68618.0,68395.6,68601.0,4.328195599999959,0.06839560000000001,2.2058000000000173,2.0539999999999417,19.03123177836946,23.936363471215714,19.15606058257258,23.696942035600216
2024-11-04 08:00:00,0.0001,0.01,68090.9,68646.01,68076.0,68614.7,11.006175999999977,0.06807600000000001,5.551100000000006,5.386999999999971,13.919075934659418,20.877288295736435,13.598826045553253,20.346224092749992
2024-11-04 16:00:00,0.0001,0.01,68775.99,67850.01,68762.5,67834.3,-18.473037500000075,0.06876250000000002,-9.259800000000105,-9.281999999999972,23.905023963231372,17.717634086346905,23.608942781356618,17.298554529758448
2024-11-05 00:00:00,0.0001,0.01,68618.0,68893.99,68601.0,68876.0,5.578501000000053,0.06860100000000001,2.7599000000000524,2.75,23.936363471215714,36.346132243983675,23.696942035600216,35.944950324525195
2024-11-05 08:00:00,0.0001,0.01,68646.01,69639.99,68614.7,69615.3,20.014414700000163,0.06861470000000001,9.939800000000105,10.006000000000059,20.877288295736435,45.162051464696034,20.346224092749992,44.72150839658167
2024-11-05 16:00:00,0.0001,0.01,67850.01,69372.01,67834.3,69353.1,30.47583430000003,0.06783430000000001,15.22,15.188000000000029,17.717634086346905,50.820854771077435,17.298554529758448,50.43895863172976
2024-11-06 08:00:00,0.0001,0.01,73370.89,74298.0,73435.9,74289.6,17.881535900000124,0.07343590000000001,9.271100000000006,8.537000000000116,70.17161817791397,72.45610015011285,70.40242319342275,72.4516461387159
2024-11-06 16:00:00,0.0001,0.01,74298.0,75571.99,74289.6,75579.9,25.717189599999934,0.07428960000000003,12.739900000000052,12.902999999999883,72.45610015011285,74.71694808740344,72.4516461387159,74.75191429454381
2024-11-07 00:00:00,0.0001,0.01,75571.99,74757.58,75579.9,74800.0,-15.867520099999979,0.0755799,-8.144100000000035,-7.798999999999942,74.71694808740344,72.27428662540446,74.75191429454381,72.50624479600339
2024-11-07 08:00:00,0.0001,0.01,74757.58,76059.69,74800.0,76081.6,25.911900000000067,0.07480000000000002,13.021100000000006,12.81600000000006,72.27428662540446,75.0835059986986,72.50624479600339,75.31249528806867
2024-11-07 16:00:00,0.0001,0.01,76059.69,75857.89,76081.6,75859.4,-4.163918400000146,0.07608160000000001,-2.018000000000029,-2.2220000000001163,75.0835059986986,79.72329593852355,75.31249528806867,79.81846365277974
2024-11-08 00:00:00,0.0001,0.01,75857.89,76148.49,75859.4,76171.0,6.097859400000116,0.07585940000000001,2.9060000000000583,3.1160000000000583,79.72329593852355,82.14305945053226,79.81846365277974,82.36084238131028
2024-11-08 08:00:00,0.0001,0.01,76148.49,76427.72,76171.0,76423.3,5.391470999999989,0.07617100000000002,2.792299999999959,2.523000000000029,82.14305945053226,81.54548655229294,82.36084238131028,81.72646854189446
2024-11-08 16:00:00,0.0001,0.01,76427.72,76509.78,76423.3,76482.2,1.4860232999999186,0.07642330000000001,0.8205999999999767,0.5889999999999418,81.54548655229294,82.740106337785,81.72646854189446,82.91898484620656
2024-11-09 00:00:00,0.0001,0.01,76509.78,76529.08,76482.2,76523.9,0.6864822,0.07648220000000001,0.19300000000002912,0.4169999999999709,82.740106337785,82.72762372908088,82.91898484620656,82.95884519860653
2024-11-09 08:00:00,0.0001,0.01,76529.08,76319.9,76523.9,76305.7,-4.197276100000046,0.0765239,-2.0918000000000756,-2.181999999999971,82.72762372908088,86.965015017505,82.95884519860653,87.0370046518135
2024-11-09 16:00:00,0.0001,0.01,76319.9,76677.46,76305.7,76675.1,7.345905700000209,0.0763057,3.5756000000001222,3.6940000000000874,86.965015017505,86.13425364965012,87.0370046518135,86.2273668955138
2024-11-10 00:00:00,0.0001,0.01,76677.46,78832.37,76675.1,78858.2,43.4567750999998,0.07667510000000002,21.54909999999989,21.830999999999914,86.13425364965012,87.73827665709821,86.2273668955138,87.85622424823269
2024-11-10 08:00:00,0.0001,0.01,78832.37,79694.03,78858.2,79735.1,17.464458200000124,0.0788582,8.616600000000036,8.769000000000087,87.73827665709821,90.40625391456837,87.85622424823269,90.48320933352048
2024-11-10 16:00:00,0.0001,0.01,79694.03,80370.01,79735.1,80410.0,13.588535099999902,0.07973510000000002,6.759799999999959,6.748999999999942,90.40625391456837,87.03277283357484,90.48320933352048,87.03835491306147
2024-11-11 00:00:00,0.00025603,0.0256,80370.01,81109.1,80410.0,81147.9,38.33798073088013,0.5270367308800001,18.920704000000285,18.890239999999853,87.03277283357484,86.76953275144993,87.03835491306147,86.8769424340513
2024-11-11 08:00:00,0.00014113,0.01411,81109.1,84059.54,81147.9,84114.2,83.64679480812184,0.16159340812196998,41.630708399999826,41.85449300000004,86.76953275144993,88.79728441178852,86.8769424340513,88.88099208193239
2024-11-11 16:00:00,0.00036877,0.03687,84059.54,88647.99,84114.2,88728.9,340.4638034175989,1.14366291759858,169.17615150000043,170.1439889999999,88.79728441178852,97.20656835030651,88.88099208193239,97.02627332086396
2024-11-12 00:00:00,0.0001,0.01,88647.99,88983.35,88728.9,89095.4,7.107328900000006,0.08872890000000001,3.353600000000006,3.665,97.20656835030651,97.0101021270775,97.02627332086396,96.83042332992667
2024-11-12 08:00:00,0.0001,0.01,88983.35,86632.0,89095.4,86659.9,-47.779404600000056,0.0890954,-23.513500000000057,-24.355,97.0101021270775,83.89114429100155,96.83042332992667,83.52547507744649
2024-11-12 16:00:00,0.00049133,0.04913,86632.0,87952.01,86659.9,87972.0,131.40745134380973,2.09188704380971,64.85209129999974,64.46347300000029,83.89114429100155,84.87093919021913,83.52547507744649,84.48890603446262
2024-11-13 00:00:00,0.0004373699999999,0.04373,87952.01,87356.0,87972.0,87402.9,-49.26769110452321,1.6825691954768154,-26.06351729999977,-24.886743000000255,84.87093919021913,81.69204749509316,84.48890603446262,81.50494685857262
2024-11-13 08:00:00,0.0003875399999999,0.03875,87356.0,92540.01,87402.9,92608.1,403.8944321448074,1.3125446448071612,200.88038749999978,201.70150000000044,81.69204749509316,85.8725497699311,81.50494685857262,85.72181733602109
2024-11-13 16:00:00,0.0001,0.01,92540.01,90375.2,92608.1,90413.3,-43.50349190000001,0.09260810000000003,-21.648099999999978,-21.94800000000003,85.8725497699311,78.27028823765292,85.72181733602109,78.08821982964335
2024-11-14 00:00:00,0.00013101,0.0131,90375.2,90769.42,90413.3,90818.9,10.632812108272201,0.15517010827230002,5.164282000000015,5.313359999999886,78.27028823765292,79.28102858652842,78.08821982964335,79.12893384714192
2024-11-14 08:00:00,0.00021856,0.02185,90769.42,87947.99,90818.9,88000.0,-122.80750157356934,0.4337089264304,-61.64824549999985,-61.59296499999988,79.28102858652842,70.76542511109074,79.12893384714192,70.6949545894779
2024-11-15 08:00:00,0.0001,0.01,87947.99,88445.41,88000.0,88485.4,9.916199999999925,0.08800000000000001,4.974199999999983,4.8539999999999415,70.76542511109074,66.03063436480147,70.6949545894779,65.92994721185482
2024-11-19 16:00:00,0.00021606,0.0216,92391.99,92310.79,92453.3,92335.9,-3.85829006404364,0.4314699359568,-1.7539200000002515,-2.5358400000001886,72.1981145798465,70.96444317931355,71.95293017456353,70.44033465433719
2024-11-20 00:00:00,0.00030216,0.03021,92310.79,92850.38,92335.9,92856.6,32.87422641158493,0.84286551158424,16.301013900000335,15.730347000000352,70.96444317931355,70.18267622734875,70.44033465433719,69.71815737716743
2024-11-21 08:00:00,0.0001,0.01,96912.01,96672.0,96950.0,96684.0,-4.963149999999947,0.09695000000000002,-2.4000999999999477,-2.66,75.33472081821965,73.79393510929819,74.903076538269,73.24365298630926
2024-11-21 16:00:00,0.0001,0.01,96672.0,98317.12,96684.0,98366.8,33.375883999999985,0.09668400000000002,16.451199999999954,16.828000000000028,73.79393510929819,76.97380668572745,73.24365298630926,76.53719471360812
2024-11-22 00:00:00,0.0001,0.01,98317.12,99173.7,98366.8,99252.6,17.522166800000047,0.09836680000000002,8.565800000000017,8.858000000000029,76.97380668572745,79.78810078713636,76.53719471360812,79.38481546434399
2024-11-22 08:00:00,0.0001,0.01,99173.7,98664.0,99252.6,98696.5,-10.55874740000003,0.09925260000000002,-5.096999999999971,-5.561000000000059,79.78810078713636,79.22848566219633,79.38481546434399,78.60571294778731
2024-11-22 16:00:00,0.0001,0.01,98664.0,98892.0,98696.5,98921.4,4.627696499999942,0.09869650000000002,2.2800000000000002,2.248999999999942,79.22848566219633,76.69860627177701,78.60571294778731,75.99693531321817
2024-11-23 00:00:00,0.0001,0.01,98892.0,98560.85,98921.4,98600.6,-6.420578599999826,0.0989214,-3.311499999999942,-3.207999999999884,76.69860627177701,73.72760025324263,75.99693531321817,73.08437830825885
2024-11-23 08:00:00,0.0001,0.01,98560.85,98400.0,98600.6,98426.0,-3.2558994000001165,0.09860060000000002,-1.6085000000000582,-1.7460000000000582,73.72760025324263,84.53835815802847,73.08437830825885,83.87607378760389
2024-11-23 16:00:00,0.0001,0.01,98400.0,97672.4,98426.0,97725.5,-14.18257400000006,0.09842600000000001,-7.276000000000058,-7.005,84.53835815802847,77.36104945376356,83.87607378760389,76.91861243805519
2024-11-24 00:00:00,0.0001,0.01,97672.4,98431.05,97725.5,98490.1,15.330225500000147,0.09772550000000002,7.586500000000087,7.6460000000000585,77.36104945376356,77.33373163511928,76.91861243805519,76.933647428347
2024-11-25 00:00:00,0.0001,0.01,98431.05,98047.34,98490.1,98112.9,-7.510609900000181,0.09849010000000002,-3.837100000000064,-3.7720000000001166,77.33373163511928,62.51664220637619,76.933647428347,62.6720428896447
2024-11-27 16:00:00,0.00017936,0.01793,91965.16,95863.11,92021.4,95905.2,139.82271140239072,0.29593390239072,69.89024349999995,69.63653400000005,26.0113544848885,42.44499831970427,25.927134239716622,42.42924713786555
2024-12-01 16:00:00,0.0001590099999999,0.0159,97028.02,97185.18,97081.4,97265.1,5.665120923282455,0.24544692328244563,2.498843999999824,2.9208300000001852,75.22445050729307,70.95615119183066,75.43633877583858,71.25714689066149
2024-12-02 16:00:00,0.00019581,0.01958,97185.18,95840.62,97265.1,95890.5,-52.86824231665709,0.37291048334298,-26.326484799999953,-26.914668000000113,70.95615119183066,52.94898800256431,71.25714689066149,52.82222536467566
2024-12-06 00:00:00,0.00023233,0.02323,102236.1,98138.54,102292.1,98209.6,-189.4707206869349,0.55207311306539,-95.1863188000003,-94.83647500000001,71.29963555068578,52.96141193738185,71.24122349934206,52.99957460384987
2024-12-15 08:00:00,0.0001,0.01,101732.09,102704.01,101671.9,102668.5,19.78687190000004,0.10167190000000001,9.719199999999983,9.966000000000058,74.82809651123813,74.90546859780525,74.55115370728981,74.72145017075692
2024-12-15 16:00:00,0.0001,0.01,102704.01,104463.99,102668.5,104460.4,35.62146850000005,0.10266850000000002,17.599800000000105,17.918999999999944,74.90546859780525,76.82886536176159,74.72145017075692,76.72547709995268
2024-12-16 08:00:00,0.0001,0.01,104992.79,106332.01,104949.9,106281.2,26.81014990000004,0.10494990000000001,13.392200000000011,13.313000000000029,71.46326429408957,72.90928433592241,71.28333333333329,72.71983604106006
2024-12-16 16:00:00,0.0001,0.01,106332.01,106058.66,106281.2,106023.2,-5.207218799999913,0.10628120000000002,-2.7334999999999128,-2.58,72.90928433592241,75.23742934326124,72.71983604106006,75.20513053761478
2024-12-17 00:00:00,0.0001,0.01,106058.66,106805.75,106023.2,106784.0,15.184923199999993,0.10602320000000001,7.470899999999965,7.608000000000029,75.23742934326124,73.9355748856174,75.20513053761478,73.94242994942778
2024-12-18 00:00:00,0.0001,0.01,106133.74,104250.75,106074.6,104200.1,-37.46882540000006,0.10607460000000002,-18.829900000000052,-18.745,82.5718793334304,70.18757107585208,82.26234961228594,70.10648970538159
2024-12-19 00:00:00,0.0001,0.01,104250.75,101656.57,104200.1,101615.2,-51.68659990000002,0.10420010000000002,-25.94179999999993,-25.84900000000009,70.18757107585208,50.108094545779544,70.10648970538159,50.04565144265425
2024-12-21 08:00:00,0.0001,0.01,96991.62,97527.97,96961.3,97486.5,10.71246130000003,0.09696130000000001,5.363500000000058,5.251999999999971,27.633835649158314,26.46533511148681,27.552846939936217,26.487454209931997
2024-12-21 16:00:00,0.0001,0.01,97805.44,97291.99,97764.4,97261.8,-10.062735599999883,0.09776440000000002,-5.134499999999971,-5.025999999999913,28.847857371988283,22.99154694150087,28.88790950492141,22.97501333908525
2024-12-22 00:00:00,0.0001,0.01,99040.0,96210.24,98988.1,96192.1,-56.158611899999954,0.09898810000000002,-28.29759999999995,-27.96,28.406827602503782,22.04711376852984,28.435413574296746,22.078219603992835
2024-12-22 08:00:00,0.0001,0.01,97527.97,95377.72,97486.5,95341.0,-42.86001350000001,0.09748650000000002,-21.5025,-21.455000000000002,26.46533511148681,21.47673645253576,26.487454209931997,21.496855880353507
2024-12-23 00:00:00,0.0001,0.01,96210.24,95404.01,96192.1,95360.5,-16.282107900000163,0.09619210000000002,-8.062300000000105,-8.316000000000058,22.04711376852984,23.770826757533342,22.078219603992835,23.665893271461726
2024-12-23 08:00:00,0.0001,0.01,95377.72,93250.37,95341.0,93217.6,-42.412159,0.09534100000000001,-21.27350000000006,-21.23399999999994,21.47673645253576,27.023910380020567,21.496855880353507,26.91560529613399
2024-12-23 16:00:00,0.0001,0.01,95186.27,94881.47,95153.5,94861.1,-5.876846499999971,0.09515350000000002,-3.0480000000000294,-2.9239999999999418,23.593392405181334,27.874883742802496,23.6124561014596,27.91637512179497
2024-12-24 08:00:00,0.0001,0.01,93250.37,98300.0,93217.6,98243.5,100.8485176,0.09321760000000003,50.49630000000005,50.25899999999994,27.023910380020567,52.64710452610847,26.91560529613399,52.55786897995057
2024-12-24 16:00:00,0.0001,0.01,94881.47,98663.58,94861.1,98627.2,75.57696109999992,0.09486110000000002,37.82110000000001,37.660999999999916,27.874883742802496,52.62588811925049,27.91637512179497,52.53385965245222
2024-12-30 16:00:00,0.0001,0.01,93738.2,92792.05,93700.0,92759.3,-18.774799999999914,0.09370000000000002,-9.461499999999942,-9.406999999999972,25.957973626475777,20.14657917310832,25.86208810113102,20.299287468395875
2024-12-31 00:00:00,0.0001,0.01,93731.65,92860.75,93688.9,92819.6,-17.308311099999827,0.0936889,-8.708999999999943,-8.692999999999884,22.1916229843511,26.056748154669137,21.994497295280738,26.13788436959642
2025-01-01 00:00:00,0.0001,0.01,92860.75,93684.1,92819.6,93660.7,16.73731959999997,0.09281960000000002,8.233500000000058,8.410999999999913,26.056748154669137,45.40059991500689,26.13788436959642,45.476900915732095
2025-01-05 08:00:00,0.0001,0.01,98220.5,98028.98,98173.2,97986.6,-3.6830267999999533,0.09817320000000002,-1.9152000000000409,-1.8659999999999126,73.06020629521367,79.59962882310865,72.95554335894623,79.42264596289776
2025-01-05 16:00:00,0.0001,0.01,98028.98,98363.61,97986.6,98340.2,6.980286599999959,0.09798660000000002,3.3463000000000465,3.5359999999999125,79.59962882310865,80.19603667783,79.42264596289776,80.06192905140634
2025-01-06 00:00:00,0.0001,0.01,98363.61,99318.7,98340.2,99280.0,19.047240199999997,0.09834020000000002,9.550899999999965,9.39800000000003,80.19603667783,80.7095087242922,80.06192905140634,80.53852038576832
2025-01-06 16:00:00,0.0001,0.01,102147.95,102235.6,102104.5,102180.4,1.737604500000029,0.10210450000000001,0.8765000000000873,0.7589999999999418,85.55773067801074,83.81758666362953,85.39784703402599,83.6112665941471
2025-01-07 00:00:00,0.0001,0.01,102235.6,101664.81,102180.4,101649.3,-10.916719599999993,0.1021804,-5.707900000000081,-5.310999999999913,83.81758666362953,77.65163336666511,83.6112665941471,77.80985660409533
2025-01-08 00:00:00,0.0001,0.01,101664.81,95657.09,101649.3,95628.4,-120.1845507000001,0.10164930000000003,-60.07720000000001,-60.20900000000009,77.65163336666511,42.82989057108262,77.80985660409533,42.864741934240406
