timestamp,position,initial_price,final_price,funding_rate,profit,capital_after_trade
2024-02-12 16:00:00,NO TRADE,49943.6,50019.9,0.0001,0.0,100000
2024-02-13 00:00:00,NO TRADE,50019.9,48753.1,0.0001,0.0,100000
2024-02-13 08:00:00,NO TRADE,48753.1,49696.4,0.0001,0.0,100000
2024-02-13 16:00:00,NO TRADE,49696.4,49845.0,0.0001,0.0,100000
2024-02-14 00:00:00,NO TRADE,49845.0,51616.4,0.0001,0.0,100000
2024-02-14 08:00:00,NO TRADE,51616.4,51823.2,0.0001,0.0,100000
2024-02-14 16:00:00,NO TRADE,51823.2,51802.4,0.0001,0.0,100000
2024-02-15 00:00:00,NO TRADE,51802.4,51968.7,0.00012282,0.0,100000
2024-02-15 08:00:00,NO TRADE,51968.7,51898.5,0.0001,0.0,100000
2024-02-15 16:00:00,NO TRADE,51898.5,51786.4,0.0001,0.0,100000
2024-02-16 00:00:00,NO TRADE,51786.4,51909.3,0.0001,0.0,100000
2024-02-16 08:00:00,NO TRADE,51909.3,52148.6,0.0001,0.0,100000
2024-02-16 16:00:00,NO TRADE,52148.6,51933.9,0.0001,0.0,100000
2024-02-17 00:00:00,NO TRADE,51933.9,51013.4,0.0001,0.0,100000
2024-02-17 08:00:00,NO TRADE,51013.4,51679.4,0.0001,0.0,100000
2024-02-17 16:00:00,NO TRADE,51679.4,51703.7,0.0001,0.0,100000
2024-02-18 00:00:00,NO TRADE,51703.7,51808.9,0.00016041,0.0,100000
2024-02-18 08:00:00,NO TRADE,51808.9,52175.9,0.0001724,0.0,100000
2024-02-18 16:00:00,NO TRADE,52175.9,52423.9,0.0001530499999999,0.0,100000
2024-02-19 00:00:00,NO TRADE,52423.9,52157.5,0.0001709499999999,0.0,100000
2024-02-19 08:00:00,NO TRADE,52157.5,51813.8,0.00023064,0.0,100000
2024-02-19 16:00:00,NO TRADE,51813.8,51869.2,0.00019594,0.0,100000
2024-02-20 00:00:00,NO TRADE,51869.2,51712.7,0.00013327,0.0,100000
2024-02-20 08:00:00,NO TRADE,51712.7,52297.4,0.00010461,0.0,100000
2024-02-20 16:00:00,NO TRADE,52297.4,51599.9,0.00010912,0.0,100000
2024-02-21 00:00:00,NO TRADE,51599.9,51183.7,0.00020259,0.0,100000
2024-02-21 08:00:00,NO TRADE,51183.7,51877.8,0.0001,0.0,100000
2024-02-21 16:00:00,NO TRADE,51877.8,51860.6,0.00011242,0.0,100000
2024-02-22 00:00:00,NO TRADE,51860.6,51630.0,0.0001,0.0,100000
2024-02-22 08:00:00,NO TRADE,51630.0,51316.9,0.0001,0.0,100000
2024-02-22 16:00:00,NO TRADE,51316.9,50952.3,0.00013479,0.0,100000
2024-02-23 00:00:00,NO TRADE,50952.3,50938.1,0.00012557,0.0,100000
2024-02-23 08:00:00,NO TRADE,50938.1,50771.9,0.0001,0.0,100000
2024-02-23 16:00:00,NO TRADE,50771.9,51099.8,0.0001,0.0,100000
2024-02-24 00:00:00,NO TRADE,51099.8,51124.6,0.00012991,0.0,100000
2024-02-24 08:00:00,NO TRADE,51124.6,51602.1,0.0001,0.0,100000
2024-02-24 16:00:00,NO TRADE,51602.1,51756.8,0.0001,0.0,100000
2024-02-25 00:00:00,NO TRADE,51756.8,51547.8,0.0001,0.0,100000
2024-02-25 08:00:00,NO TRADE,51547.8,51764.9,0.00011438,0.0,100000
2024-02-25 16:00:00,NO TRADE,51764.9,51327.5,0.00015012,0.0,100000
2024-02-26 00:00:00,NO TRADE,51327.5,52872.3,0.00015061,0.0,100000
2024-02-26 08:00:00,NO TRADE,52872.3,54511.6,0.00026761,0.0,100000
2024-02-26 16:00:00,NO TRADE,54511.6,56100.0,0.00021567,0.0,100000
2024-02-27 00:00:00,NO TRADE,56100.0,56775.0,0.00027227,0.0,100000
2024-02-27 08:00:00,NO TRADE,56775.0,57074.5,0.0003226199999999,0.0,100000
2024-02-27 16:00:00,LONG,57074.5,58300.0,0.00073521,51.07359679016023,99950
2024-02-28 00:00:00,NO TRADE,58300.0,61000.0,0.00022965,0.0,99950
2024-02-28 08:00:00,NO TRADE,61000.0,62487.9,0.00026729,0.0,99950
2024-02-28 16:00:00,NO TRADE,62487.9,62761.5,0.00023682,0.0,99950
2024-02-29 00:00:00,LONG,62761.5,62809.1,0.00053538,100.07584267425094,99900
2024-02-29 08:00:00,LONG,62809.1,61203.3,0.00069091,146.1650461477716,99850
2024-02-29 16:00:00,LONG,61203.3,61485.8,0.00076337,200.92315283653005,99800
2024-03-01 00:00:00,LONG,61485.8,61335.3,0.00057031,249.38807009098036,99750
2024-03-01 08:00:00,LONG,61335.3,62430.6,0.00053322,305.35727387002265,99700
2024-03-01 16:00:00,LONG,62430.6,62071.9,0.00064824,347.9890470378308,99650
2024-03-02 00:00:00,NO TRADE,62071.9,61834.5,0.0004601,0.0,99650
2024-03-02 08:00:00,NO TRADE,61834.5,62039.9,0.0003342599999999,0.0,99650
2024-03-02 16:00:00,LONG,62039.9,61641.0,0.00057174,397.4281067506556,99600
2024-03-03 00:00:00,LONG,61641.0,62210.7,0.00056395,454.15900131406045,99550
2024-03-03 08:00:00,NO TRADE,62210.7,63178.5,0.00046266,0.0,99550
2024-03-03 16:00:00,NO TRADE,63178.5,64120.6,0.00042989,0.0,99550
2024-03-04 00:00:00,NO TRADE,64120.6,66505.4,0.00044598,0.0,99550
2024-03-04 08:00:00,LONG,66505.4,68296.4,0.00055071,513.4650720091902,99500
2024-03-04 16:00:00,NO TRADE,68296.4,66223.8,0.00046833,0.0,99500
2024-03-05 00:00:00,LONG,66223.8,66841.3,0.0006362,555.1284432484998,99450
2024-03-05 08:00:00,NO TRADE,66841.3,63747.4,0.0004896,0.0,99450
2024-03-05 16:00:00,LONG,63747.4,66759.4,0.00082969,628.3493915045947,99400
2024-03-06 00:00:00,LONG,66759.4,66541.3,0.00088148,647.8764788179643,99350
2024-03-06 08:00:00,NO TRADE,66541.3,66128.1,0.0003628,0.0,99350
2024-03-06 16:00:00,NO TRADE,66128.1,66447.8,0.00033876,0.0,99350
2024-03-07 00:00:00,NO TRADE,66447.8,67317.1,0.00049354,0.0,99350
2024-03-07 08:00:00,NO TRADE,67317.1,66870.0,0.0003031,0.0,99350
2024-03-07 16:00:00,NO TRADE,66870.0,67308.5,0.00040984,0.0,99350
2024-03-08 00:00:00,LONG,67308.5,67685.8,0.00054217,703.9238729135251,99300
2024-03-08 08:00:00,NO TRADE,67685.8,68180.2,0.00034819,0.0,99300
2024-03-08 16:00:00,NO TRADE,68180.2,68336.3,0.00043497,0.0,99300
2024-03-09 00:00:00,LONG,68336.3,68341.6,0.00062913,750.058168206356,99250
2024-03-09 08:00:00,NO TRADE,68341.6,68360.1,0.00019134,0.0,99250
2024-03-09 16:00:00,NO TRADE,68360.1,69430.0,0.00031281,0.0,99250
2024-03-10 00:00:00,NO TRADE,69430.0,69254.7,0.00026407,0.0,99250
2024-03-10 08:00:00,NO TRADE,69254.7,69001.8,0.0003101,0.0,99250
2024-03-10 16:00:00,LONG,69001.8,71223.8,0.0006345099999999,825.7616467976197,99200
2024-03-11 00:00:00,LONG,71223.8,72061.4,0.00054479,859.9960968103358,99150
2024-03-11 08:00:00,NO TRADE,72061.4,72153.8,0.00035489,0.0,99150
2024-03-11 16:00:00,LONG,72153.8,72175.5,0.0007842799999999,900.2706718149286,99100
2024-03-12 00:00:00,LONG,72175.5,71779.2,0.00066396,944.7837562607809,99050
2024-03-12 08:00:00,NO TRADE,71779.2,71503.2,0.0004447,0.0,99050
2024-03-12 16:00:00,NO TRADE,71503.2,72964.0,0.000453,0.0,99050
2024-03-13 00:00:00,NO TRADE,72964.0,72670.2,0.0004793499999999,0.0,99050
2024-03-13 08:00:00,NO TRADE,72670.2,73127.6,0.00033224,0.0,99050
2024-03-13 16:00:00,LONG,73127.6,73280.7,0.0006442,1002.0936007745364,99000
2024-03-14 00:00:00,NO TRADE,73280.7,70904.5,0.0004540199999999,0.0,99000
2024-03-14 08:00:00,NO TRADE,70904.5,71455.5,0.00024393,0.0,99000
2024-03-14 16:00:00,NO TRADE,71455.5,68487.4,0.00038753,0.0,99000
2024-03-15 00:00:00,NO TRADE,68487.4,68199.2,0.00038258,0.0,99000
2024-03-15 08:00:00,NO TRADE,68199.2,69552.2,0.00038515,0.0,99000
2024-03-15 16:00:00,NO TRADE,69552.2,69490.2,0.00014328,0.0,99000
2024-03-16 00:00:00,NO TRADE,69490.2,68431.8,0.00015306,0.0,99000
2024-03-16 08:00:00,NO TRADE,68431.8,65351.0,0.0001,0.0,99000
2024-03-16 16:00:00,NO TRADE,65351.0,65681.2,0.00023202,0.0,99000
2024-03-17 00:00:00,NO TRADE,65681.2,68009.8,0.00020813,0.0,99000
2024-03-17 08:00:00,NO TRADE,68009.8,68447.9,0.00013088,0.0,99000
2024-03-17 16:00:00,NO TRADE,68447.9,68262.9,0.00017773,0.0,99000
2024-03-18 00:00:00,NO TRADE,68262.9,67509.2,0.00024827,0.0,99000
2024-03-18 08:00:00,NO TRADE,67509.2,67660.0,0.00020181,0.0,99000
2024-03-18 16:00:00,NO TRADE,67660.0,64742.1,0.0003059699999999,0.0,99000
2024-03-19 00:00:00,NO TRADE,64742.1,64084.0,0.00027195,0.0,99000
2024-03-19 08:00:00,NO TRADE,64084.0,61974.1,0.0002692299999999,0.0,99000
2024-03-19 16:00:00,NO TRADE,61974.1,62995.1,0.00029065,0.0,99000
2024-03-20 00:00:00,NO TRADE,62995.1,63649.0,0.00024017,0.0,99000
2024-03-20 08:00:00,NO TRADE,63649.0,67876.4,0.00015847,0.0,99000
2024-03-20 16:00:00,NO TRADE,67876.4,67031.8,0.00018388,0.0,99000
2024-03-21 00:00:00,NO TRADE,67031.8,66601.6,0.0001,0.0,99000
2024-03-21 08:00:00,NO TRADE,66601.6,65539.9,0.00010403,0.0,99000
2024-03-21 16:00:00,NO TRADE,65539.9,66223.4,0.00019304,0.0,99000
2024-03-22 00:00:00,NO TRADE,66223.4,63920.0,0.0001951,0.0,99000
2024-03-22 08:00:00,NO TRADE,63920.0,63826.0,0.00016271,0.0,99000
2024-03-22 16:00:00,NO TRADE,63826.0,64606.5,0.0001,0.0,99000
2024-03-23 00:00:00,NO TRADE,64606.5,65147.5,0.00011993,0.0,99000
2024-03-23 08:00:00,NO TRADE,65147.5,64020.3,0.0001,0.0,99000
2024-03-23 16:00:00,NO TRADE,64020.3,64624.6,0.0001,0.0,99000
2024-03-24 00:00:00,NO TRADE,64624.6,65718.6,0.0001080599999999,0.0,99000
2024-03-24 08:00:00,NO TRADE,65718.6,67260.9,0.00010351,0.0,99000
2024-03-24 16:00:00,NO TRADE,67260.9,66866.6,0.00014616,0.0,99000
2024-03-25 00:00:00,NO TRADE,66866.6,69844.6,0.00015884,0.0,99000
2024-03-25 08:00:00,NO TRADE,69844.6,69920.5,0.00025549,0.0,99000
2024-03-25 16:00:00,NO TRADE,69920.5,70535.0,0.00016323,0.0,99000
2024-03-26 00:00:00,NO TRADE,70535.0,70307.1,0.00028814,0.0,99000
2024-03-26 08:00:00,NO TRADE,70307.1,70044.1,0.00021963,0.0,99000
2024-03-26 16:00:00,NO TRADE,70044.1,69798.8,0.00018348,0.0,99000
2024-03-27 00:00:00,NO TRADE,69798.8,68922.0,0.00026763,0.0,99000
2024-03-27 08:00:00,NO TRADE,68922.0,69532.6,0.00028757,0.0,99000
2024-03-27 16:00:00,NO TRADE,69532.6,70456.8,0.00029551,0.0,99000
2024-03-28 00:00:00,NO TRADE,70456.8,71335.1,0.0004363,0.0,99000
2024-03-28 08:00:00,NO TRADE,71335.1,70838.7,0.00024195,0.0,99000
2024-03-28 16:00:00,NO TRADE,70838.7,69855.6,0.00029899,0.0,99000
2024-03-29 00:00:00,NO TRADE,69855.6,69240.1,0.0002943,0.0,99000
2024-03-29 08:00:00,NO TRADE,69240.1,69903.6,0.0001825,0.0,99000
2024-03-29 16:00:00,NO TRADE,69903.6,69900.1,0.00025455,0.0,99000
2024-03-30 00:00:00,NO TRADE,69900.1,70064.9,0.0003017,0.0,99000
2024-03-30 08:00:00,NO TRADE,70064.9,69642.1,0.0001962399999999,0.0,99000
2024-03-30 16:00:00,NO TRADE,69642.1,70366.5,0.0003226699999999,0.0,99000
2024-03-31 00:00:00,NO TRADE,70366.5,70446.2,0.0003436,0.0,99000
2024-03-31 08:00:00,NO TRADE,70446.2,71363.0,0.00032351,0.0,99000
2024-03-31 16:00:00,NO TRADE,71363.0,69637.0,0.00039889,0.0,99000
2024-04-01 00:00:00,NO TRADE,69637.0,68281.0,0.00040301,0.0,99000
2024-04-01 08:00:00,LONG,68281.0,69700.0,0.00070161,1071.820857925338,98950
2024-04-01 16:00:00,NO TRADE,69700.0,66503.3,0.00033491,0.0,98950
2024-04-02 00:00:00,NO TRADE,66503.3,64928.3,0.00027469,0.0,98950
2024-04-02 08:00:00,NO TRADE,64928.3,65505.3,0.00010926,0.0,98950
2024-04-02 16:00:00,NO TRADE,65505.3,66181.1,0.0001,0.0,98950
2024-04-03 00:00:00,NO TRADE,66181.1,65873.9,0.0001645599999999,0.0,98950
2024-04-03 08:00:00,NO TRADE,65873.9,65971.9,0.0001,0.0,98950
2024-04-03 16:00:00,NO TRADE,65971.9,66104.8,0.0001,0.0,98950
2024-04-04 00:00:00,NO TRADE,66104.8,67631.8,0.0001,0.0,98950
2024-04-04 08:00:00,NO TRADE,67631.8,68489.9,0.0001,0.0,98950
2024-04-04 16:00:00,NO TRADE,68489.9,66937.4,0.0001,0.0,98950
2024-04-05 00:00:00,NO TRADE,66937.4,68201.5,0.0001,0.0,98950
2024-04-05 08:00:00,NO TRADE,68201.5,67825.7,0.0001,0.0,98950
2024-04-05 16:00:00,NO TRADE,67825.7,67985.1,0.0001,0.0,98950
2024-04-06 00:00:00,NO TRADE,67985.1,68094.0,0.0001,0.0,98950
2024-04-06 08:00:00,NO TRADE,68094.0,68901.6,0.0001,0.0,98950
2024-04-06 16:00:00,NO TRADE,68901.6,69367.4,0.0001,0.0,98950
2024-04-07 00:00:00,NO TRADE,69367.4,69567.9,0.0001,0.0,98950
2024-04-07 08:00:00,NO TRADE,69567.9,69362.7,0.0001,0.0,98950
2024-04-07 16:00:00,NO TRADE,69362.7,70745.4,0.0001,0.0,98950
2024-04-08 00:00:00,NO TRADE,70745.4,71815.7,0.0001,0.0,98950
2024-04-08 08:00:00,NO TRADE,71815.7,71678.4,0.0001,0.0,98950
2024-04-08 16:00:00,NO TRADE,71678.4,70444.0,0.0001,0.0,98950
2024-04-09 00:00:00,NO TRADE,70444.0,69322.8,0.00035189,0.0,98950
2024-04-09 08:00:00,NO TRADE,69322.8,69189.3,0.00020915,0.0,98950
2024-04-09 16:00:00,NO TRADE,69189.3,69381.6,0.00020603,0.0,98950
2024-04-10 00:00:00,NO TRADE,69381.6,68687.9,0.0001906,0.0,98950
2024-04-10 08:00:00,NO TRADE,68687.9,70681.7,0.00011929,0.0,98950
2024-04-10 16:00:00,NO TRADE,70681.7,70789.1,0.0001245699999999,0.0,98950
2024-04-11 00:00:00,NO TRADE,70789.1,70045.9,0.0001,0.0,98950
2024-04-11 08:00:00,NO TRADE,70045.9,70055.7,0.00013978,0.0,98950
2024-04-11 16:00:00,NO TRADE,70055.7,70825.9,0.00020153,0.0,98950
2024-04-12 00:00:00,NO TRADE,70825.9,69374.1,0.00019763,0.0,98950
2024-04-12 08:00:00,NO TRADE,69374.1,67136.4,0.00011257,0.0,98950
2024-04-12 16:00:00,NO TRADE,67136.4,67466.1,0.0002563,0.0,98950
2024-04-13 00:00:00,NO TRADE,67466.1,67683.2,0.00012214,0.0,98950
2024-04-13 08:00:00,NO TRADE,67683.2,63939.7,0.0001,0.0,98950
2024-04-13 16:00:00,NO TRADE,63939.7,64449.9,0.0001,0.0,98950
2024-04-14 00:00:00,NO TRADE,64449.9,64163.3,0.0001,0.0,98950
2024-04-14 08:00:00,NO TRADE,64163.3,65615.9,0.0001,0.0,98950
2024-04-14 16:00:00,NO TRADE,65615.9,66224.8,0.0001,0.0,98950
2024-04-15 00:00:00,NO TRADE,66224.8,64552.8,0.0001,0.0,98950
2024-04-15 08:00:00,NO TRADE,64552.8,63392.7,0.0001,0.0,98950
2024-04-15 16:00:00,NO TRADE,63392.7,63487.9,1.759e-05,0.0,98950
2024-04-16 00:00:00,NO TRADE,63487.9,61749.2,0.0001,0.0,98950
2024-04-16 08:00:00,NO TRADE,61749.2,63765.0,5.953e-05,0.0,98950
2024-04-16 16:00:00,NO TRADE,63765.0,63260.8,9.525e-05,0.0,98950
2024-04-17 00:00:00,NO TRADE,63260.8,60272.0,3.512e-05,0.0,98950
2024-04-17 08:00:00,NO TRADE,60272.0,61254.5,6.374999999999999e-05,0.0,98950
2024-04-17 16:00:00,NO TRADE,61254.5,61154.7,3.574e-05,0.0,98950
2024-04-18 00:00:00,NO TRADE,61154.7,63474.0,6.534e-05,0.0,98950
2024-04-18 08:00:00,NO TRADE,63474.0,63445.0,6.937e-05,0.0,98950
2024-04-18 16:00:00,NO TRADE,63445.0,64519.6,5.982000000000001e-05,0.0,98950
2024-04-19 00:00:00,NO TRADE,64519.6,64417.7,-3.334e-05,0.0,98950
2024-04-19 08:00:00,NO TRADE,64417.7,63787.4,-3.12e-05,0.0,98950
2024-04-19 16:00:00,NO TRADE,63787.4,63937.9,6.64e-05,0.0,98950
2024-04-20 00:00:00,NO TRADE,63937.9,64771.0,5.88e-05,0.0,98950
2024-04-20 08:00:00,NO TRADE,64771.0,64897.2,0.0001,0.0,98950
2024-04-20 16:00:00,NO TRADE,64897.2,65109.8,-7.66e-06,0.0,98950
2024-04-21 00:00:00,NO TRADE,65109.8,65015.0,4.203e-05,0.0,98950
2024-04-21 08:00:00,NO TRADE,65015.0,64912.6,3.186e-05,0.0,98950
2024-04-21 16:00:00,NO TRADE,64912.6,65943.7,-2.093e-05,0.0,98950
2024-04-22 00:00:00,NO TRADE,65943.7,65966.8,8.271e-05,0.0,98950
2024-04-22 08:00:00,NO TRADE,65966.8,66778.0,4.409e-05,0.0,98950
2024-04-22 16:00:00,NO TRADE,66778.0,66079.9,2.497e-05,0.0,98950
2024-04-23 00:00:00,NO TRADE,66079.9,66393.2,8.98e-06,0.0,98950
2024-04-23 08:00:00,NO TRADE,66393.2,66386.3,-1.236e-05,0.0,98950
2024-04-23 16:00:00,NO TRADE,66386.3,66588.9,5.24e-05,0.0,98950
2024-04-24 00:00:00,NO TRADE,66588.9,64594.0,-1.083e-05,0.0,98950
2024-04-24 08:00:00,NO TRADE,64594.0,64250.0,1.413e-05,0.0,98950
2024-04-24 16:00:00,NO TRADE,64250.0,63996.1,5.301e-05,0.0,98950
2024-04-25 00:00:00,NO TRADE,63996.1,64091.7,7.046e-05,0.0,98950
2024-04-25 08:00:00,NO TRADE,64091.7,64478.8,7.02e-05,0.0,98950
2024-04-25 16:00:00,NO TRADE,64478.8,64236.6,4.069e-05,0.0,98950
2024-04-26 00:00:00,NO TRADE,64236.6,63481.3,1.14e-05,0.0,98950
2024-04-26 08:00:00,NO TRADE,63481.3,63748.8,1.709e-05,0.0,98950
2024-04-26 16:00:00,NO TRADE,63748.8,62944.3,6.85e-06,0.0,98950
2024-04-27 00:00:00,NO TRADE,62944.3,62928.4,5.562e-05,0.0,98950
2024-04-27 08:00:00,NO TRADE,62928.4,63421.0,0.0001,0.0,98950
2024-04-27 16:00:00,NO TRADE,63421.0,63883.1,7.47e-05,0.0,98950
2024-04-28 00:00:00,NO TRADE,63883.1,63508.6,2.8340000000000003e-05,0.0,98950
2024-04-28 08:00:00,NO TRADE,63508.6,63088.3,1.006e-05,0.0,98950
2024-04-28 16:00:00,NO TRADE,63088.3,62362.0,-2.081e-05,0.0,98950
2024-04-29 00:00:00,NO TRADE,62362.0,63012.2,2.782e-05,0.0,98950
2024-04-29 08:00:00,NO TRADE,63012.2,63842.4,2.472e-05,0.0,98950
2024-04-29 16:00:00,NO TRADE,63842.4,63123.8,5.543e-05,0.0,98950
2024-04-30 00:00:00,NO TRADE,63123.8,60764.9,6.828e-05,0.0,98950
2024-04-30 08:00:00,NO TRADE,60764.9,60651.2,9.74e-05,0.0,98950
2024-04-30 16:00:00,NO TRADE,60651.2,57482.0,9.153e-05,0.0,98950
2024-05-01 00:00:00,NO TRADE,57482.0,56865.2,0.0001,0.0,98950
2024-05-01 08:00:00,NO TRADE,56865.2,58307.6,0.0001,0.0,98950
2024-05-01 16:00:00,NO TRADE,58307.6,57645.0,8.946000000000001e-05,0.0,98950
2024-05-02 00:00:00,NO TRADE,57645.0,59230.7,9.902e-05,0.0,98950
2024-05-02 08:00:00,NO TRADE,59230.7,59036.7,6.634e-05,0.0,98950
2024-05-02 16:00:00,NO TRADE,59036.7,59158.1,6.169e-05,0.0,98950
2024-05-03 00:00:00,NO TRADE,59158.1,61662.1,-1.23e-06,0.0,98950
2024-05-03 08:00:00,NO TRADE,61662.1,62853.7,-1.549e-05,0.0,98950
2024-05-03 16:00:00,NO TRADE,62853.7,62931.3,-3.764e-05,0.0,98950
2024-05-04 00:00:00,NO TRADE,62931.3,63590.0,8.091e-05,0.0,98950
2024-05-04 08:00:00,NO TRADE,63590.0,63864.2,2.703e-05,0.0,98950
2024-05-04 16:00:00,NO TRADE,63864.2,63697.1,7.455e-05,0.0,98950
2024-05-05 00:00:00,NO TRADE,63697.1,64398.0,6.264999999999999e-05,0.0,98950
2024-05-05 08:00:00,NO TRADE,64398.0,63988.0,6.905999999999999e-05,0.0,98950
2024-05-05 16:00:00,NO TRADE,63988.0,64509.6,6.47e-06,0.0,98950
2024-05-06 00:00:00,NO TRADE,64509.6,63599.8,3.893e-05,0.0,98950
2024-05-06 08:00:00,NO TRADE,63599.8,63142.8,6.02e-06,0.0,98950
2024-05-06 16:00:00,NO TRADE,63142.8,63648.9,-1.031e-05,0.0,98950
2024-05-07 00:00:00,NO TRADE,63648.9,63710.0,7.745e-05,0.0,98950
2024-05-07 08:00:00,NO TRADE,63710.0,62296.0,6.064e-05,0.0,98950
2024-05-07 16:00:00,NO TRADE,62296.0,62186.7,1.581e-05,0.0,98950
2024-05-08 00:00:00,NO TRADE,62186.7,62251.8,9.028e-05,0.0,98950
2024-05-08 08:00:00,NO TRADE,62251.8,61157.9,4.89e-05,0.0,98950
2024-05-08 16:00:00,NO TRADE,61157.9,61222.5,5.553e-05,0.0,98950
2024-05-09 00:00:00,NO TRADE,61222.5,62122.5,9.292e-05,0.0,98950
2024-05-09 08:00:00,NO TRADE,62122.5,63050.1,5.648e-05,0.0,98950
2024-05-09 16:00:00,NO TRADE,63050.1,63053.9,3.315e-05,0.0,98950
2024-05-10 00:00:00,NO TRADE,63053.9,60893.8,7.253e-05,0.0,98950
2024-05-10 08:00:00,NO TRADE,60893.8,60778.1,1.026e-05,0.0,98950
2024-05-10 16:00:00,NO TRADE,60778.1,60988.9,5.934e-05,0.0,98950
2024-05-11 00:00:00,NO TRADE,60988.9,61146.1,7.653e-05,0.0,98950
2024-05-11 08:00:00,NO TRADE,61146.1,60809.2,8.881e-05,0.0,98950
2024-05-11 16:00:00,NO TRADE,60809.2,60803.8,3.771e-05,0.0,98950
2024-05-12 00:00:00,NO TRADE,60803.8,61395.9,5.067e-05,0.0,98950
2024-05-12 08:00:00,NO TRADE,61395.9,61455.8,2.604e-05,0.0,98950
2024-05-12 16:00:00,NO TRADE,61455.8,62296.6,2.83e-05,0.0,98950
2024-05-13 00:00:00,NO TRADE,62296.6,62980.5,0.0001,0.0,98950
2024-05-13 08:00:00,NO TRADE,62980.5,62912.1,0.0001,0.0,98950
2024-05-13 16:00:00,NO TRADE,62912.1,62002.1,8.469e-05,0.0,98950
2024-05-14 00:00:00,NO TRADE,62002.1,61749.9,9.151e-05,0.0,98950
2024-05-14 08:00:00,NO TRADE,61749.9,61550.5,9.866e-05,0.0,98950
2024-05-14 16:00:00,NO TRADE,61550.5,62157.4,0.0001,0.0,98950
2024-05-15 00:00:00,NO TRADE,62157.4,64685.5,4.392e-05,0.0,98950
2024-05-15 08:00:00,NO TRADE,64685.5,66175.4,0.0001,0.0,98950
2024-05-15 16:00:00,NO TRADE,66175.4,66100.0,-3.85e-06,0.0,98950
2024-05-16 00:00:00,NO TRADE,66100.0,65800.1,2.373e-05,0.0,98950
2024-05-16 08:00:00,NO TRADE,65800.1,65217.7,2.103e-05,0.0,98950
2024-05-16 16:00:00,NO TRADE,65217.7,66350.6,5.148e-05,0.0,98950
2024-05-17 00:00:00,NO TRADE,66350.6,67170.0,3.542e-05,0.0,98950
2024-05-17 08:00:00,NO TRADE,67170.0,66980.0,4.647e-05,0.0,98950
2024-05-17 16:00:00,NO TRADE,66980.0,66854.1,8.15e-06,0.0,98950
2024-05-18 00:00:00,NO TRADE,66854.1,66781.4,-2.98e-06,0.0,98950
2024-05-18 08:00:00,NO TRADE,66781.4,66884.9,6.28e-06,0.0,98950
2024-05-18 16:00:00,NO TRADE,66884.9,67295.0,8.012e-05,0.0,98950
2024-05-19 00:00:00,NO TRADE,67295.0,66863.0,-7.919999999999999e-06,0.0,98950
2024-05-19 08:00:00,NO TRADE,66863.0,66239.4,3.338e-05,0.0,98950
2024-05-19 16:00:00,NO TRADE,66239.4,66788.9,5.21e-05,0.0,98950
2024-05-20 00:00:00,NO TRADE,66788.9,67382.1,4.779e-05,0.0,98950
2024-05-20 08:00:00,NO TRADE,67382.1,71466.5,5.607e-05,0.0,98950
2024-05-20 16:00:00,NO TRADE,71466.5,70926.4,2.479e-05,0.0,98950
2024-05-21 00:00:00,NO TRADE,70926.4,69874.9,2.552e-05,0.0,98950
2024-05-21 08:00:00,NO TRADE,69874.9,70168.8,0.0001,0.0,98950
2024-05-21 16:00:00,NO TRADE,70168.8,69759.6,0.00010517,0.0,98950
2024-05-22 00:00:00,NO TRADE,69759.6,70485.7,0.0001,0.0,98950
2024-05-22 08:00:00,NO TRADE,70485.7,69219.1,0.0001,0.0,98950
2024-05-22 16:00:00,NO TRADE,69219.1,69770.6,0.00015759,0.0,98950
2024-05-23 00:00:00,NO TRADE,69770.6,68103.0,0.0001,0.0,98950
2024-05-23 08:00:00,NO TRADE,68103.0,67999.9,0.0001,0.0,98950
2024-05-23 16:00:00,NO TRADE,67999.9,67191.2,0.0001,0.0,98950
2024-05-24 00:00:00,NO TRADE,67191.2,68340.2,0.0001,0.0,98950
2024-05-24 08:00:00,NO TRADE,68340.2,68584.1,0.0001,0.0,98950
2024-05-24 16:00:00,NO TRADE,68584.1,68775.0,0.0001,0.0,98950
2024-05-25 00:00:00,NO TRADE,68775.0,68949.1,0.0001,0.0,98950
2024-05-25 08:00:00,NO TRADE,68949.1,69314.4,0.0001,0.0,98950
2024-05-25 16:00:00,NO TRADE,69314.4,69359.2,0.0001,0.0,98950
2024-05-26 00:00:00,NO TRADE,69359.2,68864.6,0.0001,0.0,98950
2024-05-26 08:00:00,NO TRADE,68864.6,68524.3,0.0001,0.0,98950
2024-05-26 16:00:00,NO TRADE,68524.3,68661.1,0.0001,0.0,98950
2024-05-27 00:00:00,NO TRADE,68661.1,70421.5,0.0001,0.0,98950
2024-05-27 08:00:00,NO TRADE,70421.5,69461.6,0.0001,0.0,98950
2024-05-27 16:00:00,NO TRADE,69461.6,67712.0,0.0001,0.0,98950
2024-05-28 00:00:00,NO TRADE,67712.0,68399.7,0.0001,0.0,98950
2024-05-28 08:00:00,NO TRADE,68399.7,68440.5,0.0001,0.0,98950
2024-05-28 16:00:00,NO TRADE,68440.5,67993.6,0.0001,0.0,98950
2024-05-29 00:00:00,NO TRADE,67993.6,67421.0,0.0001,0.0,98950
2024-05-29 08:00:00,NO TRADE,67421.0,67686.7,0.0001,0.0,98950
2024-05-29 16:00:00,NO TRADE,67686.7,67627.8,0.0001,0.0,98950
2024-05-30 00:00:00,NO TRADE,67627.8,68566.4,0.00012558,0.0,98950
2024-05-30 08:00:00,NO TRADE,68566.4,68402.5,0.0001,0.0,98950
2024-05-30 16:00:00,NO TRADE,68402.5,68226.1,0.0001,0.0,98950
2024-05-31 00:00:00,NO TRADE,68226.1,67252.7,0.0001,0.0,98950
2024-05-31 08:00:00,NO TRADE,67252.7,67577.9,0.00014599,0.0,98950
2024-05-31 16:00:00,NO TRADE,67577.9,67677.9,0.0001226799999999,0.0,98950
2024-06-01 00:00:00,NO TRADE,67677.9,67728.2,0.0001,0.0,98950
2024-06-01 08:00:00,NO TRADE,67728.2,67799.2,0.0001,0.0,98950
2024-06-01 16:00:00,NO TRADE,67799.2,67743.0,0.0001,0.0,98950
2024-06-02 00:00:00,NO TRADE,67743.0,68189.8,0.0001025,0.0,98950
2024-06-02 08:00:00,NO TRADE,68189.8,67805.9,0.0001,0.0,98950
2024-06-02 16:00:00,NO TRADE,67805.9,68949.9,0.0001,0.0,98950
2024-06-03 00:00:00,NO TRADE,68949.9,69650.0,0.0001,0.0,98950
2024-06-03 08:00:00,NO TRADE,69650.0,68851.4,0.0001,0.0,98950
2024-06-03 16:00:00,NO TRADE,68851.4,69054.7,0.00014135,0.0,98950
2024-06-04 00:00:00,NO TRADE,69054.7,70492.0,0.0001,0.0,98950
2024-06-04 08:00:00,NO TRADE,70492.0,70580.0,0.00012008,0.0,98950
2024-06-04 16:00:00,NO TRADE,70580.0,71244.1,0.0001,0.0,98950
2024-06-05 00:00:00,NO TRADE,71244.1,71625.1,0.0001,0.0,98950
2024-06-05 08:00:00,NO TRADE,71625.1,71133.3,0.0001,0.0,98950
2024-06-05 16:00:00,NO TRADE,71133.3,71077.3,0.00016387,0.0,98950
2024-06-06 00:00:00,NO TRADE,71077.3,71334.3,0.00013226,0.0,98950
2024-06-06 08:00:00,NO TRADE,71334.3,70830.0,0.0001,0.0,98950
2024-06-06 16:00:00,NO TRADE,70830.0,71147.9,0.00010438,0.0,98950
2024-06-07 00:00:00,NO TRADE,71147.9,71150.0,0.0001176999999999,0.0,98950
2024-06-07 08:00:00,NO TRADE,71150.0,69377.0,0.0001,0.0,98950
2024-06-07 16:00:00,NO TRADE,69377.0,69612.5,0.0001,0.0,98950
2024-06-08 00:00:00,NO TRADE,69612.5,69462.1,0.00010166,0.0,98950
2024-06-08 08:00:00,NO TRADE,69462.1,69346.5,0.0001,0.0,98950
2024-06-08 16:00:00,NO TRADE,69346.5,69331.9,0.0001,0.0,98950
2024-06-09 00:00:00,NO TRADE,69331.9,69530.1,0.0001,0.0,98950
2024-06-09 08:00:00,NO TRADE,69530.1,69667.1,0.0001,0.0,98950
2024-06-09 16:00:00,NO TRADE,69667.1,69325.3,0.0001,0.0,98950
2024-06-10 00:00:00,NO TRADE,69325.3,70090.9,0.0001,0.0,98950
2024-06-10 08:00:00,NO TRADE,70090.9,69558.7,0.0001,0.0,98950
2024-06-10 16:00:00,NO TRADE,69558.7,67582.0,0.0001,0.0,98950
2024-06-11 00:00:00,NO TRADE,67582.0,66266.0,0.0001,0.0,98950
2024-06-11 08:00:00,NO TRADE,66266.0,67320.7,0.0001,0.0,98950
2024-06-11 16:00:00,NO TRADE,67320.7,67449.4,0.0001,0.0,98950
2024-06-12 00:00:00,NO TRADE,67449.4,69738.0,0.0001,0.0,98950
2024-06-12 08:00:00,NO TRADE,69738.0,68270.3,0.0001,0.0,98950
2024-06-12 16:00:00,NO TRADE,68270.3,67724.9,0.0001,0.0,98950
2024-06-13 00:00:00,NO TRADE,67724.9,66464.4,0.0001,0.0,98950
2024-06-13 08:00:00,NO TRADE,66464.4,66786.9,0.0001,0.0,98950
2024-06-13 16:00:00,NO TRADE,66786.9,66906.2,0.0001,0.0,98950
2024-06-14 00:00:00,NO TRADE,66906.2,66380.0,0.0001,0.0,98950
2024-06-14 08:00:00,NO TRADE,66380.0,66039.7,0.0001,0.0,98950
2024-06-14 16:00:00,NO TRADE,66039.7,66082.6,0.0001,0.0,98950
2024-06-15 00:00:00,NO TRADE,66082.6,66311.9,0.0001,0.0,98950
2024-06-15 08:00:00,NO TRADE,66311.9,66213.7,0.0001,0.0,98950
2024-06-15 16:00:00,NO TRADE,66213.7,66249.4,0.0001,0.0,98950
2024-06-16 00:00:00,NO TRADE,66249.4,66690.4,0.0001,0.0,98950
2024-06-16 08:00:00,NO TRADE,66690.4,66653.6,0.0001,0.0,98950
2024-06-16 16:00:00,NO TRADE,66653.6,66147.3,0.0001,0.0,98950
2024-06-17 00:00:00,NO TRADE,66147.3,65341.9,0.0001,0.0,98950
2024-06-17 08:00:00,NO TRADE,65341.9,66472.1,0.0001,0.0,98950
2024-06-17 16:00:00,NO TRADE,66472.1,65646.4,0.0001,0.0,98950
2024-06-18 00:00:00,NO TRADE,65646.4,64676.8,0.0001,0.0,98950
2024-06-18 08:00:00,NO TRADE,64676.8,65150.0,0.0001,0.0,98950
2024-06-18 16:00:00,NO TRADE,65150.0,65295.0,8.236e-05,0.0,98950
2024-06-19 00:00:00,NO TRADE,65295.0,64895.0,0.0001,0.0,98950
2024-06-19 08:00:00,NO TRADE,64895.0,64933.6,0.0001,0.0,98950
2024-06-19 16:00:00,NO TRADE,64933.6,65831.4,4.127e-05,0.0,98950
2024-06-20 00:00:00,NO TRADE,65831.4,64794.4,2.967e-05,0.0,98950
2024-06-20 08:00:00,NO TRADE,64794.4,64854.0,3.934e-05,0.0,98950
2024-06-20 16:00:00,NO TRADE,64854.0,64179.4,5.953e-05,0.0,98950
2024-06-21 00:00:00,NO TRADE,64179.4,63716.9,6.879e-05,0.0,98950
2024-06-21 08:00:00,NO TRADE,63716.9,64124.0,3.3430000000000003e-05,0.0,98950
2024-06-21 16:00:00,NO TRADE,64124.0,64490.1,7.328e-05,0.0,98950
2024-06-22 00:00:00,NO TRADE,64490.1,64283.4,0.0001,0.0,98950
2024-06-22 08:00:00,NO TRADE,64283.4,64240.0,0.0001,0.0,98950
2024-06-22 16:00:00,NO TRADE,64240.0,64390.0,4.1460000000000006e-05,0.0,98950
2024-06-23 00:00:00,NO TRADE,64390.0,64071.8,0.0001,0.0,98950
2024-06-23 08:00:00,NO TRADE,64071.8,63194.9,0.0001,0.0,98950
2024-06-23 16:00:00,NO TRADE,63194.9,62433.6,2.307e-05,0.0,98950
2024-06-24 00:00:00,NO TRADE,62433.6,60823.2,4.675999999999999e-05,0.0,98950
2024-06-24 08:00:00,NO TRADE,60823.2,60273.6,9.534e-05,0.0,98950
2024-06-24 16:00:00,NO TRADE,60273.6,60660.8,0.0001,0.0,98950
2024-06-25 00:00:00,NO TRADE,60660.8,61776.0,7.488e-05,0.0,98950
2024-06-25 08:00:00,NO TRADE,61776.0,61777.8,7.447e-05,0.0,98950
2024-06-25 16:00:00,NO TRADE,61777.8,61705.3,5.949e-05,0.0,98950
2024-06-26 00:00:00,NO TRADE,61705.3,61453.2,7.752e-05,0.0,98950
2024-06-26 08:00:00,NO TRADE,61453.2,60860.1,0.0001,0.0,98950
2024-06-26 16:00:00,NO TRADE,60860.1,60786.4,0.0001,0.0,98950
2024-06-27 00:00:00,NO TRADE,60786.4,61570.5,0.0001,0.0,98950
2024-06-27 08:00:00,NO TRADE,61570.5,61682.0,0.0001,0.0,98950
2024-06-27 16:00:00,NO TRADE,61682.0,61317.9,0.0001,0.0,98950
2024-06-28 00:00:00,NO TRADE,61317.9,61039.9,0.0001,0.0,98950
2024-06-28 08:00:00,NO TRADE,61039.9,60429.8,0.0001,0.0,98950
2024-06-28 16:00:00,NO TRADE,60429.8,61049.8,0.0001,0.0,98950
2024-06-29 00:00:00,NO TRADE,61049.8,61107.9,0.0001,0.0,98950
2024-06-29 08:00:00,NO TRADE,61107.9,60982.4,0.0001,0.0,98950
2024-06-29 16:00:00,NO TRADE,60982.4,61533.6,0.0001,0.0,98950
2024-06-30 00:00:00,NO TRADE,61533.6,61722.4,0.0001,0.0,98950
2024-06-30 08:00:00,NO TRADE,61722.4,62766.0,0.0001,0.0,98950
2024-06-30 16:00:00,NO TRADE,62766.0,63265.5,0.0001,0.0,98950
2024-07-01 00:00:00,NO TRADE,63265.5,63119.9,0.0001,0.0,98950
2024-07-01 08:00:00,NO TRADE,63119.9,62883.6,0.0001,0.0,98950
2024-07-01 16:00:00,NO TRADE,62883.6,62617.9,0.0001,0.0,98950
2024-07-02 00:00:00,NO TRADE,62617.9,61945.0,0.0001,0.0,98950
2024-07-02 08:00:00,NO TRADE,61945.0,62123.6,0.0001,0.0,98950
2024-07-02 16:00:00,NO TRADE,62123.6,60859.9,0.0001,0.0,98950
2024-07-03 00:00:00,NO TRADE,60859.9,60176.1,0.0001,0.0,98950
2024-07-03 08:00:00,NO TRADE,60176.1,60208.0,0.0001,0.0,98950
2024-07-03 16:00:00,NO TRADE,60208.0,58214.0,0.0001,0.0,98950
2024-07-04 00:00:00,NO TRADE,58214.0,58137.6,0.0001,0.0,98950
2024-07-04 08:00:00,NO TRADE,58137.6,57045.9,0.0001,0.0,98950
2024-07-04 16:00:00,NO TRADE,57045.9,54389.4,0.0001,0.0,98950
2024-07-05 00:00:00,NO TRADE,54389.4,56637.5,0.0001,0.0,98950
2024-07-05 08:00:00,NO TRADE,56637.5,56604.9,0.0001,0.0,98950
2024-07-05 16:00:00,NO TRADE,56604.9,56571.1,0.0001,0.0,98950
2024-07-06 00:00:00,NO TRADE,56571.1,57285.4,1.7619999999999997e-05,0.0,98950
2024-07-06 08:00:00,NO TRADE,57285.4,58216.0,5.729e-05,0.0,98950
2024-07-06 16:00:00,NO TRADE,58216.0,57344.4,7.512e-05,0.0,98950
2024-07-07 00:00:00,NO TRADE,57344.4,56806.2,3.25e-05,0.0,98950
2024-07-07 08:00:00,NO TRADE,56806.2,55830.9,8.164e-05,0.0,98950
2024-07-07 16:00:00,NO TRADE,55830.9,55828.4,0.0001,0.0,98950
2024-07-08 00:00:00,NO TRADE,55828.4,55736.8,0.0001,0.0,98950
2024-07-08 08:00:00,NO TRADE,55736.8,56686.4,7.904e-05,0.0,98950
2024-07-08 16:00:00,NO TRADE,56686.4,57102.5,8.222e-05,0.0,98950
2024-07-09 00:00:00,NO TRADE,57102.5,57445.3,0.0001,0.0,98950
2024-07-09 08:00:00,NO TRADE,57445.3,58023.2,0.0001,0.0,98950
2024-07-09 16:00:00,NO TRADE,58023.2,58948.1,8.61e-06,0.0,98950
2024-07-10 00:00:00,NO TRADE,58948.1,57658.0,0.0001,0.0,98950
2024-07-10 08:00:00,NO TRADE,57658.0,57707.0,0.0001,0.0,98950
2024-07-10 16:00:00,NO TRADE,57707.0,58168.1,9.225e-05,0.0,98950
2024-07-11 00:00:00,NO TRADE,58168.1,57382.8,5.484e-05,0.0,98950
2024-07-11 08:00:00,NO TRADE,57382.8,57315.5,0.0001,0.0,98950
2024-07-11 16:00:00,NO TRADE,57315.5,57071.4,0.0001,0.0,98950
2024-07-12 00:00:00,NO TRADE,57071.4,58188.9,0.0001,0.0,98950
2024-07-12 08:00:00,NO TRADE,58188.9,57870.0,6.378e-05,0.0,98950
2024-07-12 16:00:00,NO TRADE,57870.0,58140.0,3.026e-05,0.0,98950
2024-07-13 00:00:00,NO TRADE,58140.0,58808.5,4.037e-05,0.0,98950
2024-07-13 08:00:00,NO TRADE,58808.5,59174.0,8.319e-05,0.0,98950
2024-07-13 16:00:00,NO TRADE,59174.0,60031.3,6.865e-05,0.0,98950
2024-07-14 00:00:00,NO TRADE,60031.3,60053.3,0.0001,0.0,98950
2024-07-14 08:00:00,NO TRADE,60053.3,60766.0,8.737e-05,0.0,98950
2024-07-14 16:00:00,NO TRADE,60766.0,62816.0,3.71e-05,0.0,98950
2024-07-15 00:00:00,NO TRADE,62816.0,62985.9,8.342000000000001e-05,0.0,98950
2024-07-15 08:00:00,NO TRADE,62985.9,64680.6,4.589e-05,0.0,98950
2024-07-15 16:00:00,NO TRADE,64680.6,62881.8,3.202e-05,0.0,98950
2024-07-16 00:00:00,NO TRADE,62881.8,64833.9,-5.14e-06,0.0,98950
2024-07-16 08:00:00,NO TRADE,64833.9,65010.0,-5.062e-05,0.0,98950
2024-07-16 16:00:00,NO TRADE,65010.0,65226.2,8.814e-05,0.0,98950
2024-07-17 00:00:00,NO TRADE,65226.2,64695.8,2.717e-05,0.0,98950
2024-07-17 08:00:00,NO TRADE,64695.8,64055.7,-3.419e-05,0.0,98950
2024-07-17 16:00:00,NO TRADE,64055.7,64644.8,1.775e-05,0.0,98950
2024-07-18 00:00:00,NO TRADE,64644.8,63500.1,2.143e-05,0.0,98950
2024-07-18 08:00:00,NO TRADE,63500.1,63959.9,6.89e-06,0.0,98950
2024-07-18 16:00:00,NO TRADE,63959.9,63673.9,1.546e-05,0.0,98950
2024-07-19 00:00:00,NO TRADE,63673.9,65791.5,3.1259999999999995e-05,0.0,98950
2024-07-19 08:00:00,NO TRADE,65791.5,66627.9,4.029e-05,0.0,98950
2024-07-19 16:00:00,NO TRADE,66627.9,66526.3,4.855e-05,0.0,98950
2024-07-20 00:00:00,NO TRADE,66526.3,66797.0,4.606e-05,0.0,98950
2024-07-20 08:00:00,NO TRADE,66797.0,67095.6,-3.077e-05,0.0,98950
2024-07-20 16:00:00,NO TRADE,67095.6,66670.0,1.944e-05,0.0,98950
2024-07-21 00:00:00,NO TRADE,66670.0,67130.9,1.622e-05,0.0,98950
2024-07-21 08:00:00,NO TRADE,67130.9,68138.0,-5.313e-05,0.0,98950
2024-07-21 16:00:00,NO TRADE,68138.0,67210.3,2.1940000000000003e-05,0.0,98950
2024-07-22 00:00:00,NO TRADE,67210.3,67044.3,6.46e-06,0.0,98950
2024-07-22 08:00:00,NO TRADE,67044.3,67499.2,9.136e-05,0.0,98950
2024-07-22 16:00:00,NO TRADE,67499.2,66550.0,5.953e-05,0.0,98950
2024-07-23 00:00:00,NO TRADE,66550.0,66552.8,2.769e-05,0.0,98950
2024-07-23 08:00:00,NO TRADE,66552.8,65916.4,4.709e-05,0.0,98950
2024-07-23 16:00:00,NO TRADE,65916.4,66049.0,4.31e-05,0.0,98950
2024-07-24 00:00:00,NO TRADE,66049.0,66155.7,4.6420000000000006e-05,0.0,98950
2024-07-24 08:00:00,NO TRADE,66155.7,65350.8,0.0001,0.0,98950
2024-07-24 16:00:00,NO TRADE,65350.8,64115.1,0.0001,0.0,98950
2024-07-25 00:00:00,NO TRADE,64115.1,64773.3,0.0001,0.0,98950
2024-07-25 08:00:00,NO TRADE,64773.3,65773.0,0.0001,0.0,98950
2024-07-25 16:00:00,NO TRADE,65773.0,66873.8,0.0001,0.0,98950
2024-07-26 00:00:00,NO TRADE,66873.8,67528.0,0.0001,0.0,98950
2024-07-26 08:00:00,NO TRADE,67528.0,67882.5,0.0001,0.0,98950
2024-07-26 16:00:00,NO TRADE,67882.5,68013.6,0.0001,0.0,98950
2024-07-27 00:00:00,NO TRADE,68013.6,68822.0,3.34e-05,0.0,98950
2024-07-27 08:00:00,NO TRADE,68822.0,67873.8,6.547e-05,0.0,98950
2024-07-27 16:00:00,NO TRADE,67873.8,67517.7,8.022e-05,0.0,98950
2024-07-28 00:00:00,NO TRADE,67517.7,67624.3,9.108e-05,0.0,98950
2024-07-28 08:00:00,NO TRADE,67624.3,68215.5,8.18e-05,0.0,98950
2024-07-28 16:00:00,NO TRADE,68215.5,69510.6,9.177e-05,0.0,98950
2024-07-29 00:00:00,NO TRADE,69510.6,68067.2,2.804e-05,0.0,98950
2024-07-29 08:00:00,NO TRADE,68067.2,66750.0,8.36e-05,0.0,98950
2024-07-29 16:00:00,NO TRADE,66750.0,66914.0,5.623e-05,0.0,98950
2024-07-30 00:00:00,NO TRADE,66914.0,66198.0,0.0001,0.0,98950
2024-07-30 08:00:00,NO TRADE,66198.0,66159.3,3.396e-05,0.0,98950
2024-07-30 16:00:00,NO TRADE,66159.3,66196.4,3.562e-05,0.0,98950
2024-07-31 00:00:00,NO TRADE,66196.4,66354.5,7.69e-05,0.0,98950
2024-07-31 08:00:00,NO TRADE,66354.5,64601.8,3.063e-05,0.0,98950
2024-07-31 16:00:00,NO TRADE,64601.8,64297.4,7.177e-05,0.0,98950
2024-08-01 00:00:00,NO TRADE,64297.4,62892.6,3.826e-05,0.0,98950
2024-08-01 08:00:00,NO TRADE,62892.6,65328.9,8.208e-05,0.0,98950
2024-08-01 16:00:00,NO TRADE,65328.9,64146.0,0.0001,0.0,98950
2024-08-02 00:00:00,NO TRADE,64146.0,63393.5,0.0001,0.0,98950
2024-08-02 08:00:00,NO TRADE,63393.5,61483.7,0.0001,0.0,98950
2024-08-02 16:00:00,NO TRADE,61483.7,61636.0,0.0001,0.0,98950
2024-08-03 00:00:00,NO TRADE,61636.0,60857.7,0.0001,0.0,98950
2024-08-03 08:00:00,NO TRADE,60857.7,60684.6,0.0001,0.0,98950
2024-08-03 16:00:00,NO TRADE,60684.6,60346.0,9.788e-05,0.0,98950
2024-08-04 00:00:00,NO TRADE,60346.0,59070.0,4.247e-05,0.0,98950
2024-08-04 08:00:00,NO TRADE,59070.0,58144.5,0.0001,0.0,98950
2024-08-04 16:00:00,NO TRADE,58144.5,52645.6,5.343e-05,0.0,98950
2024-08-05 00:00:00,NO TRADE,52645.6,54289.8,0.0001,0.0,98950
2024-08-05 08:00:00,NO TRADE,54289.8,54003.1,0.0001,0.0,98950
2024-08-05 16:00:00,NO TRADE,54003.1,55979.1,4.429e-05,0.0,98950
2024-08-06 00:00:00,NO TRADE,55979.1,56370.0,5.967e-05,0.0,98950
2024-08-06 08:00:00,NO TRADE,56370.0,55991.2,3.566e-05,0.0,98950
2024-08-06 16:00:00,NO TRADE,55991.2,56898.7,-2.845e-05,0.0,98950
2024-08-07 00:00:00,NO TRADE,56898.7,56067.5,4.4850000000000006e-05,0.0,98950
2024-08-07 08:00:00,NO TRADE,56067.5,55102.9,-7.299999999999999e-06,0.0,98950
2024-08-07 16:00:00,NO TRADE,55102.9,57166.4,-6.858999999999999e-05,0.0,98950
2024-08-08 00:00:00,NO TRADE,57166.4,59391.3,3.241e-05,0.0,98950
2024-08-08 08:00:00,NO TRADE,59391.3,61659.8,2.637e-05,0.0,98950
2024-08-08 16:00:00,NO TRADE,61659.8,60844.0,3.085e-05,0.0,98950
2024-08-09 00:00:00,NO TRADE,60844.0,59786.4,1.147e-05,0.0,98950
2024-08-09 08:00:00,NO TRADE,59786.4,60808.6,4.994e-05,0.0,98950
2024-08-09 16:00:00,NO TRADE,60808.6,60809.5,2.184e-05,0.0,98950
2024-08-10 00:00:00,NO TRADE,60809.5,60480.5,4.8459999999999993e-05,0.0,98950
2024-08-10 08:00:00,NO TRADE,60480.5,60889.9,-3.942e-05,0.0,98950
2024-08-10 16:00:00,NO TRADE,60889.9,61224.9,-1.379e-05,0.0,98950
2024-08-11 00:00:00,NO TRADE,61224.9,60100.0,-1.949e-05,0.0,98950
2024-08-11 08:00:00,NO TRADE,60100.0,58693.1,4.0489999999999993e-05,0.0,98950
2024-08-11 16:00:00,NO TRADE,58693.1,58640.1,-1.839e-05,0.0,98950
2024-08-12 00:00:00,NO TRADE,58640.1,60171.2,1.185e-05,0.0,98950
2024-08-12 08:00:00,NO TRADE,60171.2,59323.6,1.113e-05,0.0,98950
2024-08-12 16:00:00,NO TRADE,59323.6,59209.0,8.782999999999999e-05,0.0,98950
2024-08-13 00:00:00,NO TRADE,59209.0,59438.4,-2.238e-05,0.0,98950
2024-08-13 08:00:00,NO TRADE,59438.4,60550.5,6.14e-05,0.0,98950
2024-08-13 16:00:00,NO TRADE,60550.5,60887.2,5.21e-06,0.0,98950
2024-08-14 00:00:00,NO TRADE,60887.2,59396.9,-3.902e-05,0.0,98950
2024-08-14 08:00:00,NO TRADE,59396.9,58648.1,1.152e-05,0.0,98950
2024-08-14 16:00:00,NO TRADE,58648.1,58031.9,-1.33e-05,0.0,98950
2024-08-15 00:00:00,NO TRADE,58031.9,59643.7,-7.811e-05,0.0,98950
2024-08-15 08:00:00,NO TRADE,59643.7,57511.0,-8.488000000000001e-05,0.0,98950
2024-08-15 16:00:00,NO TRADE,57511.0,58423.4,6.339e-05,0.0,98950
2024-08-16 00:00:00,NO TRADE,58423.4,58035.6,-6.180999999999999e-05,0.0,98950
2024-08-16 08:00:00,NO TRADE,58035.6,58854.9,-0.00011235,0.0,98950
2024-08-16 16:00:00,NO TRADE,58854.9,59222.0,-7.387000000000001e-05,0.0,98950
2024-08-17 00:00:00,NO TRADE,59222.0,59357.6,-5.57e-06,0.0,98950
2024-08-17 08:00:00,NO TRADE,59357.6,59468.5,1.912e-05,0.0,98950
2024-08-17 16:00:00,NO TRADE,59468.5,59545.4,4.177e-05,0.0,98950
2024-08-18 00:00:00,NO TRADE,59545.4,59828.8,-1.52e-06,0.0,98950
2024-08-18 08:00:00,NO TRADE,59828.8,58390.0,3.966e-05,0.0,98950
2024-08-18 16:00:00,NO TRADE,58390.0,58475.5,-1.323e-05,0.0,98950
2024-08-19 00:00:00,NO TRADE,58475.5,58505.0,-3.149e-05,0.0,98950
2024-08-19 08:00:00,NO TRADE,58505.0,59398.5,-3.616e-05,0.0,98950
2024-08-19 16:00:00,NO TRADE,59398.5,60899.9,-6.75e-05,0.0,98950
2024-08-20 00:00:00,NO TRADE,60899.9,58783.7,-1.957e-05,0.0,98950
2024-08-20 08:00:00,NO TRADE,58783.7,58982.9,-2.656e-05,0.0,98950
2024-08-20 16:00:00,NO TRADE,58982.9,59689.2,1.349e-05,0.0,98950
2024-08-21 00:00:00,NO TRADE,59689.2,59486.0,1.419e-05,0.0,98950
2024-08-21 08:00:00,NO TRADE,59486.0,61120.0,-6.756e-05,0.0,98950
2024-08-21 16:00:00,NO TRADE,61120.0,60946.0,-5.91e-06,0.0,98950
2024-08-22 00:00:00,NO TRADE,60946.0,60370.9,3.959999999999999e-06,0.0,98950
2024-08-22 08:00:00,NO TRADE,60370.9,60349.9,-2.229e-05,0.0,98950
2024-08-22 16:00:00,NO TRADE,60349.9,61045.0,1.338e-05,0.0,98950
2024-08-23 00:00:00,NO TRADE,61045.0,61499.0,-7.261e-05,0.0,98950
2024-08-23 08:00:00,NO TRADE,61499.0,64019.9,-3.329e-05,0.0,98950
2024-08-23 16:00:00,NO TRADE,64019.9,64269.3,2.391e-05,0.0,98950
2024-08-24 00:00:00,NO TRADE,64269.3,63943.3,-4.317e-05,0.0,98950
2024-08-24 08:00:00,NO TRADE,63943.3,64116.5,-7.72e-06,0.0,98950
2024-08-24 16:00:00,NO TRADE,64116.5,63835.4,-7.23e-06,0.0,98950
2024-08-25 00:00:00,NO TRADE,63835.4,64099.9,6.395e-05,0.0,98950
2024-08-25 08:00:00,NO TRADE,64099.9,64190.2,-4.806e-05,0.0,98950
2024-08-25 16:00:00,NO TRADE,64190.2,63603.2,-1.531e-05,0.0,98950
2024-08-26 00:00:00,NO TRADE,63603.2,63493.0,3.108e-05,0.0,98950
2024-08-26 08:00:00,NO TRADE,63493.0,62807.6,2.438e-05,0.0,98950
2024-08-26 16:00:00,NO TRADE,62807.6,62882.0,3.448e-05,0.0,98950
2024-08-27 00:00:00,NO TRADE,62882.0,61673.3,3.789e-05,0.0,98950
2024-08-27 08:00:00,NO TRADE,61673.3,59384.5,2.794e-05,0.0,98950
2024-08-27 16:00:00,NO TRADE,59384.5,58579.0,1.751e-05,0.0,98950
2024-08-28 00:00:00,NO TRADE,58579.0,58963.4,7.752e-05,0.0,98950
2024-08-28 08:00:00,NO TRADE,58963.4,59010.0,-6.803e-05,0.0,98950
2024-08-28 16:00:00,NO TRADE,59010.0,59548.9,2.433e-05,0.0,98950
2024-08-29 00:00:00,NO TRADE,59548.9,60750.9,1.143e-05,0.0,98950
2024-08-29 08:00:00,NO TRADE,60750.9,59323.2,-9.76e-06,0.0,98950
2024-08-29 16:00:00,NO TRADE,59323.2,59235.9,-1.6440000000000002e-05,0.0,98950
2024-08-30 00:00:00,NO TRADE,59235.9,58073.1,5.590000000000001e-06,0.0,98950
2024-08-30 08:00:00,NO TRADE,58073.1,59096.3,9.36e-06,0.0,98950
2024-08-30 16:00:00,NO TRADE,59096.3,59060.8,3.578e-05,0.0,98950
2024-08-31 00:00:00,NO TRADE,59060.8,58983.7,2.927e-05,0.0,98950
2024-08-31 08:00:00,NO TRADE,58983.7,58941.9,-1.749e-05,0.0,98950
2024-08-31 16:00:00,NO TRADE,58941.9,58444.1,3.578e-05,0.0,98950
2024-09-01 00:00:00,NO TRADE,58444.1,58184.1,3.8e-05,0.0,98950
2024-09-01 08:00:00,NO TRADE,58184.1,57268.1,4.113e-05,0.0,98950
2024-09-01 16:00:00,NO TRADE,57268.1,57523.2,-3.4320000000000003e-05,0.0,98950
2024-09-02 00:00:00,NO TRADE,57523.2,58508.0,-3.82e-06,0.0,98950
2024-09-02 08:00:00,NO TRADE,58508.0,59112.1,-3.3860000000000004e-05,0.0,98950
2024-09-02 16:00:00,NO TRADE,59112.1,59078.0,2.48e-06,0.0,98950
2024-09-03 00:00:00,NO TRADE,59078.0,57695.1,-3.63e-06,0.0,98950
2024-09-03 08:00:00,NO TRADE,57695.1,57451.9,6.245e-05,0.0,98950
2024-09-03 16:00:00,NO TRADE,57451.9,56717.0,5.123e-05,0.0,98950
2024-09-04 00:00:00,NO TRADE,56717.0,58096.2,4.598e-05,0.0,98950
2024-09-04 08:00:00,NO TRADE,58096.2,57944.8,2.209e-05,0.0,98950
2024-09-04 16:00:00,NO TRADE,57944.8,57127.0,1.05e-05,0.0,98950
2024-09-05 00:00:00,NO TRADE,57127.0,55947.0,-1.47e-05,0.0,98950
2024-09-05 08:00:00,NO TRADE,55947.0,56145.7,9.016e-05,0.0,98950
2024-09-05 16:00:00,NO TRADE,56145.7,55766.3,2.025e-05,0.0,98950
2024-09-06 00:00:00,NO TRADE,55766.3,54022.1,2.49e-05,0.0,98950
2024-09-06 08:00:00,NO TRADE,54022.1,53927.7,2.28e-05,0.0,98950
2024-09-06 16:00:00,NO TRADE,53927.7,54258.1,-1e-08,0.0,98950
2024-09-07 00:00:00,NO TRADE,54258.1,54746.6,1.428e-05,0.0,98950
2024-09-07 08:00:00,NO TRADE,54746.6,54134.9,-5.57e-06,0.0,98950
2024-09-07 16:00:00,NO TRADE,54134.9,54411.5,-7.634e-05,0.0,98950
2024-09-08 00:00:00,NO TRADE,54411.5,53663.6,-7.236e-05,0.0,98950
2024-09-08 08:00:00,NO TRADE,53663.6,54839.6,3.745e-05,0.0,98950
2024-09-08 16:00:00,NO TRADE,54839.6,54939.1,-5.999e-05,0.0,98950
2024-09-09 00:00:00,NO TRADE,54939.1,55360.3,-5.245e-05,0.0,98950
2024-09-09 08:00:00,NO TRADE,55360.3,57010.0,-7.585e-05,0.0,98950
2024-09-09 16:00:00,NO TRADE,57010.0,57183.2,-7.108e-05,0.0,98950
2024-09-10 00:00:00,NO TRADE,57183.2,56561.0,-3.875e-05,0.0,98950
2024-09-10 08:00:00,NO TRADE,56561.0,57609.1,-6.0280000000000006e-05,0.0,98950
2024-09-10 16:00:00,NO TRADE,57609.1,56675.1,-2.93e-05,0.0,98950
2024-09-11 00:00:00,NO TRADE,56675.1,56676.1,-1.126e-05,0.0,98950
2024-09-11 08:00:00,NO TRADE,56676.1,57306.0,-8.952999999999999e-05,0.0,98950
2024-09-11 16:00:00,NO TRADE,57306.0,58101.8,-2.247e-05,0.0,98950
2024-09-12 00:00:00,NO TRADE,58101.8,57472.1,-5.212e-05,0.0,98950
2024-09-12 08:00:00,NO TRADE,57472.1,58097.0,-1.951e-05,0.0,98950
2024-09-12 16:00:00,NO TRADE,58097.0,58079.8,-5.46e-06,0.0,98950
2024-09-13 00:00:00,NO TRADE,58079.8,59623.5,-2.95e-05,0.0,98950
2024-09-13 08:00:00,NO TRADE,59623.5,60456.2,-6.9e-07,0.0,98950
2024-09-13 16:00:00,NO TRADE,60456.2,60110.4,-8.69e-06,0.0,98950
2024-09-14 00:00:00,NO TRADE,60110.4,59840.1,-2.443e-05,0.0,98950
2024-09-14 08:00:00,NO TRADE,59840.1,59964.0,-8.699e-05,0.0,98950
2024-09-14 16:00:00,NO TRADE,59964.0,60166.8,8.589999999999999e-06,0.0,98950
2024-09-15 00:00:00,NO TRADE,60166.8,60304.6,2.326e-05,0.0,98950
2024-09-15 08:00:00,NO TRADE,60304.6,59100.5,-4.91e-06,0.0,98950
2024-09-15 16:00:00,NO TRADE,59100.5,58874.6,1e-08,0.0,98950
2024-09-16 00:00:00,NO TRADE,58874.6,57860.7,4.01e-06,0.0,98950
2024-09-16 08:00:00,NO TRADE,57860.7,58187.0,2.402e-05,0.0,98950
2024-09-16 16:00:00,NO TRADE,58187.0,58668.1,3.564e-05,0.0,98950
2024-09-17 00:00:00,NO TRADE,58668.1,61103.0,6.761999999999999e-05,0.0,98950
2024-09-17 08:00:00,NO TRADE,61103.0,60281.0,8.529e-05,0.0,98950
2024-09-17 16:00:00,NO TRADE,60281.0,60403.7,1.911e-05,0.0,98950
2024-09-18 00:00:00,NO TRADE,60403.7,59400.1,5.327e-05,0.0,98950
2024-09-18 08:00:00,NO TRADE,59400.1,61735.3,1.344e-05,0.0,98950
2024-09-18 16:00:00,NO TRADE,61735.3,62071.0,1.677e-05,0.0,98950
2024-09-19 00:00:00,NO TRADE,62071.0,63129.0,4.648e-05,0.0,98950
2024-09-19 08:00:00,NO TRADE,63129.0,62926.9,3.512e-05,0.0,98950
2024-09-19 16:00:00,NO TRADE,62926.9,63494.4,2.949e-05,0.0,98950
2024-09-20 00:00:00,NO TRADE,63494.4,63120.2,4.072e-05,0.0,98950
2024-09-20 08:00:00,NO TRADE,63120.2,63175.7,8.065e-05,0.0,98950
2024-09-20 16:00:00,NO TRADE,63175.7,63060.0,-5.03e-06,0.0,98950
2024-09-21 00:00:00,NO TRADE,63060.0,63146.6,5.543e-05,0.0,98950
2024-09-21 08:00:00,NO TRADE,63146.6,63320.6,4.638e-05,0.0,98950
2024-09-21 16:00:00,NO TRADE,63320.6,62909.3,0.0001,0.0,98950
2024-09-22 00:00:00,NO TRADE,62909.3,62624.2,8.234e-05,0.0,98950
2024-09-22 08:00:00,NO TRADE,62624.2,63558.4,6.285e-05,0.0,98950
2024-09-22 16:00:00,NO TRADE,63558.4,63519.9,9.254e-05,0.0,98950
2024-09-23 00:00:00,NO TRADE,63519.9,63589.6,5.537e-05,0.0,98950
2024-09-23 08:00:00,NO TRADE,63589.6,63302.0,6.546e-05,0.0,98950
2024-09-23 16:00:00,NO TRADE,63302.0,63527.8,1.364e-05,0.0,98950
2024-09-24 00:00:00,NO TRADE,63527.8,63128.8,5.304e-05,0.0,98950
2024-09-24 08:00:00,NO TRADE,63128.8,64243.1,2.324e-05,0.0,98950
2024-09-24 16:00:00,NO TRADE,64243.1,63814.9,2.895e-05,0.0,98950
2024-09-25 00:00:00,NO TRADE,63814.9,63470.1,-1.82e-06,0.0,98950
2024-09-25 08:00:00,NO TRADE,63470.1,63118.4,1.223e-05,0.0,98950
2024-09-25 16:00:00,NO TRADE,63118.4,63823.4,1.14e-05,0.0,98950
2024-09-26 00:00:00,NO TRADE,63823.4,65200.0,1.336e-05,0.0,98950
2024-09-26 08:00:00,NO TRADE,65200.0,65139.2,1.65e-05,0.0,98950
2024-09-26 16:00:00,NO TRADE,65139.2,65438.9,6.246e-05,0.0,98950
2024-09-27 00:00:00,NO TRADE,65438.9,65974.0,0.0001,0.0,98950
2024-09-27 08:00:00,NO TRADE,65974.0,65749.6,0.0001,0.0,98950
2024-09-27 16:00:00,NO TRADE,65749.6,65790.0,6.722e-05,0.0,98950
2024-09-28 00:00:00,NO TRADE,65790.0,65593.7,2.275e-05,0.0,98950
2024-09-28 08:00:00,NO TRADE,65593.7,65822.6,5.455e-05,0.0,98950
2024-09-28 16:00:00,NO TRADE,65822.6,65436.9,8.3e-05,0.0,98950
2024-09-29 00:00:00,NO TRADE,65436.9,65720.0,1.4139999999999998e-05,0.0,98950
2024-09-29 08:00:00,NO TRADE,65720.0,65568.1,7.249999999999999e-06,0.0,98950
2024-09-29 16:00:00,NO TRADE,65568.1,64539.1,3.127e-05,0.0,98950
2024-09-30 00:00:00,NO TRADE,64539.1,63535.6,7.253e-05,0.0,98950
2024-09-30 08:00:00,NO TRADE,63535.6,63309.1,3.077e-05,0.0,98950
2024-09-30 16:00:00,NO TRADE,63309.1,64017.0,7.939e-05,0.0,98950
2024-10-01 00:00:00,NO TRADE,64017.0,62613.8,0.0001,0.0,98950
2024-10-01 08:00:00,NO TRADE,62613.8,60776.8,0.0001,0.0,98950
2024-10-01 16:00:00,NO TRADE,60776.8,61702.5,0.0001,0.0,98950
2024-10-02 00:00:00,NO TRADE,61702.5,61833.9,0.0001,0.0,98950
2024-10-02 08:00:00,NO TRADE,61833.9,60622.6,6.632e-05,0.0,98950
2024-10-02 16:00:00,NO TRADE,60622.6,60898.6,8.409e-05,0.0,98950
2024-10-03 00:00:00,NO TRADE,60898.6,60606.5,8.19e-05,0.0,98950
2024-10-03 08:00:00,NO TRADE,60606.5,60727.2,4.381e-05,0.0,98950
2024-10-03 16:00:00,NO TRADE,60727.2,61403.9,3.745e-05,0.0,98950
2024-10-04 00:00:00,NO TRADE,61403.9,61843.1,4.989999999999999e-05,0.0,98950
2024-10-04 08:00:00,NO TRADE,61843.1,62054.4,7.097e-05,0.0,98950
2024-10-04 16:00:00,NO TRADE,62054.4,62043.0,2.119e-05,0.0,98950
2024-10-05 00:00:00,NO TRADE,62043.0,62131.4,2.43e-06,0.0,98950
2024-10-05 08:00:00,NO TRADE,62131.4,62023.1,-1.596e-05,0.0,98950
2024-10-05 16:00:00,NO TRADE,62023.1,61919.8,1.088e-05,0.0,98950
2024-10-06 00:00:00,NO TRADE,61919.8,62690.4,8.61e-06,0.0,98950
2024-10-06 08:00:00,NO TRADE,62690.4,62789.3,5.72e-06,0.0,98950
2024-10-06 16:00:00,NO TRADE,62789.3,63509.9,3.287e-05,0.0,98950
2024-10-07 00:00:00,NO TRADE,63509.9,63620.0,4.18e-05,0.0,98950
2024-10-07 08:00:00,NO TRADE,63620.0,62190.7,4.573e-05,0.0,98950
2024-10-07 16:00:00,NO TRADE,62190.7,62291.4,-9.52e-06,0.0,98950
2024-10-08 00:00:00,NO TRADE,62291.4,62259.9,2.177e-05,0.0,98950
2024-10-08 08:00:00,NO TRADE,62259.9,62131.7,-1.678e-05,0.0,98950
2024-10-08 16:00:00,NO TRADE,62131.7,62243.0,7.094e-05,0.0,98950
2024-10-09 00:00:00,NO TRADE,62243.0,62285.4,8.099999999999999e-05,0.0,98950
2024-10-09 08:00:00,NO TRADE,62285.4,60606.4,0.0001,0.0,98950
2024-10-09 16:00:00,NO TRADE,60606.4,60871.0,5.138e-05,0.0,98950
2024-10-10 00:00:00,NO TRADE,60871.0,60769.9,7.939e-05,0.0,98950
2024-10-10 08:00:00,NO TRADE,60769.9,60293.2,2.09e-05,0.0,98950
2024-10-10 16:00:00,NO TRADE,60293.2,60643.3,1.532e-05,0.0,98950
2024-10-11 00:00:00,NO TRADE,60643.3,62218.0,0.0001,0.0,98950
2024-10-11 08:00:00,NO TRADE,62218.0,62509.0,2.231e-05,0.0,98950
2024-10-11 16:00:00,NO TRADE,62509.0,62734.1,-1.874e-05,0.0,98950
2024-10-12 00:00:00,NO TRADE,62734.1,63124.8,1.19e-06,0.0,98950
2024-10-12 08:00:00,NO TRADE,63124.8,63176.0,4.558000000000001e-05,0.0,98950
2024-10-12 16:00:00,NO TRADE,63176.0,62819.0,7.664e-05,0.0,98950
2024-10-13 00:00:00,NO TRADE,62819.0,62195.3,-1.489e-05,0.0,98950
2024-10-13 08:00:00,NO TRADE,62195.3,62839.8,6.92e-06,0.0,98950
2024-10-13 16:00:00,NO TRADE,62839.8,64599.6,1.638e-05,0.0,98950
2024-10-14 00:00:00,NO TRADE,64599.6,65850.9,3.938e-05,0.0,98950
2024-10-14 08:00:00,NO TRADE,65850.9,66064.9,5.429e-05,0.0,98950
2024-10-14 16:00:00,NO TRADE,66064.9,65638.4,0.0001,0.0,98950
2024-10-15 00:00:00,NO TRADE,65638.4,65994.6,0.0001,0.0,98950
2024-10-15 08:00:00,NO TRADE,65994.6,67044.1,0.0001,0.0,98950
2024-10-15 16:00:00,NO TRADE,67044.1,66948.8,0.0001,0.0,98950
2024-10-16 00:00:00,NO TRADE,66948.8,67726.0,0.0001,0.0,98950
2024-10-16 08:00:00,NO TRADE,67726.0,67592.0,8.325e-05,0.0,98950
2024-10-16 16:00:00,NO TRADE,67592.0,67280.8,8.5e-05,0.0,98950
2024-10-17 00:00:00,NO TRADE,67280.8,67561.9,0.0001,0.0,98950
2024-10-17 08:00:00,NO TRADE,67561.9,67401.5,0.0001,0.0,98950
2024-10-17 16:00:00,NO TRADE,67401.5,67955.0,0.0001,0.0,98950
2024-10-18 00:00:00,NO TRADE,67955.0,68710.0,0.0001,0.0,98950
2024-10-18 08:00:00,NO TRADE,68710.0,68407.8,0.0001,0.0,98950
2024-10-18 16:00:00,NO TRADE,68407.8,68328.9,0.0001,0.0,98950
2024-10-19 00:00:00,NO TRADE,68328.9,68206.9,0.0001,0.0,98950
2024-10-19 08:00:00,NO TRADE,68206.9,68357.1,0.0001,0.0,98950
2024-10-19 16:00:00,NO TRADE,68357.1,68347.0,0.0001,0.0,98950
2024-10-20 00:00:00,NO TRADE,68347.0,68605.0,0.0001,0.0,98950
2024-10-20 08:00:00,NO TRADE,68605.0,69020.1,0.0001,0.0,98950
2024-10-20 16:00:00,NO TRADE,69020.1,68519.3,0.0001,0.0,98950
2024-10-21 00:00:00,NO TRADE,68519.3,67354.3,0.0001,0.0,98950
2024-10-21 08:00:00,NO TRADE,67354.3,67368.8,0.0001,0.0,98950
2024-10-21 16:00:00,NO TRADE,67368.8,67387.3,0.0001,0.0,98950
2024-10-22 00:00:00,NO TRADE,67387.3,67266.8,0.0001,0.0,98950
2024-10-22 08:00:00,NO TRADE,67266.8,67406.4,0.0001,0.0,98950
2024-10-22 16:00:00,NO TRADE,67406.4,66838.0,0.0001,0.0,98950
2024-10-23 00:00:00,NO TRADE,66838.0,66201.6,0.0001,0.0,98950
2024-10-23 08:00:00,NO TRADE,66201.6,66647.2,0.0001,0.0,98950
2024-10-23 16:00:00,NO TRADE,66647.2,67104.4,0.0001,0.0,98950
2024-10-24 00:00:00,NO TRADE,67104.4,67672.7,0.0001,0.0,98950
2024-10-24 08:00:00,NO TRADE,67672.7,68173.8,0.0001,0.0,98950
2024-10-24 16:00:00,NO TRADE,68173.8,67503.6,0.0001,0.0,98950
2024-10-25 00:00:00,NO TRADE,67503.6,67660.6,0.0001,0.0,98950
2024-10-25 08:00:00,NO TRADE,67660.6,66662.8,0.0001,0.0,98950
2024-10-25 16:00:00,NO TRADE,66662.8,66982.0,0.0001,0.0,98950
2024-10-26 00:00:00,NO TRADE,66982.0,66864.2,0.0001,0.0,98950
2024-10-26 08:00:00,NO TRADE,66864.2,67071.8,4.755e-05,0.0,98950
2024-10-26 16:00:00,NO TRADE,67071.8,67174.7,7.569e-05,0.0,98950
2024-10-27 00:00:00,NO TRADE,67174.7,67759.9,0.0001,0.0,98950
2024-10-27 08:00:00,NO TRADE,67759.9,67992.6,0.0001,0.0,98950
2024-10-27 16:00:00,NO TRADE,67992.6,68395.2,9.724e-05,0.0,98950
2024-10-28 00:00:00,NO TRADE,68395.2,68459.1,0.0001,0.0,98950
2024-10-28 08:00:00,NO TRADE,68459.1,69940.0,9.425e-05,0.0,98950
2024-10-28 16:00:00,NO TRADE,69940.0,71004.2,0.0001,0.0,98950
2024-10-29 00:00:00,NO TRADE,71004.2,72374.9,8.946000000000001e-05,0.0,98950
2024-10-29 08:00:00,NO TRADE,72374.9,72739.5,0.0001,0.0,98950
2024-10-29 16:00:00,NO TRADE,72739.5,72244.8,0.0001,0.0,98950
2024-10-30 00:00:00,NO TRADE,72244.8,72058.8,0.0001,0.0,98950
2024-10-30 08:00:00,NO TRADE,72058.8,72349.0,0.0001,0.0,98950
2024-10-30 16:00:00,NO TRADE,72349.0,72417.8,0.0001,0.0,98950
2024-10-31 00:00:00,NO TRADE,72417.8,70638.7,0.0001,0.0,98950
2024-10-31 08:00:00,NO TRADE,70638.7,70321.9,0.0001,0.0,98950
2024-10-31 16:00:00,NO TRADE,70321.9,69301.0,0.0001,0.0,98950
2024-11-01 00:00:00,NO TRADE,69301.0,69381.0,0.0001,0.0,98950
2024-11-01 08:00:00,NO TRADE,69381.0,69495.5,0.0001,0.0,98950
2024-11-01 16:00:00,NO TRADE,69495.5,69813.1,0.0001,0.0,98950
2024-11-02 00:00:00,NO TRADE,69813.1,69394.0,0.0001,0.0,98950
2024-11-02 08:00:00,NO TRADE,69394.0,69366.6,0.0001,0.0,98950
2024-11-02 16:00:00,NO TRADE,69366.6,68395.6,0.0001,0.0,98950
2024-11-03 00:00:00,NO TRADE,68395.6,68076.0,0.0001,0.0,98950
2024-11-03 08:00:00,NO TRADE,68076.0,68762.5,0.0001,0.0,98950
2024-11-03 16:00:00,NO TRADE,68762.5,68601.0,0.0001,0.0,98950
2024-11-04 00:00:00,NO TRADE,68601.0,68614.7,0.0001,0.0,98950
2024-11-04 08:00:00,NO TRADE,68614.7,67834.3,0.0001,0.0,98950
2024-11-04 16:00:00,NO TRADE,67834.3,68876.0,0.0001,0.0,98950
2024-11-05 00:00:00,NO TRADE,68876.0,69615.3,0.0001,0.0,98950
2024-11-05 08:00:00,NO TRADE,69615.3,69353.1,0.0001,0.0,98950
2024-11-05 16:00:00,NO TRADE,69353.1,73435.9,0.0001,0.0,98950
2024-11-06 00:00:00,NO TRADE,73435.9,74289.6,0.0001,0.0,98950
2024-11-06 08:00:00,NO TRADE,74289.6,75579.9,0.0001,0.0,98950
2024-11-06 16:00:00,NO TRADE,75579.9,74800.0,0.0001,0.0,98950
2024-11-07 00:00:00,NO TRADE,74800.0,76081.6,0.0001,0.0,98950
2024-11-07 08:00:00,NO TRADE,76081.6,75859.4,0.0001,0.0,98950
2024-11-07 16:00:00,NO TRADE,75859.4,76171.0,0.0001,0.0,98950
2024-11-08 00:00:00,NO TRADE,76171.0,76423.3,0.0001,0.0,98950
2024-11-08 08:00:00,NO TRADE,76423.3,76482.2,0.0001,0.0,98950
2024-11-08 16:00:00,NO TRADE,76482.2,76523.9,0.0001,0.0,98950
2024-11-09 00:00:00,NO TRADE,76523.9,76305.7,0.0001,0.0,98950
2024-11-09 08:00:00,NO TRADE,76305.7,76675.1,0.0001,0.0,98950
2024-11-09 16:00:00,NO TRADE,76675.1,78858.2,0.0001,0.0,98950
2024-11-10 00:00:00,NO TRADE,78858.2,79735.1,0.0001,0.0,98950
2024-11-10 08:00:00,NO TRADE,79735.1,80410.0,0.0001,0.0,98950
2024-11-10 16:00:00,NO TRADE,80410.0,81147.9,0.00025603,0.0,98950
2024-11-11 00:00:00,NO TRADE,81147.9,84114.2,0.00014113,0.0,98950
2024-11-11 08:00:00,NO TRADE,84114.2,88728.9,0.00036877,0.0,98950
2024-11-11 16:00:00,NO TRADE,88728.9,89095.4,0.0001,0.0,98950
2024-11-12 00:00:00,NO TRADE,89095.4,86659.9,0.0001,0.0,98950
2024-11-12 08:00:00,NO TRADE,86659.9,87972.0,0.00049133,0.0,98950
2024-11-12 16:00:00,NO TRADE,87972.0,87402.9,0.0004373699999999,0.0,98950
2024-11-13 00:00:00,NO TRADE,87402.9,92608.1,0.0003875399999999,0.0,98950
2024-11-13 08:00:00,NO TRADE,92608.1,90413.3,0.0001,0.0,98950
2024-11-13 16:00:00,NO TRADE,90413.3,90818.9,0.00013101,0.0,98950
2024-11-14 00:00:00,NO TRADE,90818.9,88000.0,0.00021856,0.0,98950
2024-11-14 08:00:00,NO TRADE,88000.0,87382.7,0.0001,0.0,98950
2024-11-14 16:00:00,NO TRADE,87382.7,87693.9,0.0001,0.0,98950
2024-11-15 00:00:00,NO TRADE,87693.9,88485.4,0.0001,0.0,98950
2024-11-15 08:00:00,NO TRADE,88485.4,91074.6,0.0001,0.0,98950
2024-11-15 16:00:00,NO TRADE,91074.6,91173.3,0.0001,0.0,98950
2024-11-16 00:00:00,NO TRADE,91173.3,90578.0,0.00010977,0.0,98950
2024-11-16 08:00:00,NO TRADE,90578.0,90643.3,0.0001,0.0,98950
2024-11-16 16:00:00,NO TRADE,90643.3,90600.0,0.0001,0.0,98950
2024-11-17 00:00:00,NO TRADE,90600.0,90305.1,0.0001323099999999,0.0,98950
2024-11-17 08:00:00,NO TRADE,90305.1,89899.9,0.00015765,0.0,98950
2024-11-17 16:00:00,NO TRADE,89899.9,91795.9,0.0001,0.0,98950
2024-11-18 00:00:00,NO TRADE,91795.9,92407.8,0.00010577,0.0,98950
2024-11-18 08:00:00,NO TRADE,92407.8,90507.4,0.0001,0.0,98950
2024-11-18 16:00:00,NO TRADE,90507.4,91696.0,0.0003645,0.0,98950
2024-11-19 00:00:00,NO TRADE,91696.0,92453.3,0.00021318,0.0,98950
2024-11-19 08:00:00,NO TRADE,92453.3,92335.9,0.00021606,0.0,98950
2024-11-19 16:00:00,NO TRADE,92335.9,92856.6,0.00030216,0.0,98950
2024-11-20 00:00:00,NO TRADE,92856.6,94737.6,0.0001795899999999,0.0,98950
2024-11-20 08:00:00,NO TRADE,94737.6,94288.0,0.0001,0.0,98950
2024-11-20 16:00:00,NO TRADE,94288.0,96950.0,0.0001,0.0,98950
2024-11-21 00:00:00,NO TRADE,96950.0,96684.0,0.0001,0.0,98950
2024-11-21 08:00:00,NO TRADE,96684.0,98366.8,0.0001,0.0,98950
2024-11-21 16:00:00,NO TRADE,98366.8,99252.6,0.0001,0.0,98950
2024-11-22 00:00:00,NO TRADE,99252.6,98696.5,0.0001,0.0,98950
2024-11-22 08:00:00,NO TRADE,98696.5,98921.4,0.0001,0.0,98950
2024-11-22 16:00:00,NO TRADE,98921.4,98600.6,0.0001,0.0,98950
2024-11-23 00:00:00,NO TRADE,98600.6,98426.0,0.0001,0.0,98950
2024-11-23 08:00:00,NO TRADE,98426.0,97725.5,0.0001,0.0,98950
2024-11-23 16:00:00,NO TRADE,97725.5,98490.1,0.0001,0.0,98950
2024-11-24 00:00:00,NO TRADE,98490.1,95986.4,0.0001,0.0,98950
2024-11-24 08:00:00,NO TRADE,95986.4,97960.4,0.0001,0.0,98950
2024-11-24 16:00:00,NO TRADE,97960.4,98112.9,0.0001614799999999,0.0,98950
2024-11-25 00:00:00,NO TRADE,98112.9,96040.4,0.00023228,0.0,98950
2024-11-25 08:00:00,NO TRADE,96040.4,93064.0,0.00021034,0.0,98950
2024-11-25 16:00:00,NO TRADE,93064.0,93842.1,0.0001,0.0,98950
2024-11-26 00:00:00,NO TRADE,93842.1,92877.4,0.00025233,0.0,98950
2024-11-26 08:00:00,NO TRADE,92877.4,92021.4,0.00021902,0.0,98950
2024-11-26 16:00:00,NO TRADE,92021.4,93651.3,0.00017936,0.0,98950
2024-11-27 00:00:00,NO TRADE,93651.3,95610.5,0.00029599,0.0,98950
2024-11-27 08:00:00,NO TRADE,95610.5,95905.2,0.00031205,0.0,98950
2024-11-27 16:00:00,NO TRADE,95905.2,95371.6,0.00016794,0.0,98950
2024-11-28 00:00:00,NO TRADE,95371.6,95067.3,0.0001,0.0,98950
2024-11-28 08:00:00,NO TRADE,95067.3,95694.4,0.0001,0.0,98950
2024-11-28 16:00:00,NO TRADE,95694.4,95690.2,0.00014326,0.0,98950
2024-11-29 00:00:00,NO TRADE,95690.2,98076.2,0.00011859,0.0,98950
2024-11-29 08:00:00,NO TRADE,98076.2,97516.3,0.0002061899999999,0.0,98950
2024-11-29 16:00:00,NO TRADE,97516.3,96843.3,0.00011747,0.0,98950
2024-11-30 00:00:00,NO TRADE,96843.3,96707.4,0.0002192099999999,0.0,98950
2024-11-30 08:00:00,NO TRADE,96707.4,96475.1,0.0001,0.0,98950
2024-11-30 16:00:00,NO TRADE,96475.1,96525.4,0.00015909,0.0,98950
2024-12-01 00:00:00,NO TRADE,96525.4,97081.4,0.00012063,0.0,98950
2024-12-01 08:00:00,NO TRADE,97081.4,97265.1,0.0001590099999999,0.0,98950
2024-12-01 16:00:00,NO TRADE,97265.1,96053.6,0.00019581,0.0,98950
2024-12-02 00:00:00,NO TRADE,96053.6,97106.5,0.0001,0.0,98950
2024-12-02 08:00:00,NO TRADE,97106.5,95890.5,0.00025726,0.0,98950
2024-12-02 16:00:00,NO TRADE,95890.5,95608.8,0.00024555,0.0,98950
2024-12-03 00:00:00,NO TRADE,95608.8,95743.7,0.00013387,0.0,98950
2024-12-03 08:00:00,NO TRADE,95743.7,95913.3,0.00012778,0.0,98950
2024-12-03 16:00:00,NO TRADE,95913.3,96652.1,0.00024926,0.0,98950
2024-12-04 00:00:00,NO TRADE,96652.1,95813.0,0.00011951,0.0,98950
2024-12-04 08:00:00,NO TRADE,95813.0,98669.8,0.00026634,0.0,98950
2024-12-04 16:00:00,NO TRADE,98669.8,102292.1,0.00026254,0.0,98950
2024-12-05 00:00:00,NO TRADE,102292.1,101350.1,0.00023233,0.0,98950
2024-12-05 08:00:00,NO TRADE,101350.1,97001.5,0.00027625,0.0,98950
2024-12-05 16:00:00,LONG,97001.5,98209.6,0.00072446,1113.6998912387953,98900
2024-12-06 00:00:00,NO TRADE,98209.6,99358.5,0.0004705899999999,0.0,98900
2024-12-06 08:00:00,NO TRADE,99358.5,99802.5,0.0001,0.0,98900
2024-12-06 16:00:00,NO TRADE,99802.5,99442.6,0.0001463399999999,0.0,98900
2024-12-07 00:00:00,NO TRADE,99442.6,99811.4,0.0001,0.0,98900
2024-12-07 08:00:00,NO TRADE,99811.4,99899.2,0.00031972,0.0,98900
2024-12-07 16:00:00,NO TRADE,99899.2,99741.5,0.00012374,0.0,98900
2024-12-08 00:00:00,NO TRADE,99741.5,99975.0,0.0001409,0.0,98900
2024-12-08 08:00:00,NO TRADE,99975.0,101200.0,0.00016985,0.0,98900
2024-12-08 16:00:00,NO TRADE,101200.0,99637.1,0.00016572,0.0,98900
2024-12-09 00:00:00,NO TRADE,99637.1,97856.0,0.0001758,0.0,98900
2024-12-09 08:00:00,NO TRADE,97856.0,97349.1,0.00030413,0.0,98900
2024-12-09 16:00:00,NO TRADE,97349.1,97217.7,0.0002103199999999,0.0,98900
2024-12-10 00:00:00,NO TRADE,97217.7,95687.9,0.00011115,0.0,98900
2024-12-10 08:00:00,NO TRADE,95687.9,96602.4,0.0001,0.0,98900
2024-12-10 16:00:00,NO TRADE,96602.4,97337.9,0.0001,0.0,98900
2024-12-11 00:00:00,NO TRADE,97337.9,100352.7,0.0001,0.0,98900
2024-12-11 08:00:00,NO TRADE,100352.7,101115.3,0.0001,0.0,98900
2024-12-11 16:00:00,NO TRADE,101115.3,100481.6,0.0001,0.0,98900
2024-12-12 00:00:00,NO TRADE,100481.6,101775.1,0.0001,0.0,98900
2024-12-12 08:00:00,NO TRADE,101775.1,99982.4,0.0001,0.0,98900
2024-12-12 16:00:00,NO TRADE,99982.4,100100.0,0.0001,0.0,98900
2024-12-13 00:00:00,NO TRADE,100100.0,99831.0,0.0001,0.0,98900
2024-12-13 08:00:00,NO TRADE,99831.0,101371.9,0.0001,0.0,98900
2024-12-13 16:00:00,NO TRADE,101371.9,101787.0,0.0001,0.0,98900
2024-12-14 00:00:00,NO TRADE,101787.0,101601.9,0.0001,0.0,98900
2024-12-14 08:00:00,NO TRADE,101601.9,101381.0,6.75e-05,0.0,98900
2024-12-14 16:00:00,NO TRADE,101381.0,101671.9,0.0001,0.0,98900
2024-12-15 00:00:00,NO TRADE,101671.9,102668.5,0.0001,0.0,98900
2024-12-15 08:00:00,NO TRADE,102668.5,104460.4,0.0001,0.0,98900
2024-12-15 16:00:00,NO TRADE,104460.4,104949.9,8.194e-05,0.0,98900
2024-12-16 00:00:00,NO TRADE,104949.9,106281.2,0.0001,0.0,98900
2024-12-16 08:00:00,NO TRADE,106281.2,106023.2,0.0001,0.0,98900
2024-12-16 16:00:00,NO TRADE,106023.2,106784.0,0.0001,0.0,98900
2024-12-17 00:00:00,NO TRADE,106784.0,106429.9,9.181e-05,0.0,98900
2024-12-17 08:00:00,NO TRADE,106429.9,106074.6,7.866e-05,0.0,98900
2024-12-17 16:00:00,NO TRADE,106074.6,104200.1,0.0001,0.0,98900
2024-12-18 00:00:00,NO TRADE,104200.1,104395.1,0.0001,0.0,98900
2024-12-18 08:00:00,NO TRADE,104395.1,100181.1,0.0001,0.0,98900
2024-12-18 16:00:00,NO TRADE,100181.1,101615.2,9.158e-05,0.0,98900
2024-12-19 00:00:00,NO TRADE,101615.2,100631.1,0.0001,0.0,98900
2024-12-19 08:00:00,NO TRADE,100631.1,97434.4,0.0001,0.0,98900
2024-12-19 16:00:00,NO TRADE,97434.4,97826.1,0.0001,0.0,98900
2024-12-20 00:00:00,NO TRADE,97826.1,96961.3,0.0001,0.0,98900
2024-12-20 08:00:00,NO TRADE,96961.3,97764.4,0.0001,0.0,98900
2024-12-20 16:00:00,NO TRADE,97764.4,98988.1,0.0001,0.0,98900
2024-12-21 00:00:00,NO TRADE,98988.1,97486.5,0.0001,0.0,98900
2024-12-21 08:00:00,NO TRADE,97486.5,97261.8,0.0001,0.0,98900
2024-12-21 16:00:00,NO TRADE,97261.8,96192.1,1.206e-05,0.0,98900
2024-12-22 00:00:00,NO TRADE,96192.1,95341.0,0.0001,0.0,98900
2024-12-22 08:00:00,NO TRADE,95341.0,95153.5,0.0001,0.0,98900
2024-12-22 16:00:00,NO TRADE,95153.5,95360.5,0.0001,0.0,98900
2024-12-23 00:00:00,NO TRADE,95360.5,93217.6,9.629e-05,0.0,98900
2024-12-23 08:00:00,NO TRADE,93217.6,94861.1,0.0001,0.0,98900
2024-12-23 16:00:00,NO TRADE,94861.1,94200.0,0.0001,0.0,98900
2024-12-24 00:00:00,NO TRADE,94200.0,98243.5,8.981e-05,0.0,98900
2024-12-24 08:00:00,NO TRADE,98243.5,98627.2,0.0001,0.0,98900
2024-12-24 16:00:00,NO TRADE,98627.2,98049.7,0.0001,0.0,98900
2024-12-25 00:00:00,NO TRADE,98049.7,98493.3,0.0001,0.0,98900
2024-12-25 08:00:00,NO TRADE,98493.3,99379.7,0.0001,0.0,98900
2024-12-25 16:00:00,NO TRADE,99379.7,97669.6,0.0001,0.0,98900
2024-12-26 00:00:00,NO TRADE,97669.6,95993.5,0.0001,0.0,98900
2024-12-26 08:00:00,NO TRADE,95993.5,95751.0,9.827e-05,0.0,98900
2024-12-26 16:00:00,NO TRADE,95751.0,95074.4,7.453e-05,0.0,98900
2024-12-27 00:00:00,NO TRADE,95074.4,94539.9,8.585e-05,0.0,98900
2024-12-27 08:00:00,NO TRADE,94539.9,94258.9,0.0001,0.0,98900
2024-12-27 16:00:00,NO TRADE,94258.9,94334.7,0.0001,0.0,98900
2024-12-28 00:00:00,NO TRADE,94334.7,94407.7,0.0001,0.0,98900
2024-12-28 08:00:00,NO TRADE,94407.7,95259.1,0.0001,0.0,98900
2024-12-28 16:00:00,NO TRADE,95259.1,95233.2,7.639e-05,0.0,98900
2024-12-29 00:00:00,NO TRADE,95233.2,94468.4,5.173e-05,0.0,98900
2024-12-29 08:00:00,NO TRADE,94468.4,93700.0,8.013e-05,0.0,98900
2024-12-29 16:00:00,NO TRADE,93700.0,93688.9,0.0001,0.0,98900
2024-12-30 00:00:00,NO TRADE,93688.9,92081.5,0.0001,0.0,98900
2024-12-30 08:00:00,NO TRADE,92081.5,92759.3,-4.2e-07,0.0,98900
2024-12-30 16:00:00,NO TRADE,92759.3,92819.6,8.791e-05,0.0,98900
2024-12-31 00:00:00,NO TRADE,92819.6,95389.4,0.0001,0.0,98900
2024-12-31 08:00:00,NO TRADE,95389.4,93548.9,0.0001,0.0,98900
2024-12-31 16:00:00,NO TRADE,93548.9,93660.7,0.0001,0.0,98900
2025-01-01 00:00:00,NO TRADE,93660.7,94409.9,0.0001,0.0,98900
2025-01-01 08:00:00,NO TRADE,94409.9,94580.9,0.0001,0.0,98900
2025-01-01 16:00:00,NO TRADE,94580.9,95815.3,0.0001,0.0,98900
2025-01-02 00:00:00,NO TRADE,95815.3,96428.5,0.0001,0.0,98900
2025-01-02 08:00:00,NO TRADE,96428.5,96967.5,0.0001,0.0,98900
2025-01-02 16:00:00,NO TRADE,96967.5,96275.0,0.0001,0.0,98900
2025-01-03 00:00:00,NO TRADE,96275.0,97479.5,0.0001,0.0,98900
2025-01-03 08:00:00,NO TRADE,97479.5,98145.7,0.0001,0.0,98900
2025-01-03 16:00:00,NO TRADE,98145.7,98244.2,0.0001,0.0,98900
2025-01-04 00:00:00,NO TRADE,98244.2,97623.6,5.242e-05,0.0,98900
2025-01-04 08:00:00,NO TRADE,97623.6,98173.2,7.699e-05,0.0,98900
2025-01-04 16:00:00,NO TRADE,98173.2,98225.3,0.0001,0.0,98900
2025-01-05 00:00:00,NO TRADE,98225.3,97986.6,7.98e-06,0.0,98900
2025-01-05 08:00:00,NO TRADE,97986.6,98340.2,0.0001,0.0,98900
2025-01-05 16:00:00,NO TRADE,98340.2,99280.0,0.0001,0.0,98900
2025-01-06 00:00:00,NO TRADE,99280.0,102104.5,8.319999999999999e-05,0.0,98900
2025-01-06 08:00:00,NO TRADE,102104.5,102180.4,0.0001,0.0,98900
2025-01-06 16:00:00,NO TRADE,102180.4,101649.3,0.0001,0.0,98900
2025-01-07 00:00:00,NO TRADE,101649.3,97915.3,0.0001,0.0,98900
2025-01-07 08:00:00,NO TRADE,97915.3,96920.3,0.0001,0.0,98900
2025-01-07 16:00:00,NO TRADE,96920.3,95628.4,8.902999999999999e-05,0.0,98900
2025-01-08 00:00:00,NO TRADE,95628.4,95450.0,8.279e-05,0.0,98900
2025-01-08 08:00:00,NO TRADE,95450.0,95014.1,0.0001,0.0,98900
2025-01-08 16:00:00,NO TRADE,95014.1,93176.4,0.0001,0.0,98900
2025-01-09 00:00:00,NO TRADE,93176.4,94195.2,0.0001,0.0,98900
2025-01-09 08:00:00,NO TRADE,94195.2,92505.9,0.0001,0.0,98900
2025-01-09 16:00:00,NO TRADE,92505.9,94457.0,9.833e-05,0.0,98900
2025-01-10 00:00:00,NO TRADE,94457.0,93704.0,-5.44e-06,0.0,98900
2025-01-10 08:00:00,NO TRADE,93704.0,94675.5,3.966e-05,0.0,98900
