timestamp,funding_rate,trade_size,entry_spot,close_spot,entry_futures,close_futures,total_profit
2024-02-12 16:00:00,0.0001,0.01,49917.27,49983.09,49943.6,50019.9,1.4711436000000262
2024-02-13 00:00:00,0.0001,0.01,49983.09,48727.47,50019.9,48753.1,-25.174180099999983
2024-02-13 08:00:00,0.0001,0.01,48727.47,49699.59,48753.1,49696.4,19.202953099999984
2024-02-13 16:00:00,0.0001,0.01,49699.59,49838.93,49696.4,49845.0,2.9290964000000237
2024-02-14 00:00:00,0.0001,0.01,49838.93,51590.0,49845.0,51616.4,35.27454500000002
2024-02-14 08:00:00,0.0001,0.01,51590.0,51795.17,51616.4,51823.2,4.171316399999939
2024-02-14 16:00:00,0.0001,0.01,51795.17,51776.61,51823.2,51802.4,-0.34177679999993305
2024-02-15 00:00:00,0.00012282,0.01,51776.61,51948.23,51802.4,51968.7,3.4428237076799824
2024-02-15 08:00:00,0.0001,0.01,51948.23,51880.0,51968.7,51898.5,-1.332331300000003
2024-02-15 16:00:00,0.0001,0.01,51880.0,51731.99,51898.5,51786.4,-2.549201500000006
2024-02-16 00:00:00,0.0001,0.01,51731.99,51888.01,51786.4,51909.3,2.8409864000000553
2024-02-16 08:00:00,0.0001,0.01,51888.01,52124.11,51909.3,52148.6,4.805909299999942
2024-02-16 16:00:00,0.0001,0.01,52124.11,51911.33,52148.6,51933.9,-4.222651399999959
2024-02-17 00:00:00,0.0001,0.01,51911.33,50984.56,51933.9,51013.4,-18.42076610000004
2024-02-17 08:00:00,0.0001,0.01,50984.56,51642.64,51013.4,51679.4,13.291813400000018
2024-02-17 16:00:00,0.0001,0.01,51642.64,51671.1,51679.4,51703.7,0.5792793999999476
2024-02-18 00:00:00,0.00016041,0.01,51671.1,51773.99,51703.7,51808.9,2.1638379051700376
2024-02-18 08:00:00,0.0001724,0.01,51773.99,52137.67,51808.9,52175.9,7.396118543600004
2024-02-18 16:00:00,0.0001530499999999,0.01,52137.67,52394.04,52175.9,52423.9,5.123555214949974
2024-02-19 00:00:00,0.0001709499999999,0.01,52394.04,52127.99,52423.9,52157.5,-5.234881342950096
2024-02-19 08:00:00,0.00023064,0.01,52127.99,51774.73,52157.5,51813.8,-6.849303941999919
2024-02-19 16:00:00,0.00019594,0.01,51774.73,51839.28,51813.8,51869.2,1.301023959719898
2024-02-20 00:00:00,0.00013327,0.01,51839.28,51680.0,51869.2,51712.7,-3.0886739171599884
2024-02-20 08:00:00,0.00010461,0.01,51680.0,52258.82,51712.7,52297.4,11.689296655470041
2024-02-20 16:00:00,0.00010912,0.01,52258.82,51568.64,52297.4,51599.9,-13.819733077120004
2024-02-21 00:00:00,0.00020259,0.01,51568.64,51156.0,51599.9,51183.7,-8.183863762590038
2024-02-21 08:00:00,0.0001,0.01,51156.0,51849.39,51183.7,51877.8,13.926083700000053
2024-02-21 16:00:00,0.00011242,0.01,51849.39,51827.63,51877.8,51860.6,-0.33127897724006405
2024-02-22 00:00:00,0.0001,0.01,51827.63,51602.4,51860.6,51630.0,-4.506439399999945
2024-02-22 08:00:00,0.0001,0.01,51602.4,51288.42,51630.0,51316.9,-6.219170000000018
2024-02-22 16:00:00,0.00013479,0.01,51288.42,50915.96,51316.9,50952.3,-7.301429950489977
2024-02-23 00:00:00,0.00012557,0.01,50915.96,50911.11,50952.3,50938.1,-0.12651919689002908
2024-02-23 08:00:00,0.0001,0.01,50911.11,50744.15,50938.1,50771.9,-3.280661899999962
2024-02-23 16:00:00,0.0001,0.01,50744.15,51068.7,50771.9,51099.8,6.57527189999997
2024-02-24 00:00:00,0.00012991,0.01,51068.7,51099.34,51099.8,51124.6,0.6207837501799506
2024-02-24 08:00:00,0.0001,0.01,51099.34,51568.22,51124.6,51602.1,9.514924600000047
2024-02-24 16:00:00,0.0001,0.01,51568.22,51719.28,51602.1,51756.8,3.1092021000000205
2024-02-25 00:00:00,0.0001,0.01,51719.28,51524.02,51756.8,51547.8,-3.99084320000002
2024-02-25 08:00:00,0.00011438,0.01,51524.02,51728.85,51547.8,51764.9,4.278260373640004
2024-02-25 16:00:00,0.00015012,0.01,51728.85,51293.26,51764.9,51327.5,-8.652190532119981
2024-02-26 00:00:00,0.00015061,0.01,51293.26,52842.32,51327.5,52872.3,31.015904347750006
2024-02-26 08:00:00,0.00026761,0.01,52842.32,54476.47,52872.3,54511.6,32.875991562029974
2024-02-26 16:00:00,0.00021567,0.01,54476.47,56059.08,54511.6,56100.0,31.82766516772002
2024-02-27 00:00:00,0.00027227,0.01,56059.08,56745.66,56100.0,56775.0,13.768543470000019
2024-02-27 08:00:00,0.0003226199999999,0.01,56745.66,57037.34,56775.0,57074.5,6.0949675049998735
2024-02-27 16:00:00,0.00073521,0.01,57037.34,58241.1,57074.5,58300.0,24.71221743145002
2024-02-28 00:00:00,0.00022965,0.01,58241.1,60966.22,58300.0,61000.0,54.385085950000025
2024-02-28 08:00:00,0.00026729,0.01,60966.22,62432.1,61000.0,62487.9,29.700846899999988
2024-02-28 16:00:00,0.00023682,0.01,62432.1,62707.17,62487.9,62761.5,5.634683844779983
2024-02-29 00:00:00,0.00053538,0.01,62707.17,62768.02,62761.5,62809.1,1.420512518699971
2024-02-29 08:00:00,0.00069091,0.01,62768.02,61130.98,62809.1,61203.3,-31.99444564718989
2024-02-29 16:00:00,0.00076337,0.01,61130.98,61434.0,61203.3,61485.8,6.322407631209968
2024-03-01 00:00:00,0.00057031,0.01,61434.0,61263.99,61485.8,61335.3,-2.854440334020021
2024-03-01 08:00:00,0.00053322,0.01,61263.99,62387.9,61335.3,62430.6,22.519152086659993
2024-03-01 16:00:00,0.00064824,0.01,62387.9,62011.85,62430.6,62071.9,-6.942799878560001
2024-03-02 00:00:00,0.0004601,0.01,62011.85,61771.2,62071.9,61834.5,-4.494907188100029
2024-03-02 08:00:00,0.0003342599999999,0.01,61771.2,61987.28,61834.5,62039.9,4.42148799969997
2024-03-02 16:00:00,0.00057174,0.01,61987.28,61598.0,62039.9,61641.0,-7.527093075740003
2024-03-03 00:00:00,0.00056395,0.01,61598.0,62164.63,61641.0,62210.7,11.710924419499944
2024-03-03 08:00:00,0.00046266,0.01,62164.63,63113.97,62210.7,63178.5,19.45922402462007
2024-03-03 16:00:00,0.00042989,0.01,63113.97,64066.62,63178.5,64120.6,19.21909805365
2024-03-04 00:00:00,0.00044598,0.01,64066.62,66451.65,64120.6,66505.4,47.98426505187987
2024-03-04 08:00:00,0.00055071,0.01,66451.65,68245.71,66505.4,68296.4,36.21685188834012
2024-03-04 16:00:00,0.00046833,0.01,68245.71,66129.64,68296.4,66223.8,-41.56684746987999
2024-03-05 00:00:00,0.0006362,0.01,66129.64,66773.05,66223.8,66841.3,13.030415815600035
2024-03-05 08:00:00,0.0004896,0.01,66773.05,63724.01,66841.3,63747.4,-61.10214499520002
2024-03-05 16:00:00,0.00082969,0.01,63724.01,66676.46,63747.4,66759.4,60.17340580305997
2024-03-06 00:00:00,0.00088148,0.01,66676.46,66481.12,66759.4,66541.3,-3.545929240880023
2024-03-06 08:00:00,0.0003628,0.01,66481.12,66074.04,66541.3,66128.1,-7.961388163599989
2024-03-06 16:00:00,0.00033876,0.01,66074.04,66387.78,66128.1,66447.8,6.558415551560023
2024-03-07 00:00:00,0.00049354,0.01,66387.78,67260.01,66447.8,67317.1,17.743246472119992
2024-03-07 08:00:00,0.0003031,0.01,67260.01,66823.17,67317.1,66870.0,-8.635361869900024
2024-03-07 16:00:00,0.00040984,0.01,66823.17,67223.02,66870.0,67308.5,8.657560008000058
2024-03-08 00:00:00,0.00054217,0.01,67223.02,67617.6,67308.5,67685.8,8.083726494450048
2024-03-08 08:00:00,0.00034819,0.01,67617.6,68124.19,67685.8,68180.2,10.245575187019908
2024-03-08 16:00:00,0.00043497,0.01,68124.19,68288.64,68180.2,68336.3,3.5020634159400292
2024-03-09 00:00:00,0.00062913,0.01,68288.64,68288.2,68336.3,68341.6,0.4785241641900059
2024-03-09 08:00:00,0.00019134,0.01,68288.2,68313.27,68341.6,68360.1,0.5664648174400699
2024-03-09 16:00:00,0.00031281,0.01,68313.27,69347.16,68360.1,69430.0,21.251737228809937
2024-03-10 00:00:00,0.00026407,0.01,69347.16,69194.83,69430.0,69254.7,-3.0929561990000467
2024-03-10 08:00:00,0.0003101,0.01,69194.83,68955.88,69254.7,69001.8,-4.703741175299912
2024-03-10 16:00:00,0.0006345099999999,0.01,68955.88,71019.99,69001.8,71223.8,43.298923321179934
2024-03-11 00:00:00,0.00054479,0.01,71019.99,72010.0,71223.8,72061.4,18.66412014001986
2024-03-11 08:00:00,0.00035489,0.01,72010.0,72078.1,72061.4,72153.8,1.8607387024601456
2024-03-11 16:00:00,0.0007842799999999,0.01,72078.1,72121.1,72153.8,72175.5,1.212887822639899
2024-03-12 00:00:00,0.00066396,0.01,72121.1,71703.41,72175.5,71779.2,-7.660683550200052
2024-03-12 08:00:00,0.0004447,0.01,71703.41,71452.01,71779.2,71503.2,-4.954797897600088
2024-03-12 16:00:00,0.000453,0.01,71452.01,72855.16,71503.2,72964.0,28.963409496000118
2024-03-13 00:00:00,0.0004793499999999,0.01,72855.16,72634.95,72964.0,72670.2,-4.790347066000166
2024-03-13 08:00:00,0.00033224,0.01,72634.95,73072.41,72670.2,73127.6,9.190039472480152
2024-03-13 16:00:00,0.0006442,0.01,73072.41,73224.0,73127.6,73280.7,3.517987999199878
2024-03-14 00:00:00,0.0004540199999999,0.01,73224.0,70844.01,73280.7,70904.5,-47.2291909658601
2024-03-14 08:00:00,0.00024393,0.01,70844.01,71388.94,70904.5,71455.5,11.132257346850075
2024-03-14 16:00:00,0.00038753,0.01,71388.94,68448.29,71455.5,68487.4,-58.810588500850145
2024-03-15 00:00:00,0.00038258,0.01,68448.29,68157.07,68487.4,68199.2,-5.532180905079837
2024-03-15 08:00:00,0.00038515,0.01,68157.07,69499.85,68199.2,69552.2,27.22046921879999
2024-03-15 16:00:00,0.00014328,0.01,69499.85,69432.45,69552.2,69490.2,-1.1943456078400874
2024-03-16 00:00:00,0.00015306,0.01,69432.45,68385.58,69490.2,68431.8,-20.946338299879898
2024-03-16 08:00:00,0.0001,0.01,68385.58,65300.63,68431.8,65351.0,-61.58906820000007
2024-03-16 16:00:00,0.00023202,0.01,65300.63,65636.67,65351.0,65681.2,6.81402739019998
2024-03-17 00:00:00,0.00020813,0.01,65636.67,67965.5,65681.2,68009.8,46.71100228156008
2024-03-17 08:00:00,0.00013088,0.01,67965.5,68393.48,68009.8,68447.9,8.749811226239872
2024-03-17 16:00:00,0.00017773,0.01,68393.48,68218.38,68447.9,68262.9,-3.4793475473299127
2024-03-18 00:00:00,0.00024827,0.01,68218.38,67467.19,68262.9,67509.2,-14.879423698169994
2024-03-18 08:00:00,0.00020181,0.01,67467.19,67609.99,67509.2,67660.0,3.072240316520058
2024-03-18 16:00:00,0.0003059699999999,0.01,67609.99,64704.22,67660.0,64742.1,-58.02968069800012
2024-03-19 00:00:00,0.00027195,0.01,64704.22,64051.85,64742.1,64084.0,-12.928633859050013
2024-03-19 08:00:00,0.0002692299999999,0.01,64051.85,61937.4,64084.0,61974.1,-42.07096664680005
2024-03-19 16:00:00,0.00029065,0.01,61937.4,62957.85,61974.1,62995.1,20.59462772164997
2024-03-20 00:00:00,0.00024017,0.01,62957.85,63600.37,62995.1,63649.0,13.115495331670056
2024-03-20 08:00:00,0.00015847,0.01,63600.37,67840.51,63649.0,67876.4,84.77626457029987
2024-03-20 16:00:00,0.00018388,0.01,67840.51,66985.19,67876.4,67031.8,-16.874388875679834
2024-03-21 00:00:00,0.0001,0.01,66985.19,66557.77,67031.8,66601.6,-8.509168199999955
2024-03-21 08:00:00,0.00010403,0.01,66557.77,65501.27,66601.6,65539.9,-21.11271435552019
2024-03-21 16:00:00,0.00019304,0.01,65501.27,66178.01,65539.9,66223.4,13.72891822295998
2024-03-22 00:00:00,0.0001951,0.01,66178.01,63877.04,66223.4,63920.0,-45.91449814659988
2024-03-22 08:00:00,0.00016271,0.01,63877.04,63796.64,63920.0,63826.0,-1.6399957680000146
2024-03-22 16:00:00,0.0001,0.01,63796.64,64575.41,63826.0,64606.5,15.656526000000042
2024-03-23 00:00:00,0.00011993,0.01,64575.41,65104.05,64606.5,65147.5,10.773882575449996
2024-03-23 08:00:00,0.0001,0.01,65104.05,63990.01,65147.5,64020.3,-22.347252499999982
2024-03-23 16:00:00,0.0001,0.01,63990.01,64583.43,64020.3,64624.6,12.041220299999939
2024-03-24 00:00:00,0.0001080599999999,0.01,64583.43,65673.36,64624.6,65718.6,21.90913334276001
2024-03-24 08:00:00,0.00010351,0.01,65673.36,67209.99,65718.6,67260.9,30.857325322859932
2024-03-24 16:00:00,0.00014616,0.01,67209.99,66821.19,67260.9,66866.6,-7.7326914685599135
2024-03-25 00:00:00,0.00015884,0.01,66821.19,69792.05,66866.6,69844.6,59.59481090744001
2024-03-25 08:00:00,0.00025549,0.01,69792.05,69880.01,69844.6,69920.5,1.8170459685398606
2024-03-25 16:00:00,0.00016323,0.01,69880.01,70486.38,69920.5,70535.0,12.3228312321501
2024-03-26 00:00:00,0.00028814,0.01,70486.38,70250.0,70535.0,70307.1,-4.439560450999988
2024-03-26 08:00:00,0.00021963,0.01,70250.0,69988.0,70307.1,70044.1,-5.09558451627
2024-03-26 16:00:00,0.00018348,0.01,69988.0,69725.99,70044.1,69798.8,-4.944583085319977
2024-03-27 00:00:00,0.00026763,0.01,69725.99,68874.0,69798.8,68922.0,-17.10109747156008
2024-03-27 08:00:00,0.00028757,0.01,68874.0,69469.99,68922.0,69532.6,12.264098995400111
2024-03-27 16:00:00,0.00029551,0.01,69469.99,70399.03,69532.6,70456.8,18.737875786259906
2024-03-28 00:00:00,0.0004363,0.01,70399.03,71290.39,70456.8,71335.1,18.004003018400034
2024-03-28 08:00:00,0.00024195,0.01,71290.39,70780.6,71335.1,70838.7,-9.889304725550023
2024-03-28 16:00:00,0.00029899,0.01,70780.6,69794.0,70838.7,69855.6,-19.48519937086997
2024-03-29 00:00:00,0.0002943,0.01,69794.0,69180.0,69855.6,69240.1,-12.0894149692
2024-03-29 08:00:00,0.0001825,0.01,69180.0,69850.54,69240.1,69903.6,13.466763182499935
2024-03-29 16:00:00,0.00025455,0.01,69850.54,69852.18,69903.6,69900.1,0.15933961379999417
2024-03-30 00:00:00,0.0003017,0.01,69852.18,69999.99,69900.1,70064.9,3.336988601700006
2024-03-30 08:00:00,0.0001962399999999,0.01,69999.99,69582.18,70064.9,69642.1,-8.268604640240076
2024-03-30 16:00:00,0.0003226699999999,0.01,69582.18,70301.73,69642.1,70366.5,14.664214164069902
2024-03-31 00:00:00,0.0003436,0.01,70301.73,70381.13,70366.5,70446.2,1.8327792940000585
2024-03-31 08:00:00,0.00032351,0.01,70381.13,71280.01,70446.2,71363.0,18.384700501619932
2024-03-31 16:00:00,0.00039889,0.01,71280.01,69594.94,71363.0,69637.0,-33.826040129299926
2024-04-01 00:00:00,0.00040301,0.01,69594.94,68237.15,69637.0,68281.0,-26.857255926300084
2024-04-01 08:00:00,0.00070161,0.01,68237.15,69649.8,68281.0,69700.0,28.795566324100086
2024-04-01 16:00:00,0.00033491,0.01,69649.8,66455.5,69700.0,66503.3,-63.67656773
2024-04-02 00:00:00,0.00027469,0.01,66455.5,64890.0,66503.3,64928.3,-31.22232208523
2024-04-02 08:00:00,0.00010926,0.01,64890.0,65463.99,64928.3,65505.3,11.58084066057998
2024-04-02 16:00:00,0.0001,0.01,65463.99,66135.99,65505.3,66181.1,13.543505300000103
2024-04-03 00:00:00,0.0001645599999999,0.01,66135.99,65836.01,66181.1,65873.9,-5.9628923818402875
2024-04-03 08:00:00,0.0001,0.01,65836.01,65963.28,65873.9,65971.9,2.3185739000000405
2024-04-03 16:00:00,0.0001,0.01,65963.28,66091.6,65971.9,66104.8,2.6781719000001574
2024-04-04 00:00:00,0.0001,0.01,66091.6,67647.99,66104.8,67631.8,30.900004799999994
2024-04-04 08:00:00,0.0001,0.01,67647.99,68487.79,67631.8,68489.9,17.046631799999794
2024-04-04 16:00:00,0.0001,0.01,68487.79,66930.74,68489.9,66937.4,-31.027010099999885
2024-04-05 00:00:00,0.0001,0.01,66930.74,68190.62,66937.4,68201.5,25.30673739999996
2024-04-05 08:00:00,0.0001,0.01,68190.62,67820.62,68201.5,67825.7,-7.38979850000003
2024-04-05 16:00:00,0.0001,0.01,67820.62,67992.02,67825.7,67985.1,3.375825700000175
2024-04-06 00:00:00,0.0001,0.01,67992.02,68104.0,67985.1,68094.0,2.276785099999901
2024-04-06 08:00:00,0.0001,0.01,68104.0,68896.0,68094.0,68901.6,16.06409400000006
2024-04-06 16:00:00,0.0001,0.01,68896.0,69364.01,68901.6,69367.4,9.407001599999832
2024-04-07 00:00:00,0.0001,0.01,69364.01,69543.74,69367.4,69567.9,3.8716674000001046
2024-04-07 08:00:00,0.0001,0.01,69543.74,69360.39,69567.9,69362.7,-3.815932100000029
2024-04-07 16:00:00,0.0001,0.01,69360.39,70698.63,69362.7,70745.4,27.278762700000023
2024-04-08 00:00:00,0.0001,0.01,70698.63,71773.98,70745.4,71815.7,21.52724539999994
2024-04-08 08:00:00,0.0001,0.01,71773.98,71620.0,71815.7,71678.4,-2.840984299999988
2024-04-08 16:00:00,0.0001,0.01,71620.0,70383.99,71678.4,70444.0,-24.63242159999989
2024-04-09 00:00:00,0.00035189,0.01,70383.99,69264.0,70444.0,69322.8,-22.164014608400024
2024-04-09 08:00:00,0.00020915,0.01,69264.0,69146.0,69322.8,69189.3,-2.3700113637999998
2024-04-09 16:00:00,0.00020603,0.01,69146.0,69336.28,69189.3,69381.6,3.9683507147900174
2024-04-10 00:00:00,0.0001906,0.01,69336.28,68657.32,69381.6,68687.9,-13.594358670400034
2024-04-10 08:00:00,0.00011929,0.01,68657.32,70631.08,68687.9,70681.7,39.75753779590998
2024-04-10 16:00:00,0.0001245699999999,0.01,70631.08,70735.99,70681.7,70789.1,2.2111481936900517
2024-04-11 00:00:00,0.0001,0.01,70735.99,70000.0,70789.1,70045.9,-14.72111090000017
2024-04-11 08:00:00,0.00013978,0.01,70000.0,70006.23,70045.9,70055.7,0.25821015901998834
2024-04-11 16:00:00,0.00020153,0.01,70006.23,70764.01,70055.7,70825.9,15.42098325220996
2024-04-12 00:00:00,0.00019763,0.01,70764.01,69347.3,70825.9,69374.1,-28.545126773829804
2024-04-12 08:00:00,0.00011257,0.01,69347.3,67116.52,69374.1,67136.4,-44.6067055756301
2024-04-12 16:00:00,0.0002563,0.01,67116.52,67446.52,67136.4,67466.1,6.769070593200117
2024-04-13 00:00:00,0.00012214,0.01,67446.52,67676.0,67466.1,67683.2,4.548203094539872
2024-04-13 08:00:00,0.0001,0.01,67676.0,63924.51,67683.2,63939.7,-74.88221679999998
2024-04-13 16:00:00,0.0001,0.01,63924.51,64464.3,63939.7,64449.9,10.563839700000052
2024-04-14 00:00:00,0.0001,0.01,64464.3,64180.97,64449.9,64163.3,-5.634850100000003
2024-04-14 08:00:00,0.0001,0.01,64180.97,65661.84,64163.3,65615.9,29.398863299999867
2024-04-14 16:00:00,0.0001,0.01,65661.84,66263.84,65615.9,66224.8,12.174615900000088
2024-04-15 00:00:00,0.0001,0.01,66263.84,64568.81,66224.8,64552.8,-33.60407519999998
2024-04-15 08:00:00,0.0001,0.01,64568.81,63419.99,64552.8,63392.7,-23.024647200000054
2024-04-16 00:00:00,0.0001,0.01,63516.19,61762.2,63487.9,61749.2,-34.8634121000001
2024-04-20 08:00:00,0.0001,0.01,64808.35,64940.59,64771.0,64897.2,2.64917099999995
2024-04-27 08:00:00,0.0001,0.01,62951.75,63461.98,62928.4,63421.0,10.091228400000018
2024-05-01 00:00:00,0.0001,0.01,57499.99,56886.0,57482.0,56865.2,-12.250418000000009
2024-05-01 08:00:00,0.0001,0.01,56886.0,58364.97,56865.2,58307.6,29.27056520000003
2024-05-13 00:00:00,0.0001,0.01,62334.37,63002.0,62296.6,62980.5,13.577596599999989
2024-05-13 08:00:00,0.0001,0.01,63002.0,62940.08,62980.5,62912.1,-1.2402194999999971
2024-05-14 16:00:00,0.0001,0.01,61577.49,62195.04,61550.5,62157.4,12.306050500000044
2024-05-15 08:00:00,0.0001,0.01,64725.11,66206.5,64685.5,66175.4,29.777585499999937
2024-05-21 08:00:00,0.0001,0.01,69826.99,70148.34,69874.9,70168.8,6.2223749
2024-05-21 16:00:00,0.00010517,0.01,70148.34,69715.0,70168.8,69759.6,-8.351603473039937
2024-05-22 00:00:00,0.0001,0.01,69715.0,70455.9,69759.6,70485.7,14.739759599999855
2024-05-22 08:00:00,0.0001,0.01,70455.9,69166.62,70485.7,69219.1,-25.4883142999999
2024-05-22 16:00:00,0.00015759,0.01,69166.62,69734.04,69219.1,69770.6,11.298282379689983
2024-05-23 00:00:00,0.0001,0.01,69734.04,68076.0,69770.6,68103.0,-33.186629399999994
2024-05-23 08:00:00,0.0001,0.01,68076.0,67969.65,68103.0,67999.9,-2.0263970000001166
2024-05-23 16:00:00,0.0001,0.01,67969.65,67155.93,67999.9,67191.2,-16.156200099999985
2024-05-24 00:00:00,0.0001,0.01,67155.93,68326.46,67191.2,68340.2,23.262491200000134
2024-05-24 08:00:00,0.0001,0.01,68326.46,68549.99,68340.2,68584.1,4.742640200000077
2024-05-24 16:00:00,0.0001,0.01,68549.99,68753.92,68584.1,68775.0,4.016884099999872
2024-05-25 00:00:00,0.0001,0.01,68753.92,68930.4,68775.0,68949.1,3.5745750000000176
2024-05-25 08:00:00,0.0001,0.01,68930.4,69290.57,68949.1,69314.4,7.3236491000000115
2024-05-25 16:00:00,0.0001,0.01,69290.57,69340.15,69314.4,69359.2,1.013114399999901
2024-05-26 00:00:00,0.0001,0.01,69340.15,68847.99,69359.2,68864.6,-9.798240799999803
2024-05-26 08:00:00,0.0001,0.01,68847.99,68507.67,68864.6,68524.3,-6.737335400000099
2024-05-26 16:00:00,0.0001,0.01,68507.67,68643.36,68524.3,68661.1,2.7934243000000523
2024-05-27 00:00:00,0.0001,0.01,68643.36,70373.85,68661.1,70421.5,34.977561099999996
2024-05-27 08:00:00,0.0001,0.01,70373.85,69436.43,70421.5,69461.6,-18.902778500000068
2024-05-27 16:00:00,0.0001,0.01,69436.43,67694.0,69461.6,67712.0,-34.85083839999999
2024-05-28 00:00:00,0.0001,0.01,67694.0,68374.08,67712.0,68399.7,13.745511999999989
2024-05-28 08:00:00,0.0001,0.01,68374.08,68398.39,68399.7,68440.5,0.7194997000000058
2024-05-28 16:00:00,0.0001,0.01,68398.39,67946.9,68440.5,67993.6,-8.915459499999994
2024-05-29 00:00:00,0.0001,0.01,67946.9,67379.13,67993.6,67421.0,-11.335706399999953
2024-05-29 08:00:00,0.0001,0.01,67379.13,67652.42,67421.0,67686.7,5.457320999999907
2024-05-29 16:00:00,0.0001,0.01,67652.42,67584.56,67686.7,67627.8,-1.1999132999999476
2024-05-30 00:00:00,0.00012558,0.01,67584.56,68530.76,67627.8,68566.4,18.93292699123988
2024-05-30 08:00:00,0.0001,0.01,68530.76,68352.17,68566.4,68402.5,-3.356333599999907
2024-05-30 16:00:00,0.0001,0.01,68352.17,68174.99,68402.5,68226.1,-3.467397499999872
2024-05-31 00:00:00,0.0001,0.01,68174.99,67215.58,68226.1,67252.7,-19.259873900000123
2024-05-31 08:00:00,0.00014599,0.01,67215.58,67540.01,67252.7,67577.9,6.594482216729901
2024-05-31 16:00:00,0.0001226799999999,0.01,67540.01,67632.08,67577.9,67677.9,2.0036045677200023
2024-06-01 00:00:00,0.0001,0.01,67632.08,67691.28,67677.9,67728.2,1.1626778999999998
2024-06-01 08:00:00,0.0001,0.01,67691.28,67766.85,67728.2,67799.2,1.5334282000000699
2024-06-01 16:00:00,0.0001,0.01,67766.85,67721.0,67799.2,67743.0,-0.952700800000029
2024-06-02 00:00:00,0.0001025,0.01,67721.0,68142.17,67743.0,68189.8,8.749136575000012
2024-06-02 08:00:00,0.0001,0.01,68142.17,67765.63,68189.8,67805.9,-7.536210200000024
2024-06-02 16:00:00,0.0001,0.01,67765.63,68906.7,67805.9,68949.9,22.91850589999992
2024-06-03 00:00:00,0.0001,0.01,68906.7,69615.28,68949.9,69650.0,14.155749900000075
2024-06-03 08:00:00,0.0001,0.01,69615.28,68809.9,69650.0,68851.4,-15.970150000000105
2024-06-03 16:00:00,0.00014135,0.01,68809.9,69013.63,68851.4,69054.7,4.167621453900134
2024-06-04 00:00:00,0.0001,0.01,69013.63,70445.0,69054.7,70492.0,28.755754699999983
2024-06-04 08:00:00,0.00012008,0.01,70445.0,70537.84,70492.0,70580.0,1.8930467935999653
2024-06-04 16:00:00,0.0001,0.01,70537.84,71200.0,70580.0,71244.1,13.333180000000095
2024-06-05 00:00:00,0.0001,0.01,71200.0,71580.0,71244.1,71625.1,7.681244100000001
2024-06-05 08:00:00,0.0001,0.01,71580.0,71108.0,71625.1,71133.3,-9.566374900000028
2024-06-05 16:00:00,0.00016387,0.01,71108.0,71021.47,71133.3,71077.3,-1.3087338612899884
2024-06-06 00:00:00,0.00013226,0.01,71021.47,71300.0,71077.3,71334.3,5.4493068369799875
2024-06-06 08:00:00,0.0001,0.01,71300.0,70799.06,71334.3,70830.0,-9.981065700000052
2024-06-06 16:00:00,0.00010438,0.01,70799.06,71110.0,70830.0,71147.9,6.362332353999966
2024-06-07 00:00:00,0.0001176999999999,0.01,71110.0,71111.54,71147.9,71150.0,0.12014107829992303
2024-06-07 08:00:00,0.0001,0.01,71111.54,69355.6,71150.0,69377.0,-35.218249999999884
2024-06-07 16:00:00,0.0001,0.01,69355.6,69582.2,69377.0,69612.5,4.690376999999913
2024-06-08 00:00:00,0.00010166,0.01,69582.2,69430.01,69612.5,69462.1,-2.955131932499965
2024-06-08 08:00:00,0.0001,0.01,69430.01,69310.46,69462.1,69346.5,-2.282037899999942
2024-06-08 16:00:00,0.0001,0.01,69310.46,69295.64,69346.5,69331.9,-0.22485350000012808
2024-06-09 00:00:00,0.0001,0.01,69295.64,69508.64,69331.9,69530.1,4.181331900000116
2024-06-09 08:00:00,0.0001,0.01,69508.64,69648.14,69530.1,69667.1,2.8345301000000003
2024-06-09 16:00:00,0.0001,0.01,69648.14,69303.99,69667.1,69325.3,-6.78983289999997
2024-06-10 00:00:00,0.0001,0.01,69303.99,70066.12,69325.3,70090.9,15.346625299999815
2024-06-10 08:00:00,0.0001,0.01,70066.12,69540.0,70090.9,69558.7,-10.513109099999923
2024-06-10 16:00:00,0.0001,0.01,69540.0,67570.18,69558.7,67582.0,-39.39564130000004
2024-06-11 00:00:00,0.0001,0.01,67570.18,66244.48,67582.0,66266.0,-26.34941799999997
2024-06-11 08:00:00,0.0001,0.01,66244.48,67314.24,66266.0,67320.7,21.310866000000065
2024-06-11 16:00:00,0.0001,0.01,67314.24,67453.63,67320.7,67449.4,2.748220699999965
2024-06-12 00:00:00,0.0001,0.01,67453.63,69734.0,67449.4,69738.0,45.75714940000002
2024-06-12 08:00:00,0.0001,0.01,69734.0,68263.99,69738.0,68270.3,-29.30736199999992
2024-06-12 16:00:00,0.0001,0.01,68263.99,67724.81,68270.3,67724.9,-10.777529700000162
2024-06-13 00:00:00,0.0001,0.01,67724.81,66470.01,67724.9,66464.4,-25.085275100000032
2024-06-13 08:00:00,0.0001,0.01,66470.01,66773.01,66464.4,66786.9,6.3214644
2024-06-13 16:00:00,0.0001,0.01,66773.01,66904.98,66786.9,66906.2,2.579486900000041
2024-06-14 00:00:00,0.0001,0.01,66904.98,66392.0,66906.2,66380.0,-10.32489379999993
2024-06-14 08:00:00,0.0001,0.01,66392.0,66043.99,66380.0,66039.7,-6.816719999999977
2024-06-14 16:00:00,0.0001,0.01,66043.99,66076.99,66039.7,66082.6,0.8250397000000873
2024-06-15 00:00:00,0.0001,0.01,66076.99,66316.02,66082.6,66311.9,4.749382599999873
2024-06-15 08:00:00,0.0001,0.01,66316.02,66228.25,66311.9,66213.7,-1.7933881000000116
2024-06-15 16:00:00,0.0001,0.01,66228.25,66266.3,66213.7,66249.4,0.8037137
2024-06-16 00:00:00,0.0001,0.01,66266.3,66712.8,66249.4,66690.4,8.9412494
2024-06-16 08:00:00,0.0001,0.01,66712.8,66676.87,66690.4,66653.6,-0.6606095999999593
2024-06-16 16:00:00,0.0001,0.01,66676.87,66172.0,66653.6,66147.3,-10.045046399999983
2024-06-17 00:00:00,0.0001,0.01,66172.0,65368.0,66147.3,65341.9,-16.027852700000015
2024-06-17 08:00:00,0.0001,0.01,65368.0,66504.33,65341.9,66472.1,22.730641900000062
2024-06-17 16:00:00,0.0001,0.01,66504.33,65672.51,66472.1,65646.4,-16.50872790000019
2024-06-18 00:00:00,0.0001,0.01,65672.51,64706.0,65646.4,64676.8,-19.29545359999986
2024-06-18 08:00:00,0.0001,0.01,64706.0,65175.32,64676.8,65150.0,9.48987679999997
2024-06-19 00:00:00,0.0001,0.01,65326.89,64922.0,65295.0,64895.0,-7.9836049999999945
2024-06-19 08:00:00,0.0001,0.01,64922.0,64974.37,64895.0,64933.6,0.9745950000000118
2024-06-22 00:00:00,0.0001,0.01,64520.0,64307.08,64490.1,64283.4,-4.1317098999999535
2024-06-22 08:00:00,0.0001,0.01,64307.08,64262.01,64283.4,64240.0,-0.8204166000000117
2024-06-23 00:00:00,0.0001,0.01,64415.27,64094.0,64390.0,64071.8,-6.330309999999939
2024-06-23 08:00:00,0.0001,0.01,64094.0,63210.01,64071.8,63194.9,-17.544828199999994
2024-06-24 16:00:00,0.0001,0.01,60293.3,60685.16,60273.6,60660.8,7.85087360000005
2024-06-26 08:00:00,0.0001,0.01,61467.86,60864.99,61453.2,60860.1,-11.898246800000013
2024-06-26 16:00:00,0.0001,0.01,60864.99,60794.01,60860.1,60786.4,-1.3859398999999302
2024-06-27 00:00:00,0.0001,0.01,60794.01,61576.0,60786.4,61570.5,15.721686399999966
2024-06-27 08:00:00,0.0001,0.01,61576.0,61706.47,61570.5,61682.0,2.4812705000000115
2024-06-27 16:00:00,0.0001,0.01,61706.47,61350.01,61682.0,61317.9,-7.143917999999977
2024-06-28 00:00:00,0.0001,0.01,61350.01,61062.01,61317.9,61039.9,-5.5986820999999996
2024-06-28 08:00:00,0.0001,0.01,61062.01,60427.84,61039.9,60429.8,-12.38166010000004
2024-06-28 16:00:00,0.0001,0.01,60427.84,61052.3,60429.8,61049.8,12.505029800000063
2024-06-29 00:00:00,0.0001,0.01,61052.3,61106.0,61049.8,61107.9,1.1790497999999565
2024-06-29 08:00:00,0.0001,0.01,61106.0,60986.68,61107.9,60982.4,-2.387092099999997
2024-06-29 16:00:00,0.0001,0.01,60986.68,61528.01,60982.4,61533.6,10.98628239999999
2024-06-30 00:00:00,0.0001,0.01,61528.01,61717.9,61533.6,61722.4,3.8484336000000234
2024-06-30 08:00:00,0.0001,0.01,61717.9,62772.01,61722.4,62766.0,21.038822399999994
2024-06-30 16:00:00,0.0001,0.01,62772.01,63277.84,62766.0,63265.5,10.116065999999945
2024-07-01 00:00:00,0.0001,0.01,63277.84,63132.9,63265.5,63119.9,-2.8421344999999363
2024-07-01 08:00:00,0.0001,0.01,63132.9,62899.99,63119.9,62883.6,-4.628980100000064
2024-07-01 16:00:00,0.0001,0.01,62899.99,62629.99,62883.6,62617.9,-5.294116399999972
2024-07-02 00:00:00,0.0001,0.01,62629.99,61948.08,62617.9,61945.0,-13.485482099999977
2024-07-02 08:00:00,0.0001,0.01,61948.08,62135.47,61945.0,62123.6,3.7218449999999796
2024-07-02 16:00:00,0.0001,0.01,62135.47,60870.01,62123.6,60859.9,-25.229476399999964
2024-07-03 00:00:00,0.0001,0.01,60870.01,60186.25,60859.9,60176.1,-13.61474010000005
2024-07-03 08:00:00,0.0001,0.01,60186.25,60208.58,60176.1,60208.0,0.602476100000032
2024-07-03 16:00:00,0.0001,0.01,60208.58,58219.99,60208.0,58214.0,-39.765692000000044
2024-07-04 00:00:00,0.0001,0.01,58219.99,58140.0,58214.0,58137.6,-1.505685999999994
2024-07-04 08:00:00,0.0001,0.01,58140.0,57050.01,58137.6,57045.9,-21.758762399999952
2024-07-04 16:00:00,0.0001,0.01,57050.01,54415.05,57045.9,54389.4,-52.857554099999994
2024-07-05 00:00:00,0.0001,0.01,54415.05,56662.0,54389.4,56637.5,45.00488939999996
2024-07-05 08:00:00,0.0001,0.01,56662.0,56628.79,56637.5,56604.9,-0.6014624999999767
2024-07-05 16:00:00,0.0001,0.01,56628.79,56606.0,56604.9,56571.1,-0.5092951000000379
2024-07-07 16:00:00,0.0001,0.01,55857.81,55852.01,55830.9,55828.4,-0.027169099999956335
2024-07-08 00:00:00,0.0001,0.01,55852.01,55761.52,55828.4,55736.8,-1.765071600000038
2024-07-09 00:00:00,0.0001,0.01,57116.84,57477.01,57102.5,57445.3,7.0868025000000845
2024-07-09 08:00:00,0.0001,0.01,57477.01,58050.0,57445.3,58023.2,11.566345299999922
2024-07-10 00:00:00,0.0001,0.01,58977.99,57699.69,58948.1,57658.0,-25.625051899999942
2024-07-10 08:00:00,0.0001,0.01,57699.69,57725.85,57658.0,57707.0,0.8092579999999622
2024-07-11 08:00:00,0.0001,0.01,57402.01,57339.89,57382.8,57315.5,-1.2368172000000552
2024-07-11 16:00:00,0.0001,0.01,57339.89,57106.94,57315.5,57071.4,-4.713184499999956
2024-07-12 00:00:00,0.0001,0.01,57106.94,58214.0,57071.4,58188.9,22.30267139999998
2024-07-14 00:00:00,0.0001,0.01,60062.01,60084.0,60031.3,60053.3,0.49993129999997965
2024-07-24 08:00:00,0.0001,0.01,66176.0,65376.0,66155.7,65350.8,-15.982844299999943
2024-07-24 16:00:00,0.0001,0.01,65376.0,64134.0,65350.8,64115.1,-24.711649200000046
2024-07-25 00:00:00,0.0001,0.01,64134.0,64790.88,64115.1,64773.3,13.214915100000017
2024-07-25 08:00:00,0.0001,0.01,64790.88,65799.95,64773.3,65773.0,20.15247329999997
2024-07-25 16:00:00,0.0001,0.01,65799.95,66890.56,65773.0,66873.8,21.979873000000033
2024-07-26 00:00:00,0.0001,0.01,66890.56,67560.01,66873.8,67528.0,13.303373799999942
2024-07-26 08:00:00,0.0001,0.01,67560.01,67907.99,67528.0,67882.5,7.092328000000105
2024-07-26 16:00:00,0.0001,0.01,67907.99,68036.68,67882.5,68013.6,2.665782499999936
2024-07-30 00:00:00,0.0001,0.01,66952.0,66216.01,66914.0,66198.0,-14.452986000000053
2024-08-01 16:00:00,0.0001,0.01,65354.02,64164.07,65328.9,64146.0,-23.663171099999985
2024-08-02 00:00:00,0.0001,0.01,64164.07,63416.01,64146.0,63393.5,-14.941453999999977
2024-08-02 08:00:00,0.0001,0.01,63416.01,61498.33,63393.5,61483.7,-38.21140650000004
2024-08-02 16:00:00,0.0001,0.01,61498.33,61662.01,61483.7,61636.0,3.221283700000032
2024-08-03 00:00:00,0.0001,0.01,61662.01,60879.0,61636.0,60857.7,-15.551464000000049
2024-08-03 08:00:00,0.0001,0.01,60879.0,60697.99,60857.7,60684.6,-3.480242300000006
2024-08-04 08:00:00,0.0001,0.01,59086.01,58161.0,59070.0,58144.5,-18.44603000000002
2024-08-05 00:00:00,0.0001,0.01,52674.19,54321.09,52645.6,54289.8,32.963645599999985
2024-08-05 08:00:00,0.0001,0.01,54321.09,54018.81,54289.8,54003.1,-5.835510200000032
2024-08-16 08:00:00,-0.00011235,0.01,58071.06,58874.6,58035.6,58854.9,-16.293602996600036
2024-09-21 16:00:00,0.0001,0.01,63348.96,62936.0,63320.6,62909.3,-8.179279399999947
2024-09-27 00:00:00,0.0001,0.01,65460.02,66006.01,65438.9,65974.0,10.876338899999965
2024-09-27 08:00:00,0.0001,0.01,66006.01,65769.95,65974.0,65749.6,-4.538625999999919
2024-10-01 00:00:00,0.0001,0.01,64045.92,62628.85,64017.0,62613.8,-28.13868299999997
2024-10-01 08:00:00,0.0001,0.01,62628.85,60805.78,62613.8,60776.8,-36.538086199999995
2024-10-01 16:00:00,0.0001,0.01,60805.78,61727.4,60776.8,61702.5,18.533976799999998
2024-10-02 00:00:00,0.0001,0.01,61727.4,61874.01,61702.5,61833.9,2.8418025000000204
2024-10-09 08:00:00,0.0001,0.01,62316.0,60636.02,62285.4,60606.4,-33.52751460000003
2024-10-11 00:00:00,0.0001,0.01,60674.69,62259.05,60643.3,62218.0,31.651243299999976
2024-10-14 16:00:00,0.0001,0.01,66083.99,65638.74,66064.9,65638.4,-8.6514351
2024-10-15 00:00:00,0.0001,0.01,65638.74,66022.0,65638.4,65994.6,7.4602384000000646
2024-10-15 08:00:00,0.0001,0.01,66022.0,67074.14,65994.6,67044.1,21.082394599999994
2024-10-15 16:00:00,0.0001,0.01,67074.14,66972.53,67044.1,66948.8,-1.9020559000000348
2024-10-16 00:00:00,0.0001,0.01,66972.53,67749.99,66948.8,67726.0,15.613548800000036
2024-10-17 00:00:00,0.0001,0.01,67303.18,67590.66,67280.8,67561.9,5.753080800000017
2024-10-17 08:00:00,0.0001,0.01,67590.66,67421.78,67561.9,67401.5,-3.225238099999989
2024-10-17 16:00:00,0.0001,0.01,67421.78,67969.7,67401.5,67955.0,11.081601499999984
2024-10-18 00:00:00,0.0001,0.01,67969.7,68735.35,67955.0,68710.0,15.274455000000088
2024-10-18 08:00:00,0.0001,0.01,68735.35,68428.0,68710.0,68407.8,-6.026790000000029
2024-10-18 16:00:00,0.0001,0.01,68428.0,68346.54,68407.8,68328.9,-1.5351922000001514
2024-10-19 00:00:00,0.0001,0.01,68346.54,68226.93,68328.9,68206.9,-2.347771100000006
2024-10-19 08:00:00,0.0001,0.01,68226.93,68378.0,68206.9,68357.1,3.080906900000186
2024-10-19 16:00:00,0.0001,0.01,68378.0,68378.0,68357.1,68347.0,-0.03264290000005819
2024-10-20 00:00:00,0.0001,0.01,68378.0,68625.99,68347.0,68605.0,5.128247000000053
2024-10-20 08:00:00,0.0001,0.01,68625.99,69031.99,68605.0,69020.1,8.279605000000059
2024-10-20 16:00:00,0.0001,0.01,69031.99,68514.0,69020.1,68519.3,-10.118879900000081
2024-10-21 00:00:00,0.0001,0.01,68514.0,67341.02,68519.3,67354.3,-23.311280699999962
2024-10-21 08:00:00,0.0001,0.01,67341.02,67377.5,67354.3,67368.8,0.5771542999999593
2024-10-21 16:00:00,0.0001,0.01,67377.5,67402.0,67368.8,67387.3,0.4973688
2024-10-22 00:00:00,0.0001,0.01,67402.0,67282.27,67387.3,67266.8,-2.3349126999999594
2024-10-22 08:00:00,0.0001,0.01,67282.27,67426.0,67266.8,67406.4,2.900566799999872
2024-10-22 16:00:00,0.0001,0.01,67426.0,66852.34,67406.4,66838.0,-11.353193599999976
2024-10-23 00:00:00,0.0001,0.01,66852.34,66223.44,66838.0,66201.6,-12.586161999999884
2024-10-23 08:00:00,0.0001,0.01,66223.44,66668.65,66201.6,66647.2,8.974301599999832
2024-10-23 16:00:00,0.0001,0.01,66668.65,67123.08,66647.2,67104.4,9.182947200000047
2024-10-24 00:00:00,0.0001,0.01,67123.08,67701.22,67104.4,67672.7,11.531504400000024
2024-10-24 08:00:00,0.0001,0.01,67701.22,68198.28,67672.7,68173.8,10.049272700000035
2024-10-24 16:00:00,0.0001,0.01,68198.28,67531.97,68173.8,67503.6,-13.296926199999948
2024-10-25 00:00:00,0.0001,0.01,67531.97,67690.01,67503.6,67660.6,3.217903599999936
2024-10-25 08:00:00,0.0001,0.01,67690.01,66698.33,67660.6,66662.8,-19.82713939999996
2024-10-25 16:00:00,0.0001,0.01,66698.33,67007.99,66662.8,66982.0,6.3552628000000055
2024-10-26 00:00:00,0.0001,0.01,67007.99,66886.49,66982.0,66864.2,-2.326018000000029
2024-10-27 00:00:00,0.0001,0.01,67204.01,67791.99,67174.7,67759.9,11.798974700000077
2024-10-27 08:00:00,0.0001,0.01,67791.99,68021.7,67759.9,67992.6,4.6918599000000345
2024-10-28 00:00:00,0.0001,0.01,68415.52,68494.2,68395.2,68459.1,1.4941952000000174
2024-10-28 16:00:00,0.0001,0.01,69962.21,71017.97,69940.0,71004.2,21.26953999999992
2024-10-29 08:00:00,0.0001,0.01,72402.01,72736.42,72374.9,72739.5,7.062474900000093
2024-10-29 16:00:00,0.0001,0.01,72736.42,72227.99,72739.5,72244.8,-9.958560499999901
2024-10-30 00:00:00,0.0001,0.01,72227.99,72061.34,72244.8,72058.8,-3.4542552000000875
2024-10-30 08:00:00,0.0001,0.01,72061.34,72344.74,72058.8,72349.0,5.808058800000058
2024-10-30 16:00:00,0.0001,0.01,72344.74,72417.19,72349.0,72417.8,1.484849
2024-10-31 00:00:00,0.0001,0.01,72417.19,70620.0,72417.8,70638.7,-35.690482200000076
2024-10-31 08:00:00,0.0001,0.01,70620.0,70292.01,70638.7,70321.9,-6.3772613000000815
2024-10-31 16:00:00,0.0001,0.01,70292.01,69273.7,70321.9,69301.0,-20.321778099999918
2024-11-01 00:00:00,0.0001,0.01,69273.7,69387.77,69301.0,69381.0,2.01000100000007
2024-11-01 08:00:00,0.0001,0.01,69387.77,69496.01,69381.0,69495.5,2.296780999999907
2024-11-01 16:00:00,0.0001,0.01,69496.01,69813.91,69495.5,69813.1,6.424495500000146
2024-11-02 00:00:00,0.0001,0.01,69813.91,69393.17,69813.1,69394.0,-8.328586900000111
2024-11-02 08:00:00,0.0001,0.01,69393.17,69374.74,69394.0,69366.6,-0.38890599999987197
2024-11-02 16:00:00,0.0001,0.01,69374.74,68397.42,69366.6,68395.6,-19.413833400000073
2024-11-03 00:00:00,0.0001,0.01,68397.42,68090.9,68395.6,68076.0,-6.1928044000000995
2024-11-03 08:00:00,0.0001,0.01,68090.9,68775.99,68076.0,68762.5,13.78397600000011
2024-11-03 16:00:00,0.0001,0.01,68775.99,68618.0,68762.5,68601.0,-3.1261375000000524
2024-11-04 00:00:00,0.0001,0.01,68618.0,68646.01,68601.0,68614.7,0.48570099999991856
2024-11-04 08:00:00,0.0001,0.01,68646.01,67850.01,68614.7,67834.3,-15.695385299999941
2024-11-04 16:00:00,0.0001,0.01,67850.01,68893.99,67834.3,68876.0,20.924634300000076
2024-11-05 00:00:00,0.0001,0.01,68893.99,69639.99,68876.0,69615.3,14.92187600000003
2024-11-05 08:00:00,0.0001,0.01,69639.99,69372.01,69615.3,69353.1,-5.232184700000076
2024-11-05 16:00:00,0.0001,0.01,69372.01,73370.89,69353.1,73435.9,80.88615309999993
2024-11-06 00:00:00,0.0001,0.01,73370.89,74298.0,73435.9,74289.6,17.881535900000124
2024-11-06 08:00:00,0.0001,0.01,74298.0,75571.99,74289.6,75579.9,25.717189599999934
2024-11-06 16:00:00,0.0001,0.01,75571.99,74757.58,75579.9,74800.0,-15.867520099999979
2024-11-07 00:00:00,0.0001,0.01,74757.58,76059.69,74800.0,76081.6,25.911900000000067
2024-11-07 08:00:00,0.0001,0.01,76059.69,75857.89,76081.6,75859.4,-4.163918400000146
2024-11-07 16:00:00,0.0001,0.01,75857.89,76148.49,75859.4,76171.0,6.097859400000116
2024-11-08 00:00:00,0.0001,0.01,76148.49,76427.72,76171.0,76423.3,5.391470999999989
2024-11-08 08:00:00,0.0001,0.01,76427.72,76509.78,76423.3,76482.2,1.4860232999999186
2024-11-08 16:00:00,0.0001,0.01,76509.78,76529.08,76482.2,76523.9,0.6864822
2024-11-09 00:00:00,0.0001,0.01,76529.08,76319.9,76523.9,76305.7,-4.197276100000046
2024-11-09 08:00:00,0.0001,0.01,76319.9,76677.46,76305.7,76675.1,7.345905700000209
2024-11-09 16:00:00,0.0001,0.01,76677.46,78832.37,76675.1,78858.2,43.4567750999998
2024-11-10 00:00:00,0.0001,0.01,78832.37,79694.03,78858.2,79735.1,17.464458200000124
2024-11-10 08:00:00,0.0001,0.01,79694.03,80370.01,79735.1,80410.0,13.588535099999902
2024-11-10 16:00:00,0.00025603,0.01,80370.01,81109.1,80410.0,81147.9,14.975773723000053
2024-11-11 00:00:00,0.00014113,0.01,81109.1,84059.54,81147.9,84114.2,59.28192403126991
2024-11-11 08:00:00,0.00036877,0.01,84059.54,88647.99,84114.2,88728.9,92.34168793534008
2024-11-11 16:00:00,0.0001,0.01,88647.99,88983.35,88728.9,89095.4,7.107328900000006
2024-11-12 00:00:00,0.0001,0.01,88983.35,86632.0,89095.4,86659.9,-47.779404600000056
2024-11-12 08:00:00,0.00049133,0.01,86632.0,87952.01,86659.9,87972.0,26.746886086670006
2024-11-12 16:00:00,0.0004373699999999,0.01,87952.01,87356.0,87972.0,87402.9,-11.266336863600094
2024-11-13 00:00:00,0.0003875399999999,0.01,87356.0,92540.01,87402.9,92608.1,104.23082119865998
2024-11-13 08:00:00,0.0001,0.01,92540.01,90375.2,92608.1,90413.3,-43.50349190000001
2024-11-13 16:00:00,0.00013101,0.01,90375.2,90769.42,90413.3,90818.9,8.116650464329926
2024-11-14 00:00:00,0.00021856,0.01,90769.42,87947.99,90818.9,88000.0,-56.20480621215987
2024-11-14 08:00:00,0.0001,0.01,87947.99,87325.59,88000.0,87382.7,-12.309000000000117
2024-11-14 16:00:00,0.0001,0.01,87325.59,87612.0,87382.7,87693.9,6.063482700000006
2024-11-15 00:00:00,0.0001,0.01,87612.0,88445.41,87693.9,88485.4,16.336793900000036
2024-11-15 08:00:00,0.0001,0.01,88445.41,91032.07,88485.4,91074.6,51.847085400000154
2024-11-15 16:00:00,0.0001,0.01,91032.07,91117.53,91074.6,91173.3,1.9326745999998893
2024-11-16 00:00:00,0.00010977,0.01,91117.53,90521.2,91173.3,90578.0,-11.816219068590048
2024-11-16 08:00:00,0.0001,0.01,90521.2,90586.92,90578.0,90643.3,1.4007780000000407
2024-11-16 16:00:00,0.0001,0.01,90586.92,90550.8,90643.3,90600.0,-0.7035566999999825
2024-11-17 00:00:00,0.0001323099999999,0.01,90550.8,90260.01,90600.0,90305.1,-5.737027140000114
2024-11-17 08:00:00,0.00015765,0.01,90260.01,89855.99,90305.1,89899.9,-7.949834009850012
2024-11-17 16:00:00,0.0001,0.01,89855.99,91719.9,89899.9,91795.9,37.688999899999885
2024-11-18 00:00:00,0.00010577,0.01,91719.9,92309.51,91795.9,92407.8,12.112192523430092
2024-11-18 08:00:00,0.0001,0.01,92309.51,90464.08,92407.8,90507.4,-37.36589220000002
2024-11-18 16:00:00,0.0003645,0.01,90464.08,91620.01,90507.4,91696.0,23.775199472999986
2024-11-19 00:00:00,0.00021318,0.01,91620.01,92391.99,91696.0,92453.3,15.488277532800133
2024-11-19 08:00:00,0.00021606,0.01,92391.99,92310.79,92453.3,92335.9,-1.7862454000202037
2024-11-19 16:00:00,0.00030216,0.01,92310.79,92850.38,92335.9,92856.6,10.881902155440226
2024-11-20 00:00:00,0.0001795899999999,0.01,92850.38,94739.97,92856.6,94737.6,37.87266116793987
2024-11-20 08:00:00,0.0001,0.01,94739.97,94286.56,94737.6,94288.0,-8.935362400000093
2024-11-20 16:00:00,0.0001,0.01,94286.56,96912.01,94288.0,96950.0,52.968787999999975
2024-11-21 00:00:00,0.0001,0.01,96912.01,96672.0,96950.0,96684.0,-4.963149999999947
2024-11-21 08:00:00,0.0001,0.01,96672.0,98317.12,96684.0,98366.8,33.375883999999985
2024-11-21 16:00:00,0.0001,0.01,98317.12,99173.7,98366.8,99252.6,17.522166800000047
2024-11-22 00:00:00,0.0001,0.01,99173.7,98664.0,99252.6,98696.5,-10.55874740000003
2024-11-22 08:00:00,0.0001,0.01,98664.0,98892.0,98696.5,98921.4,4.627696499999942
2024-11-22 16:00:00,0.0001,0.01,98892.0,98560.85,98921.4,98600.6,-6.420578599999826
2024-11-23 00:00:00,0.0001,0.01,98560.85,98400.0,98600.6,98426.0,-3.2558994000001165
2024-11-23 08:00:00,0.0001,0.01,98400.0,97672.4,98426.0,97725.5,-14.18257400000006
2024-11-23 16:00:00,0.0001,0.01,97672.4,98431.05,97725.5,98490.1,15.330225500000147
2024-11-24 00:00:00,0.0001,0.01,98431.05,95901.51,98490.1,95986.4,-50.2339099000002
2024-11-24 08:00:00,0.0001,0.01,95901.51,97900.04,95986.4,97960.4,39.82128639999999
2024-11-24 16:00:00,0.0001614799999999,0.01,97900.04,98047.34,97960.4,98112.9,3.1561864539199314
2024-11-25 00:00:00,0.00023228,0.01,98047.34,96000.56,98112.9,96040.4,-40.96490335587999
2024-11-25 08:00:00,0.00021034,0.01,96000.56,93010.01,96040.4,93064.0,-59.46748862263997
2024-11-25 16:00:00,0.0001,0.01,93010.01,93785.71,93064.0,93842.1,15.631064000000176
2024-11-26 00:00:00,0.00025233,0.01,93785.71,92813.0,93842.1,92877.4,-19.137308229070182
2024-11-26 08:00:00,0.00021902,0.01,92813.0,91965.16,92877.4,92021.4,-16.834979918519963
2024-11-26 16:00:00,0.00017936,0.01,91965.16,93597.16,92021.4,93651.3,32.78404958304009
2024-11-27 00:00:00,0.00029599,0.01,93597.16,95556.01,93651.3,95610.5,39.45769848286989
2024-11-27 08:00:00,0.00031205,0.01,95556.01,95863.11,95610.5,95905.2,6.316352565250029
2024-11-27 16:00:00,0.00016794,0.01,95863.11,95299.66,95905.2,95371.6,-10.809436807119884
2024-11-28 00:00:00,0.0001,0.01,95299.66,95007.14,95371.6,95067.3,-5.87282840000007
2024-11-28 08:00:00,0.0001,0.01,95007.14,95643.98,95067.3,95694.4,12.734467299999878
2024-11-28 16:00:00,0.00014326,0.01,95643.98,95625.05,95694.4,95690.2,-0.09420820255990106
2024-11-29 00:00:00,0.00011859,0.01,95625.05,98019.47,95690.2,98076.2,47.91767900817999
2024-11-29 08:00:00,0.0002061899999999,0.01,98019.47,97460.0,98076.2,97516.3,-10.991476683220052
2024-11-29 16:00:00,0.00011747,0.01,97460.0,96783.38,97516.3,96843.3,-13.381647602389954
2024-11-30 00:00:00,0.0002192099999999,0.01,96783.38,96645.41,96843.3,96707.4,-2.5264098020701957
2024-11-30 08:00:00,0.0001,0.01,96645.41,96407.99,96707.4,96475.1,-4.600492599999866
2024-11-30 16:00:00,0.00015909,0.01,96407.99,96472.97,96475.1,96525.4,1.3062822365898428
2024-12-01 00:00:00,0.00012063,0.01,96472.97,97028.02,96525.4,97081.4,11.22693859002003
2024-12-01 08:00:00,0.0001590099999999,0.01,97028.02,97185.18,97081.4,97265.1,3.562969134139909
2024-12-01 16:00:00,0.00019581,0.01,97185.18,95999.99,97265.1,96053.6,-23.77644520768988
2024-12-02 00:00:00,0.0001,0.01,95999.99,97048.0,96053.6,97106.5,21.105153599999888
2024-12-02 08:00:00,0.00025726,0.01,97048.0,95840.62,97106.5,95890.5,-23.983983818100047
2024-12-02 16:00:00,0.00024555,0.01,95840.62,95550.0,95890.5,95608.8,-5.487740877249925
2024-12-03 00:00:00,0.00013387,0.01,95550.0,95682.54,95608.8,95743.7,2.802391500559878
2024-12-03 08:00:00,0.00012778,0.01,95682.54,95849.69,95743.7,95913.3,3.489841299860146
2024-12-03 16:00:00,0.00024926,0.01,95849.69,96588.81,95913.3,96652.1,15.018273491579983
2024-12-04 00:00:00,0.00011951,0.01,96588.81,95742.81,96652.1,95813.0,-16.73549107529006
2024-12-04 08:00:00,0.00026634,0.01,95742.81,98587.32,95813.0,98669.8,57.26828834420012
2024-12-04 16:00:00,0.00026254,0.01,98587.32,102236.1,98669.8,102292.1,72.96984769292001
2024-12-05 00:00:00,0.00023233,0.01,102236.1,101292.01,102292.1,101350.1,-18.62324476407011
2024-12-05 08:00:00,0.00027625,0.01,101292.01,96945.63,101350.1,97001.5,-86.66982034874997
2024-12-05 16:00:00,0.00072446,0.01,96945.63,98138.54,97001.5,98209.6,24.712837066899947
2024-12-06 00:00:00,0.0004705899999999,0.01,98138.54,99309.99,98209.6,99358.5,23.66566455663996
2024-12-06 08:00:00,0.0001,0.01,99309.99,99740.84,99358.5,99802.5,8.847858499999912
2024-12-06 16:00:00,0.0001463399999999,0.01,99740.84,99405.2,99802.5,99442.6,-6.8093490215000365
2024-12-07 00:00:00,0.0001,0.01,99405.2,99756.01,99442.6,99811.4,7.295542599999861
2024-12-07 08:00:00,0.00031972,0.01,99756.01,99831.99,99811.4,99899.2,1.9569170080801337
2024-12-07 16:00:00,0.00012374,0.01,99831.99,99675.11,99899.2,99741.5,-3.0221847299200175
2024-12-08 00:00:00,0.0001409,0.01,99675.11,99912.01,99741.5,99975.0,4.844535773499942
2024-12-08 08:00:00,0.00016985,0.01,99912.01,101109.59,99975.0,101200.0,24.39560753750002
2024-12-08 16:00:00,0.00016572,0.01,101109.59,99576.51,101200.0,99637.1,-30.792091359999958
2024-12-09 00:00:00,0.0001758,0.01,99576.51,97812.0,99637.1,97856.0,-35.280937978200015
2024-12-09 08:00:00,0.00030413,0.01,97812.0,97276.47,97856.0,97349.1,-10.126690547199932
2024-12-09 16:00:00,0.0002103199999999,0.01,97276.47,97196.44,97349.1,97217.7,-1.909555372880173
2024-12-10 00:00:00,0.00011115,0.01,97196.44,95658.79,97217.7,95687.9,-30.566442526450118
2024-12-10 08:00:00,0.0001,0.01,95658.79,96593.0,95687.9,96602.4,18.582787900000064
2024-12-10 16:00:00,0.0001,0.01,96593.0,97334.6,96602.4,97337.9,14.86760240000006
2024-12-11 00:00:00,0.0001,0.01,97334.6,100361.64,97337.9,100352.7,60.51573789999996
2024-12-11 08:00:00,0.0001,0.01,100361.64,101125.0,100352.7,101115.3,15.359952700000065
2024-12-11 16:00:00,0.0001,0.01,101125.0,100499.99,101115.3,100481.6,-12.485984699999918
2024-12-12 00:00:00,0.0001,0.01,100499.99,101797.14,100481.6,101775.1,26.006981599999943
2024-12-12 08:00:00,0.0001,0.01,101797.14,100004.29,101775.1,99982.4,-35.75372490000018
2024-12-12 16:00:00,0.0001,0.01,100004.29,100130.0,99982.4,100100.0,2.533082400000122
2024-12-13 00:00:00,0.0001,0.01,100130.0,99873.16,100100.0,99831.0,-5.158299999999965
2024-12-13 08:00:00,0.0001,0.01,99873.16,101424.25,99831.0,101371.9,31.019730999999908
2024-12-13 16:00:00,0.0001,0.01,101424.25,101824.0,101371.9,101787.0,8.249871900000059
2024-12-14 00:00:00,0.0001,0.01,101824.0,101625.12,101787.0,101601.9,-3.7380130000001044
2024-12-14 16:00:00,0.0001,0.01,101420.0,101732.09,101381.0,101671.9,6.131280999999907
2024-12-15 00:00:00,0.0001,0.01,101732.09,102704.01,101671.9,102668.5,19.78687190000004
2024-12-15 08:00:00,0.0001,0.01,102704.01,104463.99,102668.5,104460.4,35.62146850000005
2024-12-16 00:00:00,0.0001,0.01,104992.79,106332.01,104949.9,106281.2,26.81014990000004
2024-12-16 08:00:00,0.0001,0.01,106332.01,106058.66,106281.2,106023.2,-5.207218799999913
2024-12-16 16:00:00,0.0001,0.01,106058.66,106805.75,106023.2,106784.0,15.184923199999993
2024-12-17 16:00:00,0.0001,0.01,106133.74,104250.75,106074.6,104200.1,-37.46882540000006
2024-12-18 00:00:00,0.0001,0.01,104250.75,104428.54,104200.1,104395.1,3.832100099999936
2024-12-18 08:00:00,0.0001,0.01,104428.54,100204.01,104395.1,100181.1,-84.2809049
2024-12-19 00:00:00,0.0001,0.01,101656.57,100679.86,101615.2,100631.1,-19.506484799999978
2024-12-19 08:00:00,0.0001,0.01,100679.86,97461.86,100631.1,97434.4,-64.04636890000012
2024-12-19 16:00:00,0.0001,0.01,97461.86,97832.53,97434.4,97826.1,7.7211344000001
2024-12-20 00:00:00,0.0001,0.01,97832.53,96991.62,97826.1,96961.3,-16.959273900000063
2024-12-20 08:00:00,0.0001,0.01,96991.62,97805.44,96961.3,97764.4,16.266161299999986
2024-12-20 16:00:00,0.0001,0.01,97805.44,99040.0,97764.4,98988.1,24.680364400000094
2024-12-21 00:00:00,0.0001,0.01,99040.0,97527.97,98988.1,97486.5,-30.03731190000005
2024-12-21 08:00:00,0.0001,0.01,97527.97,97291.99,97486.5,97261.8,-4.50931349999993
2024-12-22 00:00:00,0.0001,0.01,96210.24,95377.72,96192.1,95341.0,-16.7400079000001
2024-12-22 08:00:00,0.0001,0.01,95377.72,95186.27,95341.0,95153.5,-3.694158999999971
2024-12-22 16:00:00,0.0001,0.01,95186.27,95404.01,95153.5,95360.5,4.342553499999907
2024-12-23 08:00:00,0.0001,0.01,93250.37,94881.47,93217.6,94861.1,32.839217600000055
2024-12-23 16:00:00,0.0001,0.01,94881.47,94233.19,94861.1,94200.0,-12.998938900000047
2024-12-24 08:00:00,0.0001,0.01,98300.0,98663.58,98243.5,98627.2,7.5710434999999885
2024-12-24 16:00:00,0.0001,0.01,98663.58,98084.33,98627.2,98049.7,-11.4688728
2024-12-25 00:00:00,0.0001,0.01,98084.33,98519.98,98049.7,98493.3,8.890549700000001
2024-12-25 08:00:00,0.0001,0.01,98519.98,99429.6,98493.3,99379.7,18.05869330000004
2024-12-25 16:00:00,0.0001,0.01,99429.6,97719.99,99379.7,97669.6,-34.09772029999992
2024-12-26 00:00:00,0.0001,0.01,97719.99,96042.88,97669.6,95993.5,-33.43443040000007
2024-12-27 08:00:00,0.0001,0.01,94573.75,94299.03,94539.9,94258.9,-5.4626601000000115
2024-12-27 16:00:00,0.0001,0.01,94299.03,94381.99,94258.9,94334.7,1.6818589000000932
2024-12-28 00:00:00,0.0001,0.01,94381.99,94447.29,94334.7,94407.7,1.4773346999998835
2024-12-28 08:00:00,0.0001,0.01,94447.29,95300.0,94407.7,95259.1,17.135507700000154
2024-12-29 16:00:00,0.0001,0.01,93738.2,93731.65,93700.0,93688.9,-0.08280000000008729
2024-12-30 00:00:00,0.0001,0.01,93731.65,92130.21,93688.9,92081.5,-31.99471109999982
2024-12-31 00:00:00,0.0001,0.01,92860.75,95412.0,92819.6,95389.4,51.30331959999988
2024-12-31 08:00:00,0.0001,0.01,95412.0,93576.0,95389.4,93548.9,-36.6696106
2024-12-31 16:00:00,0.0001,0.01,93576.0,93684.1,93548.9,93660.7,2.2925489000000874
2025-01-01 00:00:00,0.0001,0.01,93684.1,94432.94,93660.7,94409.9,15.074060699999936
2025-01-01 08:00:00,0.0001,0.01,94432.94,94591.79,94409.9,94580.9,3.3929098999999128
2025-01-01 16:00:00,0.0001,0.01,94591.79,95822.0,94580.9,95815.3,24.740680900000154
2025-01-02 00:00:00,0.0001,0.01,95822.0,96455.01,95815.3,96428.5,12.55791529999992
2025-01-02 08:00:00,0.0001,0.01,96455.01,96984.79,96428.5,96967.5,10.784228499999987
2025-01-02 16:00:00,0.0001,0.01,96984.79,96304.0,96967.5,96275.0,-13.635932499999935
2025-01-03 00:00:00,0.0001,0.01,96304.0,97521.35,96275.0,97479.5,24.31477500000006
2025-01-03 08:00:00,0.0001,0.01,97521.35,98174.18,97479.5,98145.7,13.287779499999843
2025-01-03 16:00:00,0.0001,0.01,98174.18,98271.88,98145.7,98244.2,2.0601457000001164
2025-01-04 16:00:00,0.0001,0.01,98220.5,98268.77,98173.2,98225.3,1.101873200000099
2025-01-05 08:00:00,0.0001,0.01,98028.98,98363.61,97986.6,98340.2,6.980286599999959
2025-01-05 16:00:00,0.0001,0.01,98363.61,99318.7,98340.2,99280.0,19.047240199999997
2025-01-06 08:00:00,0.0001,0.01,102147.95,102235.6,102104.5,102180.4,1.737604500000029
2025-01-06 16:00:00,0.0001,0.01,102235.6,101664.81,102180.4,101649.3,-10.916719599999993
2025-01-07 00:00:00,0.0001,0.01,101664.81,97952.26,101649.3,97915.3,-74.36385070000003
2025-01-07 08:00:00,0.0001,0.01,97952.26,96954.61,97915.3,96920.3,-19.828584699999944
2025-01-08 08:00:00,0.0001,0.01,95493.77,95060.61,95450.0,95014.1,-8.595149999999979
2025-01-08 16:00:00,0.0001,0.01,95060.61,93221.59,95014.1,93176.4,-36.67218590000016
2025-01-09 00:00:00,0.0001,0.01,93221.59,94244.02,93176.4,94195.2,20.505476400000106
2025-01-09 08:00:00,0.0001,0.01,94244.02,92552.49,94195.2,92505.9,-33.714104800000015
