timestamp,trigger,direction,funding_rate_kucoin,spot_kucoin,futures_binance,expected_funding,fees,net_expected_profit,trade_size,funding_rate_binance,spot_binance,futures_kucoin
2024-02-14 20:00:00,kucoin,Long Spot KuCoin / Short Futures Binance,0.000358,51792.0,51802.4,19.222161160799995,8.589472736,10.632688424799996,0.0691,,,
2024-02-16 20:00:00,kucoin,Long Spot KuCoin / Short Futures Binance,0.00030900000000000003,52121.1,51933.9,14.320053640485002,7.4371875624,6.8828660780850015,0.05949,,,
2024-02-19 04:00:00,kucoin,Long Spot KuCoin / Short Futures Binance,0.000303,52399.0,52157.5,13.770573600375002,7.299647490000001,6.470926110375001,0.05809,,,
2024-02-19 12:00:00,kucoin,Long Spot KuCoin / Short Futures Binance,0.000334,52120.8,51813.8,16.73298691548,8.055380555200001,8.67760636028,0.06446,,,
2024-02-20 20:00:00,kucoin,Long Spot KuCoin / Short Futures Binance,0.000329,52263.8,51599.9,16.23619749444,7.980683625599999,8.25551386884,0.06376,,,
2024-02-22 04:00:00,kucoin,Long Spot KuCoin / Short Futures Binance,0.000335,51823.9,51316.9,16.833585340800003,8.1061152768,8.727470064000002,0.06528,,,
2024-02-23 20:00:00,kucoin,Long Spot KuCoin / Short Futures Binance,0.000362,50746.2,51099.8,19.656110387760002,8.6376855488,11.018424838960001,0.07084,,,
2024-02-25 20:00:00,kucoin,Long Spot KuCoin / Short Futures Binance,0.000339,51725.9,51327.5,17.239072291875,8.18906394,9.050008351875,0.06605,,,
2024-02-26 12:00:00,kucoin,Long Spot KuCoin / Short Futures Binance,0.000338,52834.0,54511.6,17.135176343999998,7.9033036800000005,9.231872663999997,0.062,,,
2024-02-27 00:00:00,binance,Long Spot Binance / Short Futures KuCoin,,,,15.6102733694232,6.2910646212,9.3192087482232,0.03741,0.00032262,56059.08,86226.4
2024-02-27 00:00:00,binance,Long Spot Binance / Short Futures KuCoin,,,,15.6102733694232,6.2910646212,9.3192087482232,0.03741,0.00032262,56059.08,86226.4
2024-02-27 04:00:00,kucoin,Long Spot KuCoin / Short Futures Binance,0.00035999999999999997,56052.4,56775.0,19.440554849999995,8.548606468,10.891948381999995,0.06341,,,
2024-02-27 08:00:00,binance,Long Spot Binance / Short Futures KuCoin,,,,81.08474999035319,14.456546189600001,66.62820380075318,0.08527,0.00073521,56745.66,86226.4
2024-02-27 08:00:00,binance,Long Spot Binance / Short Futures KuCoin,,,,81.0942591670848,14.458241574399999,66.6360175926848,0.08528,0.00073521,56745.66,86226.4
2024-02-27 12:00:00,kucoin,Long Spot KuCoin / Short Futures Binance,0.000571,56745.8,57074.5,48.91363983555,13.640319284,35.27332055155,0.10006,,,
2024-02-27 20:00:00,kucoin,Long Spot KuCoin / Short Futures Binance,0.00046699999999999997,57031.8,58300.0,32.720326979999996,11.007174032000002,21.713152947999994,0.08012,,,
2024-02-28 16:00:00,binance,Long Spot Binance / Short Futures KuCoin,,,,43.001663564808,11.234595456,31.767068108807997,0.0621,0.00053538,62432.1,86226.4
2024-02-28 16:00:00,binance,Long Spot Binance / Short Futures KuCoin,,,,43.008588148312796,11.2364045696,31.7721835787128,0.06211,0.00053538,62432.1,86226.4
2024-02-28 20:00:00,kucoin,Long Spot KuCoin / Short Futures Binance,0.000378,62429.7,62761.5,21.436868149200002,9.03383136,12.403036789200002,0.06024,,,
2024-02-29 00:00:00,binance,Long Spot Binance / Short Futures KuCoin,,,,71.62366146335398,14.544139224999999,57.07952223835399,0.08015,0.00069091,62707.17,86226.4
2024-02-29 00:00:00,binance,Long Spot Binance / Short Futures KuCoin,,,,71.63259766565758,14.54595384,57.08664382565759,0.08016,0.00069091,62707.17,86226.4
2024-02-29 04:00:00,kucoin,Long Spot KuCoin / Short Futures Binance,0.00117,62700.0,62809.1,175.58532000945,23.976910615599998,151.60840939385,0.15929,,,
2024-02-29 08:00:00,binance,Long Spot Binance / Short Futures KuCoin,,,,87.45855102638158,16.084639856000003,71.37391117038158,0.08858,0.00076337,62768.02,86226.4
2024-02-29 08:00:00,binance,Long Spot Binance / Short Futures KuCoin,,,,87.4684244234268,16.086455688,71.3819687354268,0.08859,0.00076337,62768.02,86226.4
2024-02-29 12:00:00,kucoin,Long Spot KuCoin / Short Futures Binance,0.00108,62768.0,61203.3,162.11909564459998,24.529331993199996,137.58976365139998,0.16351,,,
2024-02-29 16:00:00,binance,Long Spot Binance / Short Futures KuCoin,,,,48.83154773671198,11.804063743999999,37.027483992711986,0.0662,0.00057031,61130.98,86226.4
2024-02-29 16:00:00,binance,Long Spot Binance / Short Futures KuCoin,,,,48.83154773671198,11.804063743999999,37.027483992711986,0.0662,0.00057031,61130.98,86226.4
2024-02-29 20:00:00,kucoin,Long Spot KuCoin / Short Futures Binance,0.001261,61143.2,61485.8,189.3370360596,23.912181216,165.4248548436,0.1628,,,
2024-03-01 00:00:00,binance,Long Spot Binance / Short Futures KuCoin,,,,42.697136322079196,11.0766375556,31.620498766479194,0.06191,0.00053322,61434.0,86226.4
2024-03-01 00:00:00,binance,Long Spot Binance / Short Futures KuCoin,,,,42.697136322079196,11.0766375556,31.620498766479194,0.06191,0.00053322,61434.0,86226.4
2024-03-01 04:00:00,kucoin,Long Spot KuCoin / Short Futures Binance,0.000969,61429.9,61335.3,141.009912968535,23.313296326400007,117.69661664213498,0.15817,,,
2024-03-01 08:00:00,binance,Long Spot Binance / Short Futures KuCoin,,,,63.108703104220794,13.441350787800001,49.66735231642079,0.07527,0.00064824,61263.99,86226.4
2024-03-01 08:00:00,binance,Long Spot Binance / Short Futures KuCoin,,,,63.11708741445119,13.443136539200001,49.673950875251194,0.07528,0.00064824,61263.99,86226.4
2024-03-01 12:00:00,kucoin,Long Spot KuCoin / Short Futures Binance,0.0007059999999999999,61266.0,62430.6,74.86749971495999,16.7033801376,58.16411957735999,0.11324,,,
2024-03-01 16:00:00,binance,Long Spot Binance / Short Futures KuCoin,,,,31.795738823628,9.6613707528,22.134368070828,0.05343,0.0004601,62387.9,86226.4
2024-03-01 16:00:00,binance,Long Spot Binance / Short Futures KuCoin,,,,31.801689738624003,9.6631789824,22.138510756224,0.05344,0.0004601,62387.9,86226.4
2024-03-01 20:00:00,kucoin,Long Spot KuCoin / Short Futures Binance,0.000791,62381.7,62071.9,93.98997239247002,19.090951459200003,74.89902093327002,0.12762,,,
2024-03-02 00:00:00,binance,Long Spot Binance / Short Futures KuCoin,,,,16.783071832987197,6.9903507852,9.792721047787197,0.03882,0.00033426,62011.85,86226.4
2024-03-02 00:00:00,binance,Long Spot Binance / Short Futures KuCoin,,,,16.783071832987197,6.9903507852,9.792721047787197,0.03882,0.00033426,62011.85,86226.4
2024-03-02 04:00:00,kucoin,Long Spot KuCoin / Short Futures Binance,0.000473,62018.2,62071.9,33.61133795976,11.361389011199998,22.249948948560004,0.07632,,,
2024-03-02 12:00:00,kucoin,Long Spot KuCoin / Short Futures Binance,0.000556,61772.0,62039.9,46.44296987616,13.316790009600002,33.126179866559994,0.08976,,,
2024-03-02 16:00:00,binance,Long Spot Binance / Short Futures KuCoin,,,,47.78454057056159,11.793222877199998,35.991317693361594,0.06551,0.00056396,61987.28,86226.4
2024-03-02 16:00:00,binance,Long Spot Binance / Short Futures KuCoin,,,,47.78454057056159,11.793222877199998,35.991317693361594,0.06551,0.00056396,61987.28,86226.4
2024-03-02 20:00:00,kucoin,Long Spot KuCoin / Short Futures Binance,0.000939,61982.0,61641.0,132.489377811,22.67947304,109.80990477099999,0.1526,,,
2024-03-03 00:00:00,binance,Long Spot Binance / Short Futures KuCoin,,,,32.164834593449996,9.63431985,22.530514743449995,0.05375,0.00046267,61598.0,86226.4
2024-03-03 00:00:00,binance,Long Spot Binance / Short Futures KuCoin,,,,32.164834593449996,9.63431985,22.530514743449995,0.05375,0.00046267,61598.0,86226.4
2024-03-03 04:00:00,kucoin,Long Spot KuCoin / Short Futures Binance,0.000958,61597.1,62210.7,137.92134585852,22.8455478944,115.07579796412,0.15428,,,
2024-03-03 08:00:00,binance,Long Spot Binance / Short Futures KuCoin,,,,27.773099421677998,9.009802179,18.763297242678,0.04995,0.00042989,62164.63,86226.4
2024-03-03 08:00:00,binance,Long Spot Binance / Short Futures KuCoin,,,,27.773099421677998,9.009802179,18.763297242678,0.04995,0.00042989,62164.63,86226.4
2024-03-03 12:00:00,kucoin,Long Spot KuCoin / Short Futures Binance,0.001047,62164.1,63178.5,157.3658291205,23.72649656,133.6393325605,0.1586,,,
2024-03-03 16:00:00,binance,Long Spot Binance / Short Futures KuCoin,,,,29.897034012986403,9.447318433,20.449715579986403,0.05183,0.00044598,63113.97,86226.4
2024-03-03 16:00:00,binance,Long Spot Binance / Short Futures KuCoin,,,,29.897034012986403,9.447318433,20.449715579986403,0.05183,0.00044598,63113.97,86226.4
2024-03-03 20:00:00,kucoin,Long Spot KuCoin / Short Futures Binance,0.000785,63106.1,64120.6,92.6409619755,18.633275988,74.0076859875,0.1227,,,
2024-03-04 00:00:00,binance,Long Spot Binance / Short Futures KuCoin,,,,45.593433975351594,11.789387404,33.80404657135159,0.06401,0.00055071,64066.62,86226.4
2024-03-04 00:00:00,binance,Long Spot Binance / Short Futures KuCoin,,,,45.593433975351594,11.789387404,33.80404657135159,0.06401,0.00055071,64066.62,86226.4
2024-03-04 04:00:00,kucoin,Long Spot KuCoin / Short Futures Binance,0.000697,64064.1,66505.4,73.04273118285,16.254424318,56.78830686485,0.10505,,,
2024-03-04 08:00:00,binance,Long Spot Binance / Short Futures KuCoin,,,,32.976275934139196,10.286463042400001,22.689812891739194,0.05444,0.00046833,66451.65,86226.4
2024-03-04 08:00:00,binance,Long Spot Binance / Short Futures KuCoin,,,,32.976275934139196,10.286463042400001,22.689812891739194,0.05444,0.00046833,66451.65,86226.4
2024-03-04 12:00:00,kucoin,Long Spot KuCoin / Short Futures Binance,0.000941,66453.5,68296.4,133.14818911031998,22.130354347199997,111.01783476311998,0.13812,,,
2024-03-04 16:00:00,binance,Long Spot Binance / Short Futures KuCoin,,,,60.86684584874398,14.242078762599998,46.624767086143976,0.07397,0.0006362,68245.71,86226.4
2024-03-04 16:00:00,binance,Long Spot Binance / Short Futures KuCoin,,,,60.86684584874398,14.242078762599998,46.624767086143976,0.07397,0.0006362,68245.71,86226.4
2024-03-04 20:00:00,kucoin,Long Spot KuCoin / Short Futures Binance,0.001193,68248.5,66223.8,179.43219076040998,24.677788993199997,154.75440176720997,0.15141,,,
2024-03-05 00:00:00,binance,Long Spot Binance / Short Futures KuCoin,,,,36.057066050304,10.722168693599999,25.334897356704005,0.05694,0.0004896,66129.64,86226.4
2024-03-05 00:00:00,binance,Long Spot Binance / Short Futures KuCoin,,,,36.057066050304,10.722168693599999,25.334897356704005,0.05694,0.0004896,66129.64,86226.4
2024-03-05 04:00:00,kucoin,Long Spot KuCoin / Short Futures Binance,0.0012939999999999998,66138.6,66841.3,194.66034053532002,23.858418548800003,170.80192198652003,0.15004,,,
2024-03-05 08:00:00,binance,Long Spot Binance / Short Futures KuCoin,,,,103.5665918559324,18.2976455226,85.2689463333324,0.09651,0.00082969,66773.05,86226.4
2024-03-05 08:00:00,binance,Long Spot Binance / Short Futures KuCoin,,,,103.57732303320479,18.2995414552,85.27778157800479,0.09652,0.00082969,66773.05,86226.4
2024-03-05 12:00:00,kucoin,Long Spot KuCoin / Short Futures Binance,0.001378,66776.0,63747.4,207.35995874646005,25.029849575200004,182.33010917126006,0.15737,,,
2024-03-05 16:00:00,binance,Long Spot Binance / Short Futures KuCoin,,,,116.94033456262558,18.8211006126,98.11923395002557,0.10257,0.00088148,63724.01,86226.4
2024-03-05 16:00:00,binance,Long Spot Binance / Short Futures KuCoin,,,,116.95173558968641,18.8229355644,98.12880002528641,0.10258,0.00088148,63724.01,86226.4
2024-03-05 20:00:00,kucoin,Long Spot KuCoin / Short Futures Binance,0.001547,63714.1,66759.4,232.88400166940994,23.170657546799998,209.71334412260995,0.15033,,,
2024-03-06 00:00:00,binance,Long Spot Binance / Short Futures KuCoin,,,,19.816177025423997,7.9983653784,11.817811647023998,0.04223,0.0003628,66676.46,86226.4
2024-03-06 00:00:00,binance,Long Spot Binance / Short Futures KuCoin,,,,19.816177025423997,7.9983653784,11.817811647023998,0.04223,0.0003628,66676.46,86226.4
2024-03-06 04:00:00,kucoin,Long Spot KuCoin / Short Futures Binance,0.0012720000000000001,66681.7,66759.4,191.52395976671997,24.067698177599997,167.45626158911998,0.15036,,,
2024-03-06 16:00:00,binance,Long Spot Binance / Short Futures KuCoin,,,,36.67916934932639,10.813698490399998,25.865470858926393,0.05746,0.00049354,66074.04,86226.4
2024-03-06 16:00:00,binance,Long Spot Binance / Short Futures KuCoin,,,,36.67916934932639,10.813698490399998,25.865470858926393,0.05746,0.00049354,66074.04,86226.4
2024-03-06 20:00:00,kucoin,Long Spot KuCoin / Short Futures Binance,0.000916,66074.1,66447.8,126.36732957252,21.969448361200005,104.39788121132,0.13841,,,
2024-03-07 00:00:00,binance,Long Spot Binance / Short Futures KuCoin,,,,13.835136120452399,6.6635537888,7.171582331652399,0.03529,0.00030311,66387.78,86226.4
2024-03-07 00:00:00,binance,Long Spot Binance / Short Futures KuCoin,,,,13.835136120452399,6.6635537888,7.171582331652399,0.03529,0.00030311,66387.78,86226.4
2024-03-07 04:00:00,kucoin,Long Spot KuCoin / Short Futures Binance,0.00041,66386.1,67317.1,25.3202500914,9.767193286400001,15.553056804999997,0.06116,,,
2024-03-07 08:00:00,binance,Long Spot Binance / Short Futures KuCoin,,,,25.3009769362272,9.0957715014,16.2052054348272,0.04773,0.00040984,67260.01,86226.4
2024-03-07 08:00:00,binance,Long Spot Binance / Short Futures KuCoin,,,,25.3009769362272,9.0957715014,16.2052054348272,0.04773,0.00040984,67260.01,86226.4
2024-03-07 12:00:00,kucoin,Long Spot KuCoin / Short Futures Binance,0.000516,67262.1,66870.0,40.106793762,12.496982778000001,27.609810984,0.07749,,,
2024-03-07 16:00:00,binance,Long Spot Binance / Short Futures KuCoin,,,,44.2763257584648,11.977247590000001,32.2990781684648,0.06314,0.00054217,66823.17,86226.4
2024-03-07 16:00:00,binance,Long Spot Binance / Short Futures KuCoin,,,,44.2763257584648,11.977247590000001,32.2990781684648,0.06314,0.00054217,66823.17,86226.4
2024-03-07 20:00:00,kucoin,Long Spot KuCoin / Short Futures Binance,0.0006140000000000001,66820.2,67308.5,56.79007281885001,14.709249717999999,42.08082310085001,0.09161,,,
2024-03-08 00:00:00,binance,Long Spot Binance / Short Futures KuCoin,,,,18.261593283882,7.724499260000001,10.537094023881998,0.04055,0.00034819,67223.02,86226.4
2024-03-08 00:00:00,binance,Long Spot Binance / Short Futures KuCoin,,,,18.261593283882,7.724499260000001,10.537094023881998,0.04055,0.00034819,67223.02,86226.4
2024-03-08 04:00:00,kucoin,Long Spot KuCoin / Short Futures Binance,0.000602,67236.1,67685.8,54.598743801420014,14.430950631600004,40.16779316982001,0.08933,,,
2024-03-08 08:00:00,binance,Long Spot Binance / Short Futures KuCoin,,,,28.500731288359198,9.6903643576,18.810366930759198,0.05066,0.00043497,67617.6,86226.4
2024-03-08 08:00:00,binance,Long Spot Binance / Short Futures KuCoin,,,,28.500731288359198,9.6903643576,18.810366930759198,0.05066,0.00043497,67617.6,86226.4
2024-03-08 12:00:00,kucoin,Long Spot KuCoin / Short Futures Binance,0.000485,67620.2,68180.2,35.43998273475,11.611516695999999,23.828466038749998,0.07145,,,
2024-03-08 16:00:00,binance,Long Spot Binance / Short Futures KuCoin,,,,59.63711558542919,14.093340126600001,45.54377545882919,0.07329,0.00062913,68124.19,86226.4
2024-03-08 16:00:00,binance,Long Spot Binance / Short Futures KuCoin,,,,59.63711558542919,14.093340126600001,45.54377545882919,0.07329,0.00062913,68124.19,86226.4
2024-03-08 20:00:00,kucoin,Long Spot KuCoin / Short Futures Binance,0.0007099999999999999,68124.1,68336.3,75.95856507015,17.0731284864,58.88543658375,0.10437,,,
2024-03-09 04:00:00,kucoin,Long Spot KuCoin / Short Futures Binance,0.0006180000000000001,68286.0,68336.3,57.55143096585001,14.890907342,42.66052362385001,0.09085,,,
2024-03-09 12:00:00,kucoin,Long Spot KuCoin / Short Futures Binance,0.000341,68290.0,68360.1,17.521558385265003,8.2142336444,9.307324740865003,0.05011,,,
2024-03-09 20:00:00,kucoin,Long Spot KuCoin / Short Futures Binance,0.00066,68313.0,69430.0,65.6425935,15.700009,49.9425845,0.0955,,,
2024-03-10 00:00:00,binance,Long Spot Binance / Short Futures KuCoin,,,,14.491096258547998,7.0360096724000005,7.455086586147997,0.03613,0.0003101,69347.16,86226.4
2024-03-10 00:00:00,binance,Long Spot Binance / Short Futures KuCoin,,,,14.491096258547998,7.0360096724000005,7.455086586147997,0.03613,0.0003101,69347.16,86226.4
2024-03-10 04:00:00,kucoin,Long Spot KuCoin / Short Futures Binance,0.000619,69351.3,69254.7,57.7440840771,14.943122304000001,42.8009617731,0.0898,,,
2024-03-10 08:00:00,binance,Long Spot Binance / Short Futures KuCoin,,,,60.680539139282395,14.376658470800002,46.30388066848239,0.07394,0.00063451,69194.83,86226.4
2024-03-10 08:00:00,binance,Long Spot Binance / Short Futures KuCoin,,,,60.680539139282395,14.376658470800002,46.30388066848239,0.07394,0.00063451,69194.83,86226.4
2024-03-10 12:00:00,kucoin,Long Spot KuCoin / Short Futures Binance,0.000419,69197.7,69001.8,26.462928619259998,10.1290832424,16.333845376859998,0.06102,,,
2024-03-10 16:00:00,binance,Long Spot Binance / Short Futures KuCoin,,,,44.7369083422716,12.314451830800001,32.422456511471594,0.06349,0.00054479,68955.88,86226.4
2024-03-10 16:00:00,binance,Long Spot Binance / Short Futures KuCoin,,,,44.7369083422716,12.314451830800001,32.422456511471594,0.06349,0.00054479,68955.88,86226.4
2024-03-10 20:00:00,kucoin,Long Spot KuCoin / Short Futures Binance,0.000965,68953.9,71223.8,140.3761270008,22.656659091199998,117.71946790960001,0.13616,,,
2024-03-11 00:00:00,binance,Long Spot Binance / Short Futures KuCoin,,,,18.984790354358402,8.192884110400001,10.791906243958401,0.04136,0.00035489,71019.99,86226.4
2024-03-11 00:00:00,binance,Long Spot Binance / Short Futures KuCoin,,,,18.984790354358402,8.192884110400001,10.791906243958401,0.04136,0.00035489,71019.99,86226.4
2024-03-11 04:00:00,kucoin,Long Spot KuCoin / Short Futures Binance,0.000415,70990.0,72061.4,25.9639386042,9.8861679328,16.0777706714,0.05788,,,
2024-03-11 08:00:00,binance,Long Spot Binance / Short Futures KuCoin,,,,92.7350414923296,18.2901397672,74.4449017251296,0.09142,0.00078428,72010.0,86226.4
2024-03-11 08:00:00,binance,Long Spot Binance / Short Futures KuCoin,,,,92.7350414923296,18.2901397672,74.4449017251296,0.09142,0.00078428,72010.0,86226.4
2024-03-11 12:00:00,kucoin,Long Spot KuCoin / Short Futures Binance,0.000484,72010.7,72153.8,35.322301128839996,11.6574952956,23.664805833239996,0.06743,,,
2024-03-11 16:00:00,binance,Long Spot Binance / Short Futures KuCoin,,,,66.4768599436656,15.497742097600002,50.9791178460656,0.07741,0.00066396,72078.1,86226.4
2024-03-11 16:00:00,binance,Long Spot Binance / Short Futures KuCoin,,,,66.4768599436656,15.497742097600002,50.9791178460656,0.07741,0.00066396,72078.1,86226.4
2024-03-11 20:00:00,kucoin,Long Spot KuCoin / Short Futures Binance,0.001275,72085.5,72175.5,192.28365174375,24.10463916,168.17901258375,0.1393,,,
2024-03-12 00:00:00,binance,Long Spot Binance / Short Futures KuCoin,,,,29.828482214232,10.3870062096,19.441476004632,0.05186,0.0004447,72121.1,86226.4
2024-03-12 00:00:00,binance,Long Spot Binance / Short Futures KuCoin,,,,29.828482214232,10.3870062096,19.441476004632,0.05186,0.0004447,72121.1,86226.4
2024-03-12 04:00:00,kucoin,Long Spot KuCoin / Short Futures Binance,0.00054,72124.3,71779.2,43.983781488,13.084445182000001,30.899336305999995,0.07565,,,
2024-03-12 08:00:00,binance,Long Spot Binance / Short Futures KuCoin,,,,30.953540138039997,10.5371537634,20.41638637464,0.05283,0.000453,71703.41,86226.4
2024-03-12 08:00:00,binance,Long Spot Binance / Short Futures KuCoin,,,,30.953540138039997,10.5371537634,20.41638637464,0.05283,0.000453,71703.41,86226.4
2024-03-12 12:00:00,kucoin,Long Spot KuCoin / Short Futures Binance,0.0007059999999999999,71709.6,71503.2,75.18426338951998,17.0799134592,58.104349930319984,0.09929,,,
2024-03-12 16:00:00,binance,Long Spot Binance / Short Futures KuCoin,,,,34.663605822065996,11.123360473799998,23.540245348265998,0.05591,0.00047935,71452.01,86226.4
2024-03-12 16:00:00,binance,Long Spot Binance / Short Futures KuCoin,,,,34.663605822065996,11.123360473799998,23.540245348265998,0.05591,0.00047935,71452.01,86226.4
2024-03-12 20:00:00,kucoin,Long Spot KuCoin / Short Futures Binance,0.000523,71450.0,72964.0,41.2645019922,12.405650904000002,28.8588510882,0.07209,,,
2024-03-13 00:00:00,binance,Long Spot Binance / Short Futures KuCoin,,,,16.6515681228,7.81810235,8.8334657728,0.03875,0.00033224,72855.16,86226.4
2024-03-13 00:00:00,binance,Long Spot Binance / Short Futures KuCoin,,,,16.6515681228,7.81810235,8.8334657728,0.03875,0.00033224,72855.16,86226.4
2024-03-13 04:00:00,kucoin,Long Spot KuCoin / Short Futures Binance,0.000654,72861.2,72964.0,64.52728212599999,15.767956199999999,48.75932592599999,0.09015,,,
2024-03-13 12:00:00,kucoin,Long Spot KuCoin / Short Futures Binance,0.000484,72632.2,73127.6,35.342437450320006,11.6174928408,23.724944609520005,0.06657,,,
2024-03-13 16:00:00,binance,Long Spot Binance / Short Futures KuCoin,,,,31.099576445683198,10.7080872608,20.3914891848832,0.05296,0.00045402,73072.41,86226.4
2024-03-13 16:00:00,binance,Long Spot Binance / Short Futures KuCoin,,,,31.099576445683198,10.7080872608,20.3914891848832,0.05296,0.00045402,73072.41,86226.4
2024-03-13 20:00:00,kucoin,Long Spot KuCoin / Short Futures Binance,0.000787,73078.1,73127.6,93.45775288668001,18.9895878024,74.46816508428002,0.10826,,,
2024-03-14 04:00:00,kucoin,Long Spot KuCoin / Short Futures Binance,0.000317,73223.8,70904.5,15.161675860575002,7.8611787180000015,7.300497142575001,0.04497,,,
2024-03-14 08:00:00,binance,Long Spot Binance / Short Futures KuCoin,,,,22.660597082494803,8.9396074878,13.720989594694803,0.04521,0.00038753,70844.01,86226.4
2024-03-14 08:00:00,binance,Long Spot Binance / Short Futures KuCoin,,,,22.660597082494803,8.9396074878,13.720989594694803,0.04521,0.00038753,70844.01,86226.4
2024-03-14 16:00:00,binance,Long Spot Binance / Short Futures KuCoin,,,,22.084148722178398,8.8735615352,13.210587186978398,0.04463,0.00038258,71388.94,86226.4
2024-03-14 16:00:00,binance,Long Spot Binance / Short Futures KuCoin,,,,22.084148722178398,8.8735615352,13.210587186978398,0.04463,0.00038258,71388.94,86226.4
2024-03-14 20:00:00,kucoin,Long Spot KuCoin / Short Futures Binance,0.0005290000000000001,71387.9,68487.4,42.231306701490006,13.2239697596,29.007336941890006,0.07771,,,
2024-03-15 00:00:00,binance,Long Spot Binance / Short Futures KuCoin,,,,22.386927034836,8.6708916756,13.716035359235999,0.04494,0.00038515,68448.29,86226.4
2024-03-15 00:00:00,binance,Long Spot Binance / Short Futures KuCoin,,,,22.386927034836,8.6708916756,13.716035359235999,0.04494,0.00038515,68448.29,86226.4
2024-03-15 04:00:00,kucoin,Long Spot KuCoin / Short Futures Binance,0.000983,68445.2,68199.2,145.83170652407998,23.807945001600004,122.02376152247997,0.14502,,,
2024-03-15 12:00:00,kucoin,Long Spot KuCoin / Short Futures Binance,0.001378,68155.9,69552.2,207.98395371858,23.7450748156,184.23887890298002,0.14467,,,
2024-03-15 20:00:00,kucoin,Long Spot KuCoin / Short Futures Binance,0.000861,69492.1,69490.2,111.9140018451,20.797500916,91.1165009291,0.1247,,,
2024-03-16 04:00:00,kucoin,Long Spot KuCoin / Short Futures Binance,0.000441,69428.2,68431.8,29.36058851502,10.7816207232,18.578967791820002,0.06486,,,
2024-03-16 12:00:00,kucoin,Long Spot KuCoin / Short Futures Binance,0.00040500000000000003,68380.0,65351.0,24.761346860250004,10.160097948,14.601248912250004,0.06237,,,
2024-03-16 20:00:00,kucoin,Long Spot KuCoin / Short Futures Binance,0.000509,65308.2,65681.2,39.115125035999995,12.237332640000002,26.877792395999993,0.078,,,
2024-03-17 04:00:00,kucoin,Long Spot KuCoin / Short Futures Binance,0.000775,65640.4,68009.8,90.68341719749999,18.178197384,72.50521981349999,0.1147,,,
2024-03-17 12:00:00,kucoin,Long Spot KuCoin / Short Futures Binance,0.000412,67971.3,68447.9,25.630056052979995,9.895665438400002,15.734390614579993,0.06059,,,
2024-03-17 20:00:00,kucoin,Long Spot KuCoin / Short Futures Binance,0.000458,68395.8,68262.9,31.673971947420004,11.083095170400002,20.59087677702,0.06754,,,
2024-03-18 04:00:00,kucoin,Long Spot KuCoin / Short Futures Binance,0.00040599999999999995,68208.3,67509.2,24.889872435119994,9.8934637512,14.996408683919993,0.06054,,,
2024-03-18 08:00:00,binance,Long Spot Binance / Short Futures KuCoin,,,,14.1358461635664,6.821860608800001,7.3139855547664,0.03572,0.00030597,67467.19,86226.4
2024-03-18 08:00:00,binance,Long Spot Binance / Short Futures KuCoin,,,,14.1358461635664,6.821860608800001,7.3139855547664,0.03572,0.00030597,67467.19,86226.4
2024-03-18 12:00:00,kucoin,Long Spot KuCoin / Short Futures Binance,0.000325,67473.2,67509.2,15.948542180999999,7.8481008768,8.100441304199999,0.04846,,,
2024-03-18 20:00:00,kucoin,Long Spot KuCoin / Short Futures Binance,0.00052,67615.9,64742.1,40.8333604068,13.0288618304,27.804498576399997,0.08086,,,
2024-03-19 04:00:00,kucoin,Long Spot KuCoin / Short Futures Binance,0.00035000000000000005,64693.8,64084.0,18.49752618,8.523065576000002,9.974460603999999,0.05498,,,
2024-03-19 20:00:00,kucoin,Long Spot KuCoin / Short Futures Binance,0.00037699999999999995,61931.8,62995.1,21.463296752625,8.98096381,12.482332942624998,0.06025,,,
2024-03-21 20:00:00,kucoin,Long Spot KuCoin / Short Futures Binance,0.000332,65504.1,66223.4,16.64462909004,7.9489018532,8.69572723684,0.05047,,,
2024-03-23 04:00:00,kucoin,Long Spot KuCoin / Short Futures Binance,0.000317,64575.9,65147.5,15.175943998875,7.603777092,7.572166906875001,0.04899,,,
2024-03-24 20:00:00,kucoin,Long Spot KuCoin / Short Futures Binance,0.00031800000000000003,67215.7,66866.6,15.271502294160001,7.7172045552,7.554297738960001,0.04788,,,
2024-03-26 04:00:00,kucoin,Long Spot KuCoin / Short Futures Binance,0.00032099999999999994,70484.7,70307.1,15.558778431539999,7.7714793504,7.787299081139999,0.04596,,,
2024-03-26 20:00:00,kucoin,Long Spot KuCoin / Short Futures Binance,0.000414,69989.7,69798.8,25.88133222108,10.0252445132,15.85608770788,0.05971,,,
2024-03-27 04:00:00,kucoin,Long Spot KuCoin / Short Futures Binance,0.000542,69742.6,69798.8,44.36435459592,13.087701009600003,31.276653586319995,0.07818,,,
2024-03-27 12:00:00,kucoin,Long Spot KuCoin / Short Futures Binance,0.000688,68864.0,69532.6,71.48496415584,16.491198404800002,54.99376575104,0.09962,,,
2024-03-27 16:00:00,binance,Long Spot Binance / Short Futures KuCoin,,,,28.752185966322,9.934594783000001,18.817591183321998,0.05095,0.00043631,69469.99,86226.4
2024-03-27 16:00:00,binance,Long Spot Binance / Short Futures KuCoin,,,,28.752185966322,9.934594783000001,18.817591183321998,0.05095,0.00043631,69469.99,86226.4
2024-03-27 20:00:00,kucoin,Long Spot KuCoin / Short Futures Binance,0.001013,69468.0,70456.8,153.00887658192,23.884607462399998,129.12426911952,0.14292,,,
2024-03-28 04:00:00,kucoin,Long Spot KuCoin / Short Futures Binance,0.0008740000000000001,70389.1,71335.1,115.39471803579002,20.891437293600003,94.50328074219001,0.12339,,,
2024-03-28 12:00:00,kucoin,Long Spot KuCoin / Short Futures Binance,0.000468,71285.5,70838.7,33.08952182796,11.3721171792,21.71740464876,0.06654,,,
2024-03-28 20:00:00,kucoin,Long Spot KuCoin / Short Futures Binance,0.000625,70794.3,69855.6,59.012701087500005,15.276423992400002,43.73627709510001,0.09011,,,
2024-03-29 04:00:00,kucoin,Long Spot KuCoin / Short Futures Binance,0.000456,69799.7,69240.1,31.414039497720005,11.096706535200001,20.317332962520005,0.06633,,,
2024-03-29 12:00:00,kucoin,Long Spot KuCoin / Short Futures Binance,0.000489,69189.2,69903.6,36.127865156759995,11.7203051264,24.407560030359996,0.07046,,,
2024-03-29 16:00:00,binance,Long Spot Binance / Short Futures KuCoin,,,,13.751267279568001,6.8981679776,6.853099301968001,0.03524,0.0003017,69850.54,86226.4
2024-03-29 16:00:00,binance,Long Spot Binance / Short Futures KuCoin,,,,13.751267279568001,6.8981679776,6.853099301968001,0.03524,0.0003017,69850.54,86226.4
2024-03-29 20:00:00,kucoin,Long Spot KuCoin / Short Futures Binance,0.000724,69846.1,69900.1,79.19847692238002,17.4911581992,61.70731872318002,0.10433,,,
2024-03-30 04:00:00,kucoin,Long Spot KuCoin / Short Futures Binance,0.000879,69844.4,70064.9,116.75056518746999,21.195791368799995,95.55477381866999,0.12638,,,
2024-03-30 08:00:00,binance,Long Spot Binance / Short Futures KuCoin,,,,15.733721291963995,7.390977178,8.342744113963995,0.0377,0.00032267,69999.99,86226.4
2024-03-30 08:00:00,binance,Long Spot Binance / Short Futures KuCoin,,,,15.733721291963995,7.390977178,8.342744113963995,0.0377,0.00032267,69999.99,86226.4
2024-03-30 12:00:00,kucoin,Long Spot KuCoin / Short Futures Binance,0.000635,69999.5,69642.1,60.93450448965,15.419237462399998,45.515267027250005,0.09186,,,
2024-03-30 16:00:00,binance,Long Spot Binance / Short Futures KuCoin,,,,17.838652145184,7.8357904128,10.002861732384,0.04014,0.0003436,69582.18,86226.4
2024-03-30 16:00:00,binance,Long Spot Binance / Short Futures KuCoin,,,,17.838652145184,7.8357904128,10.002861732384,0.04014,0.0003436,69582.18,86226.4
2024-03-30 20:00:00,kucoin,Long Spot KuCoin / Short Futures Binance,0.00082,69570.9,70366.5,101.6192884095,19.641331043999998,81.9779573655,0.11741,,,
2024-03-31 00:00:00,binance,Long Spot Binance / Short Futures KuCoin,,,,15.816523210487999,7.433393435999999,8.383129774488,0.0378,0.00032351,70301.73,86226.4
2024-03-31 00:00:00,binance,Long Spot Binance / Short Futures KuCoin,,,,15.816523210487999,7.433393435999999,8.383129774488,0.0378,0.00032351,70301.73,86226.4
2024-03-31 04:00:00,kucoin,Long Spot KuCoin / Short Futures Binance,0.000756,70292.9,70446.2,86.38072185204001,18.2484815964,68.13224025564001,0.10813,,,
2024-03-31 08:00:00,binance,Long Spot Binance / Short Futures KuCoin,,,,24.047158465808398,9.1732870662,14.873871399608397,0.04661,0.00039889,70381.13,86226.4
2024-03-31 08:00:00,binance,Long Spot Binance / Short Futures KuCoin,,,,24.047158465808398,9.1732870662,14.873871399608397,0.04661,0.00039889,70381.13,86226.4
2024-03-31 12:00:00,kucoin,Long Spot KuCoin / Short Futures Binance,0.000739,70375.1,70446.2,82.54852958516999,17.857450762800003,64.69107882236999,0.10571,,,
2024-03-31 20:00:00,kucoin,Long Spot KuCoin / Short Futures Binance,0.000845,71264.5,69637.0,107.93914315275,20.836234902,87.10290825075,0.12229,,,
2024-04-01 00:00:00,binance,Long Spot Binance / Short Futures KuCoin,,,,74.4207591355956,16.011389650399998,58.409369485195604,0.08201,0.00070161,69594.94,86226.4
2024-04-01 00:00:00,binance,Long Spot Binance / Short Futures KuCoin,,,,74.4207591355956,16.011389650399998,58.409369485195604,0.08201,0.00070161,69594.94,86226.4
2024-04-01 04:00:00,kucoin,Long Spot KuCoin / Short Futures Binance,0.000848,69593.1,68281.0,108.72312617760002,20.842294748000004,87.88083142960002,0.12518,,,
2024-04-01 08:00:00,binance,Long Spot Binance / Short Futures KuCoin,,,,16.958654608194,7.537215158999999,9.421439449194,0.03915,0.00033491,68237.15,86226.4
2024-04-01 08:00:00,binance,Long Spot Binance / Short Futures KuCoin,,,,16.958654608194,7.537215158999999,9.421439449194,0.03915,0.00033491,68237.15,86226.4
2024-04-01 12:00:00,kucoin,Long Spot KuCoin / Short Futures Binance,0.00114,68234.2,69700.0,172.38015810000002,23.769709092000003,148.61044900800002,0.14463,,,
2024-04-01 20:00:00,kucoin,Long Spot KuCoin / Short Futures Binance,0.00048300000000000003,69653.0,69700.0,35.282708055,11.68128582,23.601422235,0.06987,,,
2024-04-02 04:00:00,kucoin,Long Spot KuCoin / Short Futures Binance,0.000879,66444.9,65505.3,116.85690258165,21.525136776,95.33176580565001,0.1353,,,
2024-04-02 20:00:00,kucoin,Long Spot KuCoin / Short Futures Binance,0.0006900000000000001,65482.9,66181.1,72.01135709505002,16.551482171200004,55.45987492385001,0.10513,,,
2024-04-03 12:00:00,kucoin,Long Spot KuCoin / Short Futures Binance,0.00032399999999999996,65846.2,65971.9,15.877272451679996,7.8281790432000005,8.049093408479996,0.04952,,,
2024-04-09 12:00:00,kucoin,Long Spot KuCoin / Short Futures Binance,0.000301,69259.7,69381.6,13.705034175000002,7.27440175,6.4306324250000015,0.04375,,,
2024-04-09 20:00:00,kucoin,Long Spot KuCoin / Short Futures Binance,0.000314,69150.1,69381.6,14.914574015040001,7.5786516176,7.335922397440001,0.04564,,,
2024-04-10 04:00:00,kucoin,Long Spot KuCoin / Short Futures Binance,0.000486,69336.9,69381.6,35.72913727296,11.7563637216,23.972773551360003,0.07064,,,
2024-04-10 20:00:00,kucoin,Long Spot KuCoin / Short Futures Binance,0.00038399999999999996,70631.8,70789.1,22.303663315199998,9.275984428,13.027678887199999,0.0547,,,
2024-04-11 20:00:00,kucoin,Long Spot KuCoin / Short Futures Binance,0.000312,70005.6,70825.9,14.72368471704,7.4777320952,7.245952621839999,0.04442,,,
2024-05-01 04:00:00,kucoin,Long Spot KuCoin / Short Futures Binance,0.000322,57492.6,56865.2,15.683024103600001,7.864456088,7.818568015600001,0.0571,,,
2024-05-21 12:00:00,kucoin,Long Spot KuCoin / Short Futures Binance,0.0005070000000000001,69820.1,70168.8,38.88588946788001,12.220861556400003,26.66502791148001,0.07287,,,
2024-05-22 04:00:00,kucoin,Long Spot KuCoin / Short Futures Binance,0.00035200000000000005,69702.6,70485.7,18.74220401856,8.440309812800002,10.301894205759996,0.05036,,,
2024-05-22 20:00:00,kucoin,Long Spot KuCoin / Short Futures Binance,0.000329,69168.0,69770.6,16.372316668049997,7.9049136120000005,8.467403056049996,0.04755,,,
2024-05-23 12:00:00,kucoin,Long Spot KuCoin / Short Futures Binance,0.000501,68077.5,67999.9,37.96873016355,12.137273528000001,25.831456635549998,0.0743,,,
2024-06-01 04:00:00,kucoin,Long Spot KuCoin / Short Futures Binance,0.00040300000000000004,67631.9,67728.2,24.569112309690002,9.7429283508,14.826183958890002,0.06001,,,
2024-06-01 20:00:00,kucoin,Long Spot KuCoin / Short Futures Binance,0.000327,67761.7,67743.0,16.1753619222,7.916370808000001,8.2589911142,0.04868,,,
2024-06-08 04:00:00,kucoin,Long Spot KuCoin / Short Futures Binance,0.000363,69569.7,69462.1,19.93225378815,8.796907447999999,11.13534634015,0.0527,,,
2024-06-21 04:00:00,kucoin,Long Spot KuCoin / Short Futures Binance,0.000312,64212.2,63716.9,14.72487364296,7.6001330808,7.12474056216,0.04938,,,
2024-11-01 04:00:00,kucoin,Long Spot KuCoin / Short Futures Binance,0.000414,69274.2,69381.0,25.9289146818,10.007982144,15.920932537799999,0.06018,,,
2024-11-06 20:00:00,kucoin,Long Spot KuCoin / Short Futures Binance,0.000419,75581.7,74800.0,26.561667,10.2312121,16.3304549,0.0565,,,
2024-11-07 20:00:00,kucoin,Long Spot KuCoin / Short Futures Binance,0.000322,75865.4,76171.0,15.683829795900001,7.767151896,7.916677899900002,0.04263,,,
2024-11-08 20:00:00,kucoin,Long Spot KuCoin / Short Futures Binance,0.000339,76506.9,76523.9,17.38606172742,8.2042917248,9.18177000262,0.04468,,,
2024-11-10 12:00:00,kucoin,Long Spot KuCoin / Short Futures Binance,0.000319,79685.8,80410.0,15.3943216185,7.663339356,7.7309822624999995,0.04001,,,
2024-11-12 08:00:00,binance,Long Spot Binance / Short Futures KuCoin,,,,28.9411490731896,18.1770109768,10.764138096389601,0.08836,0.00043737,86632.0,49925.2
2024-11-12 08:00:00,binance,Long Spot Binance / Short Futures KuCoin,,,,28.9411490731896,18.1770109768,10.764138096389601,0.08836,0.00043737,86632.0,49925.2
2024-11-12 12:00:00,kucoin,Long Spot KuCoin / Short Futures Binance,0.0008359999999999999,86614.1,87972.0,105.738737148,19.976769450000003,85.76196769799999,0.09585,,,
2024-11-12 16:00:00,binance,Long Spot Binance / Short Futures KuCoin,,,,22.724240103396,16.31422782,6.410012283396,0.0783,0.00038754,87952.01,49925.2
2024-11-12 16:00:00,binance,Long Spot Binance / Short Futures KuCoin,,,,22.724240103396,16.31422782,6.410012283396,0.0783,0.00038754,87952.01,49925.2
2024-11-12 20:00:00,kucoin,Long Spot KuCoin / Short Futures Binance,0.001098,87936.9,87402.9,166.15006356546,24.334571083199997,141.81549248226,0.11542,,,
2024-11-13 04:00:00,kucoin,Long Spot KuCoin / Short Futures Binance,0.0006410000000000001,87348.8,87402.9,62.179633590165004,15.5126516524,46.666981937765,0.07399,,,
2024-11-13 20:00:00,kucoin,Long Spot KuCoin / Short Futures Binance,0.00035999999999999997,90375.4,90413.3,19.6122722094,8.7135205404,10.898751669000001,0.04017,,,
2024-11-14 04:00:00,kucoin,Long Spot KuCoin / Short Futures Binance,0.000415,90771.5,88000.0,26.064324,10.312631940000001,15.751692059999998,0.04758,,,
2024-11-14 12:00:00,kucoin,Long Spot KuCoin / Short Futures Binance,0.000322,87949.3,87382.7,15.692132836379999,7.8394654624,7.852667373979999,0.03718,,,
2024-11-14 20:00:00,kucoin,Long Spot KuCoin / Short Futures Binance,0.00046600000000000005,87322.4,87693.9,32.861877153209996,11.2432157196,21.618661433609994,0.05361,,,
2024-11-17 04:00:00,kucoin,Long Spot KuCoin / Short Futures Binance,0.000305,90540.4,90305.1,14.080009971600001,7.402272787199999,6.6777371844000015,0.03408,,,
2024-11-18 04:00:00,kucoin,Long Spot KuCoin / Short Futures Binance,0.000468,91704.1,92407.8,33.1487108316,11.260974452000001,21.8877363796,0.0511,,,
2024-11-18 08:00:00,binance,Long Spot Binance / Short Futures KuCoin,,,,20.10940750377,15.991576367999999,4.117831135770002,0.07367,0.0003645,92309.51,49925.2
2024-11-18 08:00:00,binance,Long Spot Binance / Short Futures KuCoin,,,,20.10940750377,15.991576367999999,4.117831135770002,0.07367,0.0003645,92309.51,49925.2
2024-11-18 12:00:00,kucoin,Long Spot KuCoin / Short Futures Binance,0.00042500000000000003,92289.2,90507.4,27.3375339015,10.460620836799999,16.8769130647,0.04738,,,
2024-11-18 20:00:00,kucoin,Long Spot KuCoin / Short Futures Binance,0.000521,90465.7,91696.0,41.0829210792,12.475569834,28.6073512452,0.05733,,,
2024-11-19 04:00:00,kucoin,Long Spot KuCoin / Short Futures Binance,0.000607,91612.0,92453.3,55.76840839312501,14.588602450000002,41.179805943125004,0.06625,,,
2024-11-19 08:00:00,binance,Long Spot Binance / Short Futures KuCoin,,,,13.8189792336336,13.266563435200002,0.5524157984335982,0.06107,0.00030216,92391.99,49925.2
2024-11-19 08:00:00,binance,Long Spot Binance / Short Futures KuCoin,,,,13.8189792336336,13.266563435200002,0.5524157984335982,0.06107,0.00030216,92391.99,49925.2
2024-11-19 12:00:00,kucoin,Long Spot KuCoin / Short Futures Binance,0.000544,92377.6,92335.9,44.793253120799996,13.179444342000002,31.613808778799992,0.05945,,,
2024-11-19 20:00:00,kucoin,Long Spot KuCoin / Short Futures Binance,0.000481,92292.1,92335.9,35.022318967545,11.645230699200003,23.377088268344995,0.05257,,,
2024-11-20 04:00:00,kucoin,Long Spot KuCoin / Short Futures Binance,0.00031600000000000004,92840.3,94737.6,15.115232499840005,7.525556042400002,7.589676457440003,0.03366,,,
2024-11-20 12:00:00,kucoin,Long Spot KuCoin / Short Futures Binance,0.000439,94725.8,94288.0,29.1754556952,10.674567932,18.500887763199998,0.04699,,,
2024-11-22 20:00:00,kucoin,Long Spot KuCoin / Short Futures Binance,0.000517,98891.4,98600.6,40.45750732023,12.5514710464,27.90603627383,0.05291,,,
2024-11-23 20:00:00,kucoin,Long Spot KuCoin / Short Futures Binance,0.000332,97684.1,97725.5,16.6831500972,8.037233952000001,8.645916145199998,0.03428,,,
2024-11-24 04:00:00,kucoin,Long Spot KuCoin / Short Futures Binance,0.0006140000000000001,98410.6,95986.4,57.07328307264001,15.185529465600002,41.88775360704001,0.06456,,,
2024-11-24 12:00:00,kucoin,Long Spot KuCoin / Short Futures Binance,0.0006,95913.9,97960.4,54.50320735199999,14.281159367199999,40.22204798479999,0.06182,,,
2024-11-24 20:00:00,kucoin,Long Spot KuCoin / Short Futures Binance,0.0005600000000000001,97891.9,98112.9,47.4791870196,13.540018385600002,33.939168634,0.05761,,,
2024-11-25 04:00:00,kucoin,Long Spot KuCoin / Short Futures Binance,0.000893,98048.0,96040.4,120.73437967829999,22.008966216,98.72541346229998,0.09385,,,
2024-11-25 12:00:00,kucoin,Long Spot KuCoin / Short Futures Binance,0.000565,95998.0,93064.0,48.332602271999995,14.046699648,34.285902623999995,0.06128,,,
2024-11-25 20:00:00,kucoin,Long Spot KuCoin / Short Futures Binance,0.000317,92999.0,93842.1,15.216074225549999,7.622538044,7.593536181549999,0.0341,,,
2024-11-26 04:00:00,kucoin,Long Spot KuCoin / Short Futures Binance,0.000847,93786.3,92877.4,108.63147820601999,20.6880509336,87.94342727242,0.09206,,,
2024-11-26 12:00:00,kucoin,Long Spot KuCoin / Short Futures Binance,0.000452,92800.0,92021.4,30.93945351228,11.029240490400001,19.910213021879997,0.04959,,,
2024-11-26 20:00:00,kucoin,Long Spot KuCoin / Short Futures Binance,0.000498,91958.3,93651.3,37.56019307859,11.8857375728,25.674455505789997,0.05369,,,
2024-11-27 00:00:00,binance,Long Spot Binance / Short Futures KuCoin,,,,14.745673671690001,13.85964367,0.8860300016900009,0.0631,0.00031205,93597.16,49925.2
2024-11-27 00:00:00,binance,Long Spot Binance / Short Futures KuCoin,,,,14.745673671690001,13.85964367,0.8860300016900009,0.0631,0.00031205,93597.16,49925.2
2024-11-27 04:00:00,kucoin,Long Spot KuCoin / Short Futures Binance,0.000516,93587.0,95610.5,40.323976962299994,12.283037718000001,28.04093924429999,0.05449,,,
2024-11-27 12:00:00,kucoin,Long Spot KuCoin / Short Futures Binance,0.000698,95551.4,95610.5,73.78680102885,16.90516737,56.88163365884999,0.07371,,,
2024-11-27 20:00:00,kucoin,Long Spot KuCoin / Short Futures Binance,0.00035099999999999997,95854.3,95371.6,18.659205573839998,8.5414950384,10.117710535439997,0.03716,,,
2024-11-29 04:00:00,kucoin,Long Spot KuCoin / Short Futures Binance,0.00046,95618.6,98076.2,32.0497329408,10.914949324800002,21.134783615999996,0.04736,,,
2024-11-29 12:00:00,kucoin,Long Spot KuCoin / Short Futures Binance,0.000348,97987.0,97516.3,18.340534148579998,8.4663481356,9.874186012979997,0.03603,,,
2024-11-29 20:00:00,kucoin,Long Spot KuCoin / Short Futures Binance,0.00030900000000000003,97458.0,96843.3,14.462549369010002,7.5283099704000005,6.934239398610002,0.03222,,,
2024-11-30 12:00:00,kucoin,Long Spot KuCoin / Short Futures Binance,0.000332,96638.7,96475.1,16.695498430500002,8.05739354,8.638104890500003,0.03475,,,
2024-11-30 20:00:00,kucoin,Long Spot KuCoin / Short Futures Binance,0.00048800000000000004,96395.3,96525.4,36.070190624400006,11.813008798,24.257181826400007,0.05105,,,
2024-12-01 04:00:00,kucoin,Long Spot KuCoin / Short Futures Binance,0.000346,96466.9,97081.4,18.13365025134,8.3412712964,9.79237895494,0.03599,,,
2024-12-01 12:00:00,kucoin,Long Spot KuCoin / Short Futures Binance,0.000365,97032.2,97265.1,20.177426148525,8.827249971599999,11.350176176925002,0.03789,,,
2024-12-01 20:00:00,kucoin,Long Spot KuCoin / Short Futures Binance,0.000429,97185.7,97265.1,27.87762690999,10.3901771776,17.487449732389997,0.04454,,,
2024-12-02 04:00:00,kucoin,Long Spot KuCoin / Short Futures Binance,0.000333,95999.5,95890.5,16.797584775825,8.078556864,8.719027911825002,0.03507,,,
2024-12-02 12:00:00,kucoin,Long Spot KuCoin / Short Futures Binance,0.000556,97043.0,95890.5,46.8240023835,13.60949081,33.214511573500005,0.05855,,,
2024-12-02 20:00:00,kucoin,Long Spot KuCoin / Short Futures Binance,0.000669,95826.8,95608.8,67.79362820328,16.2445304992,51.54909770408,0.07066,,,
2024-12-03 04:00:00,kucoin,Long Spot KuCoin / Short Futures Binance,0.000594,95547.3,95743.7,53.453765156219994,14.3737077328,39.080057423419994,0.06266,,,
2024-12-03 12:00:00,kucoin,Long Spot KuCoin / Short Futures Binance,0.00064,95681.6,95913.3,62.05053395520002,15.481404962800003,46.56912899240001,0.06739,,,
2024-12-03 20:00:00,kucoin,Long Spot KuCoin / Short Futures Binance,0.000631,95845.3,96652.1,60.32271162141,15.1893739536,45.13333766781,0.06594,,,
2024-12-04 04:00:00,kucoin,Long Spot KuCoin / Short Futures Binance,0.000604,96583.8,95813.0,55.269748212600014,14.739146576000003,40.53060163660001,0.06367,,,
2024-12-04 12:00:00,kucoin,Long Spot KuCoin / Short Futures Binance,0.000552,95732.4,98669.8,46.16787569544,13.050008007199999,33.117867688240004,0.05651,,,
2024-12-04 20:00:00,kucoin,Long Spot KuCoin / Short Futures Binance,0.000492,98618.3,98669.8,36.67858395588,11.922806672400002,24.75577728348,0.05037,,,
2024-12-05 04:00:00,kucoin,Long Spot KuCoin / Short Futures Binance,0.000664,102229.0,101350.1,66.80520219528,16.213970287200002,50.591231908080005,0.06618,,,
2024-12-05 08:00:00,binance,Long Spot Binance / Short Futures KuCoin,,,,79.5297887304492,34.453839286,45.0759494444492,0.14659,0.00072446,101292.01,49925.2
2024-12-05 08:00:00,binance,Long Spot Binance / Short Futures KuCoin,,,,79.535214052008,34.45618964,45.079024412008,0.1466,0.00072446,101292.01,49925.2
2024-12-05 12:00:00,kucoin,Long Spot KuCoin / Short Futures Binance,0.000722,101292.1,97001.5,78.99957362399999,18.15213696,60.84743666399999,0.0752,,,
2024-12-05 16:00:00,binance,Long Spot Binance / Short Futures KuCoin,,,,33.5639567914248,21.5568730336,12.007083757824802,0.09524,0.00047059,96945.63,49925.2
2024-12-05 16:00:00,binance,Long Spot Binance / Short Futures KuCoin,,,,33.5639567914248,21.5568730336,12.007083757824802,0.09524,0.00047059,96945.63,49925.2
2024-12-05 20:00:00,kucoin,Long Spot KuCoin / Short Futures Binance,0.001451,96927.3,98209.6,219.90928639872004,23.9852827072,195.92400369152006,0.10288,,,
2024-12-06 04:00:00,kucoin,Long Spot KuCoin / Short Futures Binance,0.001155,98137.8,99358.5,175.082171331375,24.00549249,151.076678841375,0.10171,,,
2024-12-06 12:00:00,kucoin,Long Spot KuCoin / Short Futures Binance,0.001036,99314.3,99802.5,157.0627671795,24.157917992000005,132.90484918750002,0.10127,,,
2024-12-06 20:00:00,kucoin,Long Spot KuCoin / Short Futures Binance,0.00047,99729.4,99442.6,33.4901296641,11.428296076799999,22.061833587300004,0.04777,,,
2024-12-07 00:00:00,binance,Long Spot Binance / Short Futures KuCoin,,,,15.5007806891184,14.9718876372,0.5288930519184003,0.06474,0.00031972,99405.2,49925.2
2024-12-07 00:00:00,binance,Long Spot Binance / Short Futures KuCoin,,,,15.5007806891184,14.9718876372,0.5288930519184003,0.06474,0.00031972,99405.2,49925.2
2024-12-07 04:00:00,kucoin,Long Spot KuCoin / Short Futures Binance,0.000313,99401.4,99811.4,14.8550803791,7.567657312,7.287423067100001,0.0317,,,
2024-12-07 12:00:00,kucoin,Long Spot KuCoin / Short Futures Binance,0.000423,99754.5,99899.2,27.129226147199997,10.249259504,16.8799666432,0.0428,,,
2024-12-07 20:00:00,kucoin,Long Spot KuCoin / Short Futures Binance,0.000991,99832.6,99741.5,148.91810900489997,24.061587192000005,124.85652181289997,0.10044,,,
2024-12-08 04:00:00,kucoin,Long Spot KuCoin / Short Futures Binance,0.000575,99673.7,99975.0,50.14183640625,13.917469809999998,36.22436659625,0.05815,,,
2024-12-08 20:00:00,kucoin,Long Spot KuCoin / Short Futures Binance,0.000521,101106.5,99637.1,41.167962322755,12.798126700800001,28.369835621955,0.05287,,,
2024-12-09 04:00:00,kucoin,Long Spot KuCoin / Short Futures Binance,0.000625,99574.9,97856.0,59.245692,15.388910275999999,43.856781724,0.06458,,,
2024-12-09 12:00:00,kucoin,Long Spot KuCoin / Short Futures Binance,0.0006940000000000001,97800.7,97856.0,73.04961164160001,16.833477897999998,56.21613374360001,0.07171,,,
2024-12-09 20:00:00,kucoin,Long Spot KuCoin / Short Futures Binance,0.0005870000000000001,97272.9,95687.9,52.262257447785004,14.4418841488,37.820373298985004,0.06203,,,
2024-12-10 04:00:00,kucoin,Long Spot KuCoin / Short Futures Binance,0.00043200000000000004,97202.0,95687.9,28.305629074800002,10.621803654000002,17.683825420799998,0.04565,,,
2024-12-19 12:00:00,kucoin,Long Spot KuCoin / Short Futures Binance,0.00032599999999999996,100639.0,97434.4,16.118446127279995,8.1277170408,7.990729086479995,0.03383,,,
2024-12-24 04:00:00,kucoin,Long Spot KuCoin / Short Futures Binance,0.000398,94232.1,98243.5,24.02946608415,9.331392752000001,14.698073332149997,0.04097,,,
2024-12-28 04:00:00,kucoin,Long Spot KuCoin / Short Futures Binance,0.000319,94373.9,94407.7,15.435984656565,7.739876769599999,7.696107886965001,0.03417,,,
2024-12-28 12:00:00,kucoin,Long Spot KuCoin / Short Futures Binance,0.000313,94447.7,95259.1,14.861834197635005,7.5431780992,7.318656098435005,0.03323,,,
2025-01-08 04:00:00,kucoin,Long Spot KuCoin / Short Futures Binance,0.000391,95657.2,95450.0,23.187506235000004,9.505658047999999,13.681848187000005,0.04142,,,
2025-01-20 20:00:00,kucoin,Long Spot KuCoin / Short Futures Binance,0.000476,102265.0,93704.0,34.3689217872,12.432135891999998,21.936785895200003,0.05137,,,
2025-02-27 04:00:00,kucoin,Long Spot KuCoin / Short Futures Binance,0.000361,86268.7,93704.0,19.7685829536,8.182340240000002,11.586242713599997,0.03896,,,
