timestamp,funding_rate,trade_size,entry_spot,close_spot,entry_futures,close_futures,profit
2024-02-13 16:00:00,0.0001,0.01,49917.27,49699.59,49943.6,49696.4,0.049943600000000005
2024-02-14 00:00:00,0.0001,0.01,49983.09,49838.93,50019.9,49845.0,0.05001990000000001
2024-02-14 08:00:00,0.0001,0.01,48727.47,51590.0,48753.1,51616.4,0.04875310000000001
2024-02-14 16:00:00,0.0001,0.01,49699.59,51795.17,49696.4,51823.2,0.04969640000000001
2024-02-15 00:00:00,0.0001,0.01,49838.93,51776.61,49845.0,51802.4,0.061219629
2024-02-15 08:00:00,0.0001,0.01,51590.0,51948.23,51616.4,51968.7,0.05161640000000001
2024-02-15 16:00:00,0.0001,0.01,51795.17,51880.0,51823.2,51898.5,0.05182320000000001
2024-02-16 00:00:00,0.00012282,0.012282,51776.61,51731.99,51802.4,51786.4,0.06362370768
2024-02-16 08:00:00,0.0001,0.01,51948.23,51888.01,51968.7,51909.3,0.05196870000000001
2024-02-16 16:00:00,0.0001,0.01,51880.0,52124.11,51898.5,52148.6,0.05189850000000001
2024-02-17 00:00:00,0.0001,0.01,51731.99,51911.33,51786.4,51933.9,0.05178640000000001
2024-02-17 08:00:00,0.0001,0.01,51888.01,50984.56,51909.3,51013.4,0.05190930000000001
2024-02-17 16:00:00,0.0001,0.01,52124.11,51642.64,52148.6,51679.4,0.05214860000000001
2024-02-18 00:00:00,0.0001,0.01,51911.33,51671.1,51933.9,51703.7,0.08330716899
2024-02-18 08:00:00,0.0001,0.01,50984.56,51773.99,51013.4,51808.9,0.0879471016
2024-02-18 16:00:00,0.0001,0.01,51642.64,52137.67,51679.4,52175.9,0.07909532169994832
2024-02-19 00:00:00,0.00016041,0.016041,51671.1,52394.04,51703.7,52423.9,0.14178234888803204
2024-02-19 08:00:00,0.0001724,0.01724,51773.99,52127.99,51808.9,52157.5,0.20600428895904002
2024-02-19 16:00:00,0.0001530499999999,0.015304999999989998,52137.67,51774.73,52175.9,51813.8,0.15646830817292776
2024-02-20 00:00:00,0.0001709499999999,0.01709499999999,52394.04,51839.28,52423.9,51869.2,0.11943478425046514
2024-02-20 08:00:00,0.00023064,0.023064,52127.99,51680.0,52157.5,51712.7,0.1258417062738
2024-02-20 16:00:00,0.00019594,0.019593999999999997,51774.73,52258.82,51813.8,52297.4,0.11078294484646399
2024-02-21 00:00:00,0.00013327,0.013327,51839.28,51568.64,51869.2,51599.9,0.140042531225556
2024-02-21 08:00:00,0.00010461,0.010461,51680.0,51156.0,51712.7,51183.7,0.05409665547
2024-02-21 16:00:00,0.00010912,0.010912,52258.82,51849.39,52297.4,51877.8,0.064154634701696
2024-02-22 00:00:00,0.00020259,0.020259,51568.64,51827.63,51599.9,51860.6,0.10453623741
2024-02-22 08:00:00,0.0001,0.01,51156.0,51602.4,51183.7,51630.0,0.051183700000000006
2024-02-22 16:00:00,0.00011242,0.011241999999999999,51849.39,51288.42,51877.8,51316.9,0.07861090657820399
2024-02-23 00:00:00,0.0001,0.01,51827.63,50915.96,51860.6,50952.3,0.06512135542
2024-02-23 08:00:00,0.0001,0.01,51602.4,50911.11,51630.0,50938.1,0.05163000000000001
2024-02-23 16:00:00,0.00013479,0.013479,51288.42,50744.15,51316.9,50771.9,0.06917004951
2024-02-24 00:00:00,0.00012557,0.012557,50915.96,51068.7,50952.3,51099.8,0.08311746132020101
2024-02-24 08:00:00,0.0001,0.01,50911.11,51099.34,50938.1,51124.6,0.05093810000000001
2024-02-24 16:00:00,0.0001,0.01,50744.15,51568.22,50771.9,51602.1,0.05077190000000001
2024-02-25 00:00:00,0.00012991,0.012990999999999999,51068.7,51719.28,51099.8,51756.8,0.06638375018
2024-02-25 08:00:00,0.0001,0.01,51099.34,51524.02,51124.6,51547.8,0.05847631748
2024-02-25 16:00:00,0.0001,0.01,51568.22,51728.85,51602.1,51764.9,0.07746507252000001
2024-02-26 00:00:00,0.0001,0.01,51719.28,51293.26,51756.8,51327.5,0.07795091648000001
2024-02-26 08:00:00,0.00011438,0.011438,51524.02,52842.32,51547.8,52872.3,0.157783855898004
2024-02-26 16:00:00,0.00015012,0.015012000000000001,51728.85,54476.47,51764.9,54511.6,0.167596009376796
2024-02-27 00:00:00,0.00015061,0.015061,51293.26,56059.08,51327.5,56100.0,0.21047654761892498
2024-02-27 08:00:00,0.00026761,0.026761,52842.32,56745.66,52872.3,56775.0,0.45648007742104457
2024-02-27 16:00:00,0.00021567,0.021567,54476.47,57037.34,54511.6,57074.5,0.864350869594212
2024-02-28 00:00:00,0.00027227,0.027227,56059.08,58241.1,56100.0,58300.0,0.35077537885500004
2024-02-28 08:00:00,0.0003226199999999,0.03226199999999,56745.66,60966.22,56775.0,61000.0,0.4895884241143482
2024-02-28 16:00:00,0.00073521,0.05,57037.34,62432.1,57074.5,62487.9,0.6758191545000001
2024-02-29 00:00:00,0.00022965,0.022965,58241.1,62707.17,58300.0,62761.5,0.71679859911
2024-02-29 08:00:00,0.00026729,0.026729,60966.22,62768.02,61000.0,62809.1,1.1265073367899998
2024-02-29 16:00:00,0.00023682,0.023681999999999998,62432.1,61130.98,62487.9,61203.3,1.129664275897086
2024-03-01 00:00:00,0.00053538,0.05,62707.17,61434.0,62761.5,61485.8,1.7896755532500002
2024-03-01 08:00:00,0.00069091,0.05,62768.02,61263.99,62809.1,61335.3,1.6745534151000003
2024-03-01 16:00:00,0.00076337,0.05,61130.98,62387.9,61203.3,62430.6,1.9837213596
2024-03-02 00:00:00,0.00057031,0.05,61434.0,62011.85,61485.8,62071.9,1.4144808290000002
2024-03-02 08:00:00,0.00053322,0.05,61263.99,61771.2,61335.3,61834.5,1.0250968688996933
2024-03-02 16:00:00,0.00064824,0.05,62387.9,61987.28,62430.6,62039.9,1.7847035622
2024-03-03 00:00:00,0.0004601,0.04601,62011.85,61598.0,62071.9,61641.0,1.6106006627100502
2024-03-03 08:00:00,0.0003342599999999,0.03342599999999,61771.2,62164.63,61834.5,62210.7,0.9562626994117339
2024-03-03 16:00:00,0.00057174,0.05,61987.28,63113.97,62039.9,63178.5,1.3335166305500001
2024-03-04 00:00:00,0.00056395,0.05,61598.0,64066.62,61641.0,64120.6,1.374532659
2024-03-04 08:00:00,0.00046266,0.046266,62164.63,66451.65,62210.7,66505.4,1.5850756859848023
2024-03-04 16:00:00,0.00042989,0.042989,63113.97,68245.71,63178.5,68296.4,1.271975164659045
2024-03-05 00:00:00,0.00044598,0.044598,64066.62,66129.64,64120.6,66223.8,1.8193096600605596
2024-03-05 08:00:00,0.00055071,0.05,66451.65,66773.05,66505.4,66841.3,1.6280521919999997
2024-03-05 16:00:00,0.00046833,0.046833,68245.71,63724.01,68296.4,63747.4,2.6537844571526277
2024-03-06 00:00:00,0.0006362,0.05,66129.64,66676.46,66223.8,66759.4,2.9187477612000006
2024-03-06 08:00:00,0.0004896,0.048960000000000004,66773.05,66481.12,66841.3,66541.3,1.1872811574144
2024-03-06 16:00:00,0.00082969,0.05,63724.01,66074.04,63747.4,66128.1,1.0797534612000002
2024-03-07 00:00:00,0.00088148,0.05,66676.46,66387.78,66759.4,66447.8,1.6474217138
2024-03-07 08:00:00,0.0003628,0.03628,66481.12,67260.01,66541.3,67317.1,0.7317192761284
2024-03-07 16:00:00,0.00033876,0.033876,66074.04,66823.17,66128.1,66870.0,0.9181053365135042
2024-03-08 00:00:00,0.00049354,0.049353999999999995,66387.78,67223.02,66447.8,67308.5,1.778027387893004
2024-03-08 08:00:00,0.0003031,0.030309999999999997,67260.01,67617.6,67317.1,67685.8,0.7104403651951899
2024-03-08 16:00:00,0.00040984,0.040984,66823.17,68124.19,66870.0,68180.2,1.1920788167976
2024-03-09 00:00:00,0.00054217,0.05,67223.02,68288.64,67308.5,68336.3,2.11728983025
2024-03-09 08:00:00,0.00034819,0.034819,67617.6,68288.2,67685.8,68341.6,0.45094090284406807
2024-03-09 16:00:00,0.00043497,0.043497,68124.19,68313.27,68180.2,68360.1,0.9276800214019141
2024-03-10 00:00:00,0.00062913,0.05,68288.64,69347.16,68336.3,69430.0,0.90227833705
2024-03-10 08:00:00,0.00019134,0.019133999999999998,68288.2,69194.83,68341.6,69254.7,0.40550169888144
2024-03-10 16:00:00,0.00031281,0.031280999999999996,68313.27,68955.88,68360.1,69001.8,1.356818600522117
2024-03-11 00:00:00,0.00026407,0.026407,69347.16,71019.99,69430.0,71223.8,0.9988386934679
2024-03-11 08:00:00,0.0003101,0.03101,69194.83,72010.0,69254.7,72061.4,0.76215759297783
2024-03-11 16:00:00,0.0006345099999999,0.05,68955.88,72078.1,69001.8,72153.8,2.705836585199655
2024-03-12 00:00:00,0.00054479,0.05,71019.99,72121.1,71223.8,72175.5,2.3644877124000003
2024-03-12 08:00:00,0.00035489,0.035489,72010.0,71703.41,72061.4,71779.2,1.13727000983962
2024-03-12 16:00:00,0.0007842799999999,0.05,72078.1,71452.01,72153.8,71503.2,1.6342835700000002
2024-03-13 00:00:00,0.00066396,0.05,72121.1,72855.16,72175.5,72964.0,1.7298662962496394
2024-03-13 08:00:00,0.0004447,0.04447,71703.41,72634.95,71779.2,72670.2,1.0605170650137599
2024-03-13 16:00:00,0.000453,0.0453,71452.01,73072.41,71503.2,73127.6,2.086624973232
2024-03-14 00:00:00,0.0004793499999999,0.04793499999999,72855.16,73224.0,72964.0,73280.7,1.587948270946119
2024-03-14 08:00:00,0.00033224,0.033224,72634.95,70844.01,72670.2,70904.5,0.5889433052204639
2024-03-14 16:00:00,0.0006442,0.05,73072.41,71388.94,73127.6,71455.5,1.4169569414000003
2024-03-15 00:00:00,0.0004540199999999,0.04540199999999,73224.0,68448.29,73280.7,68487.4,1.2728782228125315
2024-03-15 08:00:00,0.00024393,0.024392999999999998,70844.01,68157.07,70904.5,68199.2,0.666145221392775
2024-03-15 16:00:00,0.00038753,0.038753,71388.94,69499.85,71455.5,69552.2,0.39675879598212005
2024-03-16 00:00:00,0.00038258,0.038258,68448.29,69432.45,68487.4,69490.2,0.401046426684552
2024-03-16 08:00:00,0.00038515,0.038515,68157.07,68385.58,68199.2,68431.8,0.2626692188
2024-03-16 16:00:00,0.00014328,0.014327999999999999,69499.85,65300.63,69552.2,65351.0,0.23121812068963196
2024-03-17 00:00:00,0.00015306,0.015306,69432.45,65636.67,69490.2,65681.2,0.22137060645975598
2024-03-17 08:00:00,0.0001,0.01,68385.58,67965.5,68431.8,68009.8,0.08956353984
2024-03-17 16:00:00,0.00023202,0.023201999999999997,65300.63,68393.48,65351.0,68447.9,0.2694873606024599
2024-03-18 00:00:00,0.00020813,0.020812999999999998,65636.67,68218.38,65681.2,68262.9,0.3393907544290119
2024-03-18 08:00:00,0.00013088,0.013088,67965.5,67467.19,68009.8,67509.2,0.17963355567494402
2024-03-18 16:00:00,0.00017773,0.017773,68393.48,67609.99,68447.9,67660.0,0.3722200094342773
2024-03-19 00:00:00,0.00024827,0.024826999999999995,68218.38,64704.22,68262.9,64742.1,0.46089080282668493
2024-03-19 08:00:00,0.00020181,0.020181,67467.19,64051.85,67509.2,64084.0,0.36679980416665975
2024-03-19 16:00:00,0.0003059699999999,0.030596999999989997,67609.99,61937.4,67660.0,61974.1,0.6017016012628033
2024-03-20 00:00:00,0.00027195,0.027195,64704.22,62957.85,64742.1,62995.1,0.422858050719615
2024-03-20 08:00:00,0.0002692299999999,0.02692299999999,64051.85,63600.37,64084.0,63649.0,0.27341360481593846
2024-03-20 16:00:00,0.00029065,0.029065,61937.4,67840.51,61974.1,67876.4,0.33121885457002
2024-03-21 00:00:00,0.00024017,0.024017,62957.85,66985.19,62995.1,67031.8,0.15129533167
2024-03-21 08:00:00,0.00015847,0.015846999999999997,63600.37,66557.77,63649.0,66601.6,0.10492941248308998
2024-03-21 16:00:00,0.00018388,0.018388,67840.51,65501.27,67876.4,65539.9,0.240935394387328
2024-03-22 00:00:00,0.0001,0.01,66985.19,66178.01,67031.8,66223.4,0.1307790418
2024-03-22 08:00:00,0.00010403,0.010403,66557.77,63877.04,66601.6,63920.0,0.11273467213340801
2024-03-22 16:00:00,0.00019304,0.019303999999999998,65501.27,63796.64,65539.9,63826.0,0.12651822295999998
2024-03-23 00:00:00,0.0001951,0.01951,66178.01,64575.41,66223.4,64606.5,0.15495178278261998
2024-03-23 08:00:00,0.00016271,0.016270999999999997,63877.04,65104.05,63920.0,65147.5,0.10400423199999999
2024-03-23 16:00:00,0.0001,0.01,63796.64,63990.01,63826.0,64020.3,0.06382600000000001
2024-03-24 00:00:00,0.00011993,0.011993,64575.41,64583.43,64606.5,64624.6,0.08372767103119252
2024-03-24 08:00:00,0.0001,0.01,65104.05,65673.36,65147.5,65718.6,0.06743417725
2024-03-24 16:00:00,0.0001,0.01,63990.01,67209.99,64020.3,67260.9,0.09357207047999999
2024-03-25 00:00:00,0.0001080599999999,0.010805999999989999,64583.43,66821.19,64624.6,66866.6,0.11092328163988133
2024-03-25 08:00:00,0.00010351,0.010350999999999999,65673.36,69792.05,65718.6,69844.6,0.17379789737501397
2024-03-25 16:00:00,0.00014616,0.014615999999999999,67209.99,69880.01,67260.9,69920.5,0.16046901586951198
2024-03-26 00:00:00,0.00015884,0.015884,66821.19,70486.38,66866.6,70535.0,0.306036108697616
2024-03-26 08:00:00,0.00025549,0.025548999999999995,69792.05,70250.0,69844.6,70307.1,0.391920880704402
2024-03-26 16:00:00,0.00016323,0.016322999999999997,69880.01,69988.0,69920.5,70044.1,0.20940798474881997
2024-03-27 00:00:00,0.00028814,0.028814,70486.38,69725.99,70535.0,69798.8,0.5439300049886999
2024-03-27 08:00:00,0.00021963,0.021963,70250.0,68874.0,70307.1,68922.0,0.444052606562361
2024-03-27 16:00:00,0.00018348,0.018348,69988.0,69469.99,70044.1,69532.6,0.37978033457086807
2024-03-28 00:00:00,0.00026763,0.026763,69725.99,70399.03,69798.8,70456.8,0.8150194315837199
2024-03-28 08:00:00,0.00028757,0.028757,68874.0,71290.39,68922.0,71335.1,0.4795424693703
2024-03-28 16:00:00,0.00029551,0.029551000000000004,69469.99,70780.6,69532.6,70838.7,0.6143520533387742
2024-03-29 00:00:00,0.0004363,0.043629999999999995,70399.03,69794.0,70456.8,69855.6,0.9046870831511999
2024-03-29 08:00:00,0.00024195,0.024194999999999998,71290.39,69180.0,71335.1,69240.1,0.31498637587125
2024-03-29 16:00:00,0.00029899,0.029899000000000002,70780.6,69850.54,70838.7,69903.6,0.539138501450415
2024-03-30 00:00:00,0.0002943,0.029429999999999998,69794.0,69852.18,69855.6,69900.1,0.6202500379236
2024-03-30 08:00:00,0.0001825,0.01825,69180.0,69999.99,69240.1,70064.9,0.24797510933787364
2024-03-30 16:00:00,0.00025455,0.025455,69850.54,69582.18,69903.6,69642.1,0.574157751848282
2024-03-31 00:00:00,0.0003017,0.03017,69852.18,70301.73,69900.1,70366.5,0.7246132354412
2024-03-31 08:00:00,0.0001962399999999,0.01962399999999,69999.99,70381.13,70064.9,70446.2,0.44481123835934927
2024-03-31 16:00:00,0.0003226699999999,0.03226699999999,69582.18,71280.01,69642.1,71363.0,0.8963623290585453
2024-04-01 00:00:00,0.0003436,0.03436,70301.73,69594.94,70366.5,69637.0,0.9743947327494
2024-04-01 08:00:00,0.00032351,0.032351,70381.13,68237.15,70446.2,68281.0,1.5989727094160817
2024-04-01 16:00:00,0.00039889,0.039889,71280.01,69649.8,71363.0,69700.0,0.95335437296137
2024-04-02 00:00:00,0.00040301,0.040301000000000003,69594.94,66455.5,69637.0,66503.3,0.77090120604653
2024-04-02 08:00:00,0.00070161,0.05,68237.15,64890.0,68281.0,64928.3,0.373019103
2024-04-02 16:00:00,0.00033491,0.033491,69649.8,65463.99,69700.0,65505.3,0.23343227000000003
2024-04-03 00:00:00,0.00027469,0.027469,66455.5,66135.99,66503.3,66181.1,0.3006147765453293
2024-04-03 08:00:00,0.00010926,0.010925999999999998,64890.0,65836.01,64928.3,65873.9,0.07094066058
2024-04-03 16:00:00,0.0001,0.01,65463.99,65963.28,65505.3,65971.9,0.06550530000000002
2024-04-04 00:00:00,0.0001645599999999,0.01645599999999,66135.99,66091.6,66181.1,66104.8,0.10890761815993383
2024-04-04 08:00:00,0.0001,0.01,65836.01,67647.99,65873.9,67631.8,0.0658739
2024-04-04 16:00:00,0.0001,0.01,65963.28,68487.79,65971.9,68489.9,0.0659719
2024-04-05 00:00:00,0.0001,0.01,66091.6,66930.74,66104.8,66937.4,0.06610480000000002
2024-04-05 08:00:00,0.0001,0.01,67647.99,68190.62,67631.8,68201.5,0.06763180000000002
2024-04-05 16:00:00,0.0001,0.01,68487.79,67820.62,68489.9,67825.7,0.0684899
2024-04-06 00:00:00,0.0001,0.01,66930.74,67992.02,66937.4,67985.1,0.06693740000000001
2024-04-06 08:00:00,0.0001,0.01,68190.62,68104.0,68201.5,68094.0,0.06820150000000001
2024-04-06 16:00:00,0.0001,0.01,67820.62,68896.0,67825.7,68901.6,0.0678257
2024-04-07 00:00:00,0.0001,0.01,67992.02,69364.01,67985.1,69367.4,0.06798510000000002
2024-04-07 08:00:00,0.0001,0.01,68104.0,69543.74,68094.0,69567.9,0.06809400000000002
2024-04-07 16:00:00,0.0001,0.01,68896.0,69360.39,68901.6,69362.7,0.06890160000000002
2024-04-08 00:00:00,0.0001,0.01,69364.01,70698.63,69367.4,70745.4,0.06936740000000001
2024-04-08 08:00:00,0.0001,0.01,69543.74,71773.98,69567.9,71815.7,0.0695679
2024-04-08 16:00:00,0.0001,0.01,69360.39,71620.0,69362.7,71678.4,0.06936270000000001
2024-04-09 00:00:00,0.0001,0.01,70698.63,70383.99,70745.4,70444.0,0.24894598805999998
2024-04-09 08:00:00,0.0001,0.01,71773.98,69264.0,71815.7,69322.8,0.15020253655
2024-04-09 16:00:00,0.0001,0.01,71620.0,69146.0,71678.4,69189.3,0.14767900752
2024-04-10 00:00:00,0.00035189,0.035189,70383.99,69336.28,70444.0,69381.6,0.4724695563896
2024-04-10 08:00:00,0.00020915,0.020915,69264.0,68657.32,69322.8,68687.9,0.17295694412298
2024-04-10 16:00:00,0.00020603,0.020603,69146.0,70631.08,69189.3,70681.7,0.17757542541376045
2024-04-11 00:00:00,0.0001906,0.01906,69336.28,70735.99,69381.6,70789.1,0.1322413296
2024-04-11 08:00:00,0.00011929,0.011929,68657.32,70000.0,68687.9,70045.9,0.11453265112299799
2024-04-11 16:00:00,0.0001245699999999,0.01245699999999,70631.08,70006.23,70681.7,70055.7,0.17744352474331457
2024-04-12 00:00:00,0.0001,0.01,70735.99,70764.01,70789.1,70825.9,0.13990049833
2024-04-12 08:00:00,0.00013978,0.013977999999999999,70000.0,69347.3,70045.9,69374.1,0.11021746600881398
2024-04-12 16:00:00,0.00020153,0.020153,70006.23,67116.52,70055.7,67136.4,0.36185267541423
2024-04-13 00:00:00,0.00019763,0.019763,70764.01,67446.52,70825.9,67466.1,0.170963298444038
2024-04-13 08:00:00,0.00011257,0.011257,69347.3,67676.0,69374.1,67683.2,0.07809442437000001
2024-04-13 16:00:00,0.0002563,0.025629999999999997,67116.52,63924.51,67136.4,63939.7,0.17207059319999998
2024-04-14 00:00:00,0.00012214,0.012214,67446.52,64464.3,67466.1,64449.9,0.08240309454000001
2024-04-14 08:00:00,0.0001,0.01,67676.0,64180.97,67683.2,64163.3,0.06768320000000001
2024-04-14 16:00:00,0.0001,0.01,63924.51,65661.84,63939.7,65615.9,0.0639397
2024-04-15 00:00:00,0.0001,0.01,64464.3,66263.84,64449.9,66224.8,0.06444990000000002
2024-04-15 08:00:00,0.0001,0.01,64180.97,64568.81,64163.3,64552.8,0.06416330000000002
2024-04-15 16:00:00,0.0001,0.01,65661.84,63419.99,65615.9,63392.7,0.011541836809999999
2024-04-16 00:00:00,0.0001,0.01,66263.84,63516.19,66224.8,63487.9,0.06622480000000001
2024-04-16 08:00:00,0.0001,0.01,64568.81,61762.2,64552.8,61749.2,0.03842828184
2024-04-17 00:00:00,0.0001,0.01,63516.19,63297.84,63487.9,63260.8,0.02229695048
2024-04-21 08:00:00,0.0001,0.01,64808.35,65043.69,64771.0,65015.0,0.020636040600000002
2024-04-28 08:00:00,0.0001,0.01,62951.75,63540.0,62928.4,63508.6,0.00633059704
2024-05-02 00:00:00,0.0001,0.01,57499.99,57681.08,57482.0,57645.0,0.05691867640000001
2024-05-02 08:00:00,0.0001,0.01,56886.0,59264.15,56865.2,59230.7,0.03772437368
2024-05-14 00:00:00,0.0001,0.01,62334.37,62035.39,62296.6,62002.1,0.057007618659999995
2024-05-14 08:00:00,0.0001,0.01,63002.0,61787.61,62980.5,61749.9,0.062136561300000004
2024-05-15 16:00:00,0.0001,0.01,61577.49,66206.5,61550.5,66175.4,-0.0023696942500000006
2024-05-16 08:00:00,0.0001,0.01,64725.11,65818.88,64685.5,65800.1,0.01360336065
2024-05-22 08:00:00,0.0001,0.01,69826.99,70455.9,69874.9,70485.7,0.0698749
2024-05-22 16:00:00,0.00010517,0.010516999999999999,70148.34,69166.62,70168.8,69219.1,0.11629594683626397
2024-05-23 00:00:00,0.0001,0.01,69715.0,69734.04,69759.6,69770.6,0.06975960000000002
2024-05-23 08:00:00,0.0001,0.01,70455.9,68076.0,70485.7,68103.0,0.07048570000000001
2024-05-23 16:00:00,0.00015759,0.015759,69166.62,67969.65,69219.1,67999.9,0.10908237969000001
2024-05-24 00:00:00,0.0001,0.01,69734.04,67155.93,69770.6,67191.2,0.06977060000000002
2024-05-24 08:00:00,0.0001,0.01,68076.0,68326.46,68103.0,68340.2,0.06810300000000001
2024-05-24 16:00:00,0.0001,0.01,67969.65,68549.99,67999.9,68584.1,0.0679999
2024-05-25 00:00:00,0.0001,0.01,67155.93,68753.92,67191.2,68775.0,0.0671912
2024-05-25 08:00:00,0.0001,0.01,68326.46,68930.4,68340.2,68949.1,0.0683402
2024-05-25 16:00:00,0.0001,0.01,68549.99,69290.57,68584.1,69314.4,0.06858410000000002
2024-05-26 00:00:00,0.0001,0.01,68753.92,69340.15,68775.0,69359.2,0.06877500000000002
2024-05-26 08:00:00,0.0001,0.01,68930.4,68847.99,68949.1,68864.6,0.06894910000000001
2024-05-26 16:00:00,0.0001,0.01,69290.57,68507.67,69314.4,68524.3,0.06931440000000001
2024-05-27 00:00:00,0.0001,0.01,69340.15,68643.36,69359.2,68661.1,0.06935920000000001
2024-05-27 08:00:00,0.0001,0.01,68847.99,70373.85,68864.6,70421.5,0.06886460000000001
2024-05-27 16:00:00,0.0001,0.01,68507.67,69436.43,68524.3,69461.6,0.06852430000000001
2024-05-28 00:00:00,0.0001,0.01,68643.36,67694.0,68661.1,67712.0,0.06866110000000002
2024-05-28 08:00:00,0.0001,0.01,70373.85,68374.08,70421.5,68399.7,0.07042150000000001
2024-05-28 16:00:00,0.0001,0.01,69436.43,68398.39,69461.6,68440.5,0.06946160000000001
2024-05-29 00:00:00,0.0001,0.01,67694.0,67946.9,67712.0,67993.6,0.06771200000000001
2024-05-29 08:00:00,0.0001,0.01,68374.08,67379.13,68399.7,67421.0,0.06839970000000001
2024-05-29 16:00:00,0.0001,0.01,68398.39,67652.42,68440.5,67686.7,0.06844050000000002
2024-05-30 00:00:00,0.0001,0.01,67946.9,67584.56,67993.6,67627.8,0.08538636288000001
2024-05-30 08:00:00,0.0001,0.01,67379.13,68530.76,67421.0,68566.4,0.06742100000000001
2024-05-30 16:00:00,0.0001,0.01,67652.42,68352.17,67686.7,68402.5,0.0676867
2024-05-31 00:00:00,0.00012558,0.012558,67584.56,68174.99,67627.8,68226.1,0.08492699124000001
2024-05-31 08:00:00,0.0001,0.01,68530.76,67215.58,68566.4,67252.7,0.10010008735999999
2024-05-31 16:00:00,0.0001,0.01,68352.17,67540.01,68402.5,67577.9,0.08391618699993159
2024-06-01 00:00:00,0.0001,0.01,68174.99,67632.08,68226.1,67677.9,0.06822610000000001
2024-06-01 08:00:00,0.00014599,0.014599,67215.58,67691.28,67252.7,67728.2,0.09818221673000001
2024-06-01 16:00:00,0.0001226799999999,0.012267999999989999,67540.01,67766.85,67577.9,67799.2,0.0829045677199324
2024-06-02 00:00:00,0.0001,0.01,67632.08,67721.0,67677.9,67743.0,0.06936984749999998
2024-06-02 08:00:00,0.0001,0.01,67691.28,68142.17,67728.2,68189.8,0.0677282
2024-06-02 16:00:00,0.0001,0.01,67766.85,67765.63,67799.2,67805.9,0.0677992
2024-06-03 00:00:00,0.0001025,0.010249999999999999,67721.0,68906.7,67743.0,68949.9,0.069436575
2024-06-03 08:00:00,0.0001,0.01,68142.17,69615.28,68189.8,69650.0,0.06818980000000001
2024-06-03 16:00:00,0.0001,0.01,67765.63,68809.9,67805.9,68851.4,0.09584363964999998
2024-06-04 00:00:00,0.0001,0.01,68906.7,69013.63,68949.9,69054.7,0.06894990000000001
2024-06-04 08:00:00,0.0001,0.01,69615.28,70445.0,69650.0,70492.0,0.08363572
2024-06-04 16:00:00,0.00014135,0.014134999999999998,68809.9,70537.84,68851.4,70580.0,0.09732145389999998
2024-06-05 00:00:00,0.0001,0.01,69013.63,71200.0,69054.7,71244.1,0.06905470000000001
2024-06-05 08:00:00,0.00012008,0.012008,70445.0,71580.0,70492.0,71625.1,0.0846467936
2024-06-05 16:00:00,0.0001,0.01,70537.84,71108.0,70580.0,71133.3,0.11565944599999999
2024-06-06 00:00:00,0.0001,0.01,71200.0,71021.47,71244.1,71077.3,0.09422744666
2024-06-06 08:00:00,0.0001,0.01,71580.0,71300.0,71625.1,71334.3,0.07162510000000001
2024-06-06 16:00:00,0.00016387,0.016387,71108.0,70799.06,71133.3,70830.0,0.121671735585498
2024-06-07 00:00:00,0.00013226,0.013226,71021.47,71110.0,71077.3,71147.9,0.11064604712536599
2024-06-07 08:00:00,0.0001,0.01,71300.0,71111.54,71334.3,71150.0,0.07133430000000002
2024-06-07 16:00:00,0.00010438,0.010438000000000001,70799.06,69355.6,70830.0,69377.0,0.073932354
2024-06-08 00:00:00,0.0001176999999999,0.01176999999999,71110.0,69582.2,71147.9,69612.5,0.08513118019970765
2024-06-08 08:00:00,0.0001,0.01,71111.54,69430.01,71150.0,69462.1,0.07115000000000002
2024-06-08 16:00:00,0.0001,0.01,69355.6,69310.46,69377.0,69346.5,0.06937700000000001
2024-06-09 00:00:00,0.00010166,0.010166,69582.2,69295.64,69612.5,69331.9,0.07076806749999999
2024-06-09 08:00:00,0.0001,0.01,69430.01,69508.64,69462.1,69530.1,0.06946210000000001
2024-06-09 16:00:00,0.0001,0.01,69310.46,69648.14,69346.5,69667.1,0.0693465
2024-06-10 00:00:00,0.0001,0.01,69295.64,69303.99,69331.9,69325.3,0.0693319
2024-06-10 08:00:00,0.0001,0.01,69508.64,70066.12,69530.1,70090.9,0.06953010000000001
2024-06-10 16:00:00,0.0001,0.01,69648.14,69540.0,69667.1,69558.7,0.06966710000000002
2024-06-11 00:00:00,0.0001,0.01,69303.99,67570.18,69325.3,67582.0,0.06932530000000002
2024-06-11 08:00:00,0.0001,0.01,70066.12,66244.48,70090.9,66266.0,0.07009090000000001
2024-06-11 16:00:00,0.0001,0.01,69540.0,67314.24,69558.7,67320.7,0.06955870000000001
2024-06-12 00:00:00,0.0001,0.01,67570.18,67453.63,67582.0,67449.4,0.06758200000000002
2024-06-12 08:00:00,0.0001,0.01,66244.48,69734.0,66266.0,69738.0,0.066266
2024-06-12 16:00:00,0.0001,0.01,67314.24,68263.99,67320.7,68270.3,0.06732070000000001
2024-06-13 00:00:00,0.0001,0.01,67453.63,67724.81,67449.4,67724.9,0.0674494
2024-06-13 08:00:00,0.0001,0.01,69734.0,66470.01,69738.0,66464.4,0.06973800000000001
2024-06-13 16:00:00,0.0001,0.01,68263.99,66773.01,68270.3,66786.9,0.06827030000000002
2024-06-14 00:00:00,0.0001,0.01,67724.81,66904.98,67724.9,66906.2,0.0677249
2024-06-14 08:00:00,0.0001,0.01,66470.01,66392.0,66464.4,66380.0,0.0664644
2024-06-14 16:00:00,0.0001,0.01,66773.01,66043.99,66786.9,66039.7,0.06678690000000001
2024-06-15 00:00:00,0.0001,0.01,66904.98,66076.99,66906.2,66082.6,0.06690620000000001
2024-06-15 08:00:00,0.0001,0.01,66392.0,66316.02,66380.0,66311.9,0.06638000000000001
2024-06-15 16:00:00,0.0001,0.01,66043.99,66228.25,66039.7,66213.7,0.0660397
2024-06-16 00:00:00,0.0001,0.01,66076.99,66266.3,66082.6,66249.4,0.06608260000000002
2024-06-16 08:00:00,0.0001,0.01,66316.02,66712.8,66311.9,66690.4,0.06631190000000001
2024-06-16 16:00:00,0.0001,0.01,66228.25,66676.87,66213.7,66653.6,0.06621370000000001
2024-06-17 00:00:00,0.0001,0.01,66266.3,66172.0,66249.4,66147.3,0.0662494
2024-06-17 08:00:00,0.0001,0.01,66712.8,65368.0,66690.4,65341.9,0.06669040000000001
2024-06-17 16:00:00,0.0001,0.01,66676.87,66504.33,66653.6,66472.1,0.06665360000000002
2024-06-18 00:00:00,0.0001,0.01,66172.0,65672.51,66147.3,65646.4,0.06614730000000002
2024-06-18 08:00:00,0.0001,0.01,65368.0,64706.0,65341.9,64676.8,0.06534190000000001
2024-06-18 16:00:00,0.0001,0.01,66504.33,65175.32,66472.1,65150.0,0.05474642156000001
2024-06-19 00:00:00,0.0001,0.01,65672.51,65326.89,65646.4,65295.0,0.06564640000000001
2024-06-19 08:00:00,0.0001,0.01,64706.0,64922.0,64676.8,64895.0,0.06467680000000002
2024-06-20 00:00:00,0.0001,0.01,65326.89,65858.84,65295.0,65831.4,0.0193730265
2024-06-20 08:00:00,0.0001,0.01,64922.0,64831.23,64895.0,64794.4,0.025529693000000003
2024-06-23 00:00:00,0.0001,0.01,64520.0,64415.27,64490.1,64390.0,0.06449010000000001
2024-06-23 08:00:00,0.0001,0.01,64307.08,64094.0,64283.4,64071.8,0.06428340000000002
2024-06-24 00:00:00,0.0001,0.01,64415.27,62456.0,64390.0,62433.6,0.030108763999999996
2024-06-24 08:00:00,0.0001,0.01,64094.0,60843.99,64071.8,60823.2,0.061086054120000004
2024-06-25 16:00:00,0.0001,0.01,60293.3,61806.01,60273.6,61777.8,0.03585676464
2024-06-27 08:00:00,0.0001,0.01,61467.86,61576.0,61453.2,61570.5,0.061453200000000006
2024-06-27 16:00:00,0.0001,0.01,60864.99,61706.47,60860.1,61682.0,0.06086010000000001
2024-06-28 00:00:00,0.0001,0.01,60794.01,61350.01,60786.4,61317.9,0.06078640000000001
2024-06-28 08:00:00,0.0001,0.01,61576.0,61062.01,61570.5,61039.9,0.06157050000000001
2024-06-28 16:00:00,0.0001,0.01,61706.47,60427.84,61682.0,60429.8,0.06168200000000001
2024-06-29 00:00:00,0.0001,0.01,61350.01,61052.3,61317.9,61049.8,0.06131790000000001
2024-06-29 08:00:00,0.0001,0.01,61062.01,61106.0,61039.9,61107.9,0.061039900000000015
2024-06-29 16:00:00,0.0001,0.01,60427.84,60986.68,60429.8,60982.4,0.06042980000000001
2024-06-30 00:00:00,0.0001,0.01,61052.3,61528.01,61049.8,61533.6,0.061049800000000015
2024-06-30 08:00:00,0.0001,0.01,61106.0,61717.9,61107.9,61722.4,0.061107900000000014
2024-06-30 16:00:00,0.0001,0.01,60986.68,62772.01,60982.4,62766.0,0.06098240000000001
2024-07-01 00:00:00,0.0001,0.01,61528.01,63277.84,61533.6,63265.5,0.06153360000000001
2024-07-01 08:00:00,0.0001,0.01,61717.9,63132.9,61722.4,63119.9,0.06172240000000001
2024-07-01 16:00:00,0.0001,0.01,62772.01,62899.99,62766.0,62883.6,0.06276600000000002
2024-07-02 00:00:00,0.0001,0.01,63277.84,62629.99,63265.5,62617.9,0.06326550000000002
2024-07-02 08:00:00,0.0001,0.01,63132.9,61948.08,63119.9,61945.0,0.0631199
2024-07-02 16:00:00,0.0001,0.01,62899.99,62135.47,62883.6,62123.6,0.06288360000000001
2024-07-03 00:00:00,0.0001,0.01,62629.99,60870.01,62617.9,60859.9,0.06261790000000002
2024-07-03 08:00:00,0.0001,0.01,61948.08,60186.25,61945.0,60176.1,0.06194500000000001
2024-07-03 16:00:00,0.0001,0.01,62135.47,60208.58,62123.6,60208.0,0.06212360000000001
2024-07-04 00:00:00,0.0001,0.01,60870.01,58219.99,60859.9,58214.0,0.06085990000000001
2024-07-04 08:00:00,0.0001,0.01,60186.25,58140.0,60176.1,58137.6,0.06017610000000001
2024-07-04 16:00:00,0.0001,0.01,60208.58,57050.01,60208.0,57045.9,0.06020800000000001
2024-07-05 00:00:00,0.0001,0.01,58219.99,54415.05,58214.0,54389.4,0.05821400000000001
2024-07-05 08:00:00,0.0001,0.01,58140.0,56662.0,58137.6,56637.5,0.05813760000000001
2024-07-05 16:00:00,0.0001,0.01,57050.01,56628.79,57045.9,56604.9,0.05704590000000001
2024-07-06 00:00:00,0.0001,0.01,54415.05,56606.0,54389.4,56571.1,0.009583412279999998
2024-07-06 08:00:00,0.0001,0.01,56662.0,57317.98,56637.5,57285.4,0.03244762375
2024-07-06 16:00:00,0.0001,0.01,56628.79,58230.13,56604.9,58216.0,0.04252160088
2024-07-08 16:00:00,0.0001,0.01,55857.81,56714.62,55830.9,56686.4,0.045904165979999995
2024-07-09 00:00:00,0.0001,0.01,55852.01,57116.84,55828.4,57102.5,0.055828400000000014
2024-07-10 00:00:00,0.0001,0.01,57116.84,58977.99,57102.5,58948.1,0.05710250000000001
2024-07-10 08:00:00,0.0001,0.01,57477.01,57699.69,57445.3,57658.0,0.05744530000000001
2024-07-11 00:00:00,0.0001,0.01,58977.99,58191.5,58948.1,58168.1,0.03232713804
2024-07-11 08:00:00,0.0001,0.01,57699.69,57402.01,57658.0,57382.8,0.05765800000000001
2024-07-12 08:00:00,0.0001,0.01,57402.01,58214.0,57382.8,58188.9,0.03659874984000001
2024-07-12 16:00:00,0.0001,0.01,57339.89,57889.1,57315.5,57870.0,0.017343670300000003
2024-07-13 00:00:00,0.0001,0.01,57106.94,58170.32,57071.4,58140.0,0.023039724180000002
2024-07-15 00:00:00,0.0001,0.01,60062.01,62840.12,60031.3,62816.0,0.050078110460000005
2024-07-25 08:00:00,0.0001,0.01,66176.0,64790.88,66155.7,64773.3,0.06615570000000001
2024-07-25 16:00:00,0.0001,0.01,65376.0,65799.95,65350.8,65773.0,0.06535080000000001
2024-07-26 00:00:00,0.0001,0.01,64134.0,66890.56,64115.1,66873.8,0.06411510000000001
2024-07-26 08:00:00,0.0001,0.01,64790.88,67560.01,64773.3,67528.0,0.06477330000000002
2024-07-26 16:00:00,0.0001,0.01,65799.95,67907.99,65773.0,67882.5,0.06577300000000001
2024-07-27 00:00:00,0.0001,0.01,66890.56,68036.68,66873.8,68013.6,0.0223358492
2024-07-27 08:00:00,0.0001,0.01,67560.01,68844.0,67528.0,68822.0,0.0442105816
2024-07-27 16:00:00,0.0001,0.01,67907.99,67896.5,67882.5,67873.8,0.054455341500000004
2024-07-31 00:00:00,0.0001,0.01,66952.0,66224.0,66914.0,66196.4,0.051456866
2024-08-02 16:00:00,0.0001,0.01,65354.02,61498.33,65328.9,61483.7,0.06532890000000001
2024-08-03 00:00:00,0.0001,0.01,64164.07,61662.01,64146.0,61636.0,0.06414600000000001
2024-08-03 08:00:00,0.0001,0.01,63416.01,60879.0,63393.5,60857.7,0.0633935
2024-08-03 16:00:00,0.0001,0.01,61498.33,60697.99,61483.7,60684.6,0.06018024556
2024-08-04 00:00:00,0.0001,0.01,61662.01,60373.99,61636.0,60346.0,0.026176809199999998
2024-08-04 08:00:00,0.0001,0.01,60879.0,59086.01,60857.7,59070.0,0.06085770000000001
2024-08-05 08:00:00,0.0001,0.01,59086.01,54321.09,59070.0,54289.8,0.05907000000000001
2024-08-06 00:00:00,0.0001,0.01,52674.19,55999.99,52645.6,55979.1,0.03141362952
2024-08-06 08:00:00,0.0001,0.01,54321.09,56405.99,54289.8,56370.0,0.01935974268
2024-08-17 08:00:00,-0.00011235,0.011235,58071.06,59388.11,58035.6,59357.6,0.01246681294992
2024-09-22 16:00:00,0.0001,0.01,63348.96,63578.76,63320.6,63558.4,0.05859688324
2024-09-28 00:00:00,0.0001,0.01,65460.02,65824.01,65438.9,65790.0,0.01488734975
2024-09-28 08:00:00,0.0001,0.01,66006.01,65619.13,65974.0,65593.7,0.035988817
2024-10-02 00:00:00,0.0001,0.01,64045.92,61727.4,64017.0,61702.5,0.064017
2024-10-02 08:00:00,0.0001,0.01,62628.85,61874.01,62613.8,61833.9,0.04152547216000001
2024-10-02 16:00:00,0.0001,0.01,60805.78,60649.28,60776.8,60622.6,0.05110721112000001
2024-10-03 00:00:00,0.0001,0.01,61727.4,60926.0,61702.5,60898.6,0.0505343475
2024-10-10 08:00:00,0.0001,0.01,62316.0,60789.36,62285.4,60769.9,0.0130176486
2024-10-12 00:00:00,0.0001,0.01,60674.69,62767.57,60643.3,62734.1,0.0007216552700000001
2024-10-15 16:00:00,0.0001,0.01,66083.99,67074.14,66064.9,67044.1,0.06606490000000001
2024-10-16 00:00:00,0.0001,0.01,65638.74,66972.53,65638.4,66948.8,0.0656384
2024-10-16 08:00:00,0.0001,0.01,66022.0,67749.99,65994.6,67726.0,0.05494050450000001
2024-10-16 16:00:00,0.0001,0.01,67074.14,67620.01,67044.1,67592.0,0.05698748500000001
2024-10-17 00:00:00,0.0001,0.01,66972.53,67303.18,66948.8,67280.8,0.06694880000000002
2024-10-18 00:00:00,0.0001,0.01,67303.18,67969.7,67280.8,67955.0,0.06728080000000002
2024-10-18 08:00:00,0.0001,0.01,67590.66,68735.35,67561.9,68710.0,0.06756190000000001
2024-10-18 16:00:00,0.0001,0.01,67421.78,68428.0,67401.5,68407.8,0.06740150000000002
2024-10-19 00:00:00,0.0001,0.01,67969.7,68346.54,67955.0,68328.9,0.06795500000000002
2024-10-19 08:00:00,0.0001,0.01,68735.35,68226.93,68710.0,68206.9,0.06871000000000001
2024-10-19 16:00:00,0.0001,0.01,68428.0,68378.0,68407.8,68357.1,0.06840780000000002
2024-10-20 00:00:00,0.0001,0.01,68346.54,68378.0,68328.9,68347.0,0.06832890000000001
2024-10-20 08:00:00,0.0001,0.01,68226.93,68625.99,68206.9,68605.0,0.0682069
2024-10-20 16:00:00,0.0001,0.01,68378.0,69031.99,68357.1,69020.1,0.06835710000000002
2024-10-21 00:00:00,0.0001,0.01,68378.0,68514.0,68347.0,68519.3,0.068347
2024-10-21 08:00:00,0.0001,0.01,68625.99,67341.02,68605.0,67354.3,0.06860500000000001
2024-10-21 16:00:00,0.0001,0.01,69031.99,67377.5,69020.1,67368.8,0.06902010000000001
2024-10-22 00:00:00,0.0001,0.01,68514.0,67402.0,68519.3,67387.3,0.06851930000000002
2024-10-22 08:00:00,0.0001,0.01,67341.02,67282.27,67354.3,67266.8,0.06735430000000002
2024-10-22 16:00:00,0.0001,0.01,67377.5,67426.0,67368.8,67406.4,0.06736880000000002
2024-10-23 00:00:00,0.0001,0.01,67402.0,66852.34,67387.3,66838.0,0.06738730000000001
2024-10-23 08:00:00,0.0001,0.01,67282.27,66223.44,67266.8,66201.6,0.06726680000000002
2024-10-23 16:00:00,0.0001,0.01,67426.0,66668.65,67406.4,66647.2,0.0674064
2024-10-24 00:00:00,0.0001,0.01,66852.34,67123.08,66838.0,67104.4,0.06683800000000001
2024-10-24 08:00:00,0.0001,0.01,66223.44,67701.22,66201.6,67672.7,0.06620160000000001
2024-10-24 16:00:00,0.0001,0.01,66668.65,68198.28,66647.2,68173.8,0.0666472
2024-10-25 00:00:00,0.0001,0.01,67123.08,67531.97,67104.4,67503.6,0.06710440000000001
2024-10-25 08:00:00,0.0001,0.01,67701.22,67690.01,67672.7,67660.6,0.0676727
2024-10-25 16:00:00,0.0001,0.01,68198.28,66698.33,68173.8,66662.8,0.06817380000000002
2024-10-26 00:00:00,0.0001,0.01,67531.97,67007.99,67503.6,66982.0,0.06750360000000001
2024-10-26 08:00:00,0.0001,0.01,67690.01,66886.49,67660.6,66864.2,0.0321726153
2024-10-26 16:00:00,0.0001,0.01,66698.33,67092.76,66662.8,67071.8,0.050457073320000004
2024-10-27 00:00:00,0.0001,0.01,67007.99,67204.01,66982.0,67174.7,0.06698200000000001
2024-10-28 00:00:00,0.0001,0.01,67204.01,68415.52,67174.7,68395.2,0.0671747
2024-10-28 08:00:00,0.0001,0.01,67791.99,68494.2,67759.9,68459.1,0.06386370575
2024-10-29 00:00:00,0.0001,0.01,68415.52,71017.97,68395.2,71004.2,0.06118634592000001
2024-10-29 16:00:00,0.0001,0.01,69962.21,72736.42,69940.0,72739.5,0.06994000000000002
2024-10-30 08:00:00,0.0001,0.01,72402.01,72061.34,72374.9,72058.8,0.0723749
2024-10-30 16:00:00,0.0001,0.01,72736.42,72344.74,72739.5,72349.0,0.07273950000000001
2024-10-31 00:00:00,0.0001,0.01,72227.99,72417.19,72244.8,72417.8,0.07224480000000001
2024-10-31 08:00:00,0.0001,0.01,72061.34,70620.0,72058.8,70638.7,0.07205880000000002
2024-10-31 16:00:00,0.0001,0.01,72344.74,70292.01,72349.0,70321.9,0.07234900000000001
2024-11-01 00:00:00,0.0001,0.01,72417.19,69273.7,72417.8,69301.0,0.07241780000000002
2024-11-01 08:00:00,0.0001,0.01,70620.0,69387.77,70638.7,69381.0,0.07063870000000001
2024-11-01 16:00:00,0.0001,0.01,70292.01,69496.01,70321.9,69495.5,0.0703219
2024-11-02 00:00:00,0.0001,0.01,69273.7,69813.91,69301.0,69813.1,0.06930100000000002
2024-11-02 08:00:00,0.0001,0.01,69387.77,69393.17,69381.0,69394.0,0.06938100000000001
2024-11-02 16:00:00,0.0001,0.01,69496.01,69374.74,69495.5,69366.6,0.06949550000000002
2024-11-03 00:00:00,0.0001,0.01,69813.91,68397.42,69813.1,68395.6,0.06981310000000002
2024-11-03 08:00:00,0.0001,0.01,69393.17,68090.9,69394.0,68076.0,0.06939400000000001
2024-11-03 16:00:00,0.0001,0.01,69374.74,68775.99,69366.6,68762.5,0.06936660000000001
2024-11-04 00:00:00,0.0001,0.01,68397.42,68618.0,68395.6,68601.0,0.06839560000000001
2024-11-04 08:00:00,0.0001,0.01,68090.9,68646.01,68076.0,68614.7,0.06807600000000001
2024-11-04 16:00:00,0.0001,0.01,68775.99,67850.01,68762.5,67834.3,0.06876250000000002
2024-11-05 00:00:00,0.0001,0.01,68618.0,68893.99,68601.0,68876.0,0.06860100000000001
2024-11-05 08:00:00,0.0001,0.01,68646.01,69639.99,68614.7,69615.3,0.06861470000000001
2024-11-05 16:00:00,0.0001,0.01,67850.01,69372.01,67834.3,69353.1,0.06783430000000001
2024-11-06 00:00:00,0.0001,0.01,68893.99,73370.89,68876.0,73435.9,0.068876
2024-11-06 08:00:00,0.0001,0.01,69639.99,74298.0,69615.3,74289.6,0.06961530000000002
2024-11-06 16:00:00,0.0001,0.01,69372.01,75571.99,69353.1,75579.9,0.06935310000000001
2024-11-07 00:00:00,0.0001,0.01,73370.89,74757.58,73435.9,74800.0,0.07343590000000001
2024-11-07 08:00:00,0.0001,0.01,74298.0,76059.69,74289.6,76081.6,0.07428960000000003
2024-11-07 16:00:00,0.0001,0.01,75571.99,75857.89,75579.9,75859.4,0.0755799
2024-11-08 00:00:00,0.0001,0.01,74757.58,76148.49,74800.0,76171.0,0.07480000000000002
2024-11-08 08:00:00,0.0001,0.01,76059.69,76427.72,76081.6,76423.3,0.07608160000000001
2024-11-08 16:00:00,0.0001,0.01,75857.89,76509.78,75859.4,76482.2,0.07585940000000001
2024-11-09 00:00:00,0.0001,0.01,76148.49,76529.08,76171.0,76523.9,0.07617100000000002
2024-11-09 08:00:00,0.0001,0.01,76427.72,76319.9,76423.3,76305.7,0.07642330000000001
2024-11-09 16:00:00,0.0001,0.01,76509.78,76677.46,76482.2,76675.1,0.07648220000000001
2024-11-10 00:00:00,0.0001,0.01,76529.08,78832.37,76523.9,78858.2,0.0765239
2024-11-10 08:00:00,0.0001,0.01,76319.9,79694.03,76305.7,79735.1,0.0763057
2024-11-10 16:00:00,0.0001,0.01,76677.46,80370.01,76675.1,80410.0,0.19631125853000003
2024-11-11 00:00:00,0.0001,0.01,78832.37,81109.1,78858.2,81147.9,0.11129257765999999
2024-11-11 08:00:00,0.0001,0.01,79694.03,84059.54,79735.1,84114.2,0.29403912827
2024-11-11 16:00:00,0.00025603,0.025603000000000004,80370.01,88647.99,80410.0,88728.9,0.20587372300000006
2024-11-12 00:00:00,0.00014113,0.014113,81109.1,88983.35,81147.9,89095.4,0.11452403127
2024-11-12 08:00:00,0.00036877,0.03687699999999999,84059.54,86632.0,84114.2,86659.9,1.5240463827060218
2024-11-12 16:00:00,0.0001,0.01,88647.99,87952.01,88728.9,87972.0,0.38807358992991126
2024-11-13 00:00:00,0.0001,0.01,88983.35,87356.0,89095.4,87402.9,0.34528031315991087
2024-11-13 08:00:00,0.00049133,0.049132999999999996,86632.0,92540.01,86659.9,92608.1,0.42578608666999995
2024-11-13 16:00:00,0.0004373699999999,0.043736999999990006,87952.01,90375.2,87972.0,90413.3,0.5040781849975249
2024-11-14 00:00:00,0.0003875399999999,0.03875399999999,87356.0,90769.42,87402.9,90818.9,0.7403090517911048
2024-11-14 08:00:00,0.0001,0.01,92540.01,87947.99,92608.1,88000.0,0.09260810000000003
2024-11-14 16:00:00,0.00013101,0.013101000000000002,90375.2,87325.59,90413.3,87382.7,0.11845046433000002
2024-11-15 00:00:00,0.00021856,0.021856,90769.42,87612.0,90818.9,87693.9,0.19849378784000002
2024-11-15 08:00:00,0.0001,0.01,87947.99,88445.41,88000.0,88485.4,0.08800000000000001
2024-11-15 16:00:00,0.0001,0.01,87325.59,91032.07,87382.7,91074.6,0.08738270000000001
2024-11-16 00:00:00,0.0001,0.01,87612.0,91117.53,87693.9,91173.3,0.09626159403000001
2024-11-16 08:00:00,0.0001,0.01,88445.41,90521.2,88485.4,90578.0,0.0884854
2024-11-16 16:00:00,0.0001,0.01,91032.07,90586.92,91074.6,90643.3,0.09107460000000002
2024-11-17 00:00:00,0.00010977,0.010976999999999999,91117.53,90550.8,91173.3,90600.0,0.1324170803484709
2024-11-17 08:00:00,0.0001,0.01,90521.2,90260.01,90578.0,90305.1,0.142796217
2024-11-17 16:00:00,0.0001,0.01,90586.92,89855.99,90643.3,89899.9,0.09064330000000002
2024-11-18 00:00:00,0.0001323099999999,0.013230999999989999,90550.8,91719.9,90600.0,91795.9,0.12678952402190416
2024-11-18 08:00:00,0.00015765,0.015765,90260.01,92309.51,90305.1,92407.8,0.14236599015000004
2024-11-18 16:00:00,0.0001,0.01,89855.99,90464.08,89899.9,90507.4,0.3276851355
2024-11-19 00:00:00,0.00010577,0.010577,91719.9,91620.01,91795.9,91696.0,0.20698184144807397
2024-11-19 08:00:00,0.0001,0.01,92309.51,92391.99,92407.8,92453.3,0.19965629268
2024-11-19 16:00:00,0.0003645,0.03645,90464.08,92310.79,90507.4,92335.9,0.9968242476168
2024-11-20 00:00:00,0.00021318,0.021317999999999997,91620.01,92850.38,91696.0,92856.6,0.3510581011553245
2024-11-20 08:00:00,0.00021606,0.021605999999999997,92391.99,94739.97,92453.3,94737.6,0.19975459997999997
2024-11-20 16:00:00,0.00030216,0.030216,92310.79,94286.56,92335.9,94288.0,0.27900215544
2024-11-21 00:00:00,0.0001795899999999,0.017958999999989997,92850.38,96912.01,92856.6,96950.0,0.1667611679399071
2024-11-21 08:00:00,0.0001,0.01,94739.97,96672.0,94737.6,96684.0,0.09473760000000002
2024-11-21 16:00:00,0.0001,0.01,94286.56,98317.12,94288.0,98366.8,0.09428800000000001
2024-11-22 00:00:00,0.0001,0.01,96912.01,99173.7,96950.0,99252.6,0.09695000000000002
2024-11-22 08:00:00,0.0001,0.01,96672.0,98664.0,96684.0,98696.5,0.09668400000000002
2024-11-22 16:00:00,0.0001,0.01,98317.12,98892.0,98366.8,98921.4,0.09836680000000002
2024-11-23 00:00:00,0.0001,0.01,99173.7,98560.85,99252.6,98600.6,0.09925260000000002
2024-11-23 08:00:00,0.0001,0.01,98664.0,98400.0,98696.5,98426.0,0.09869650000000002
2024-11-23 16:00:00,0.0001,0.01,98892.0,97672.4,98921.4,97725.5,0.0989214
2024-11-24 00:00:00,0.0001,0.01,98560.85,98431.05,98600.6,98490.1,0.09860060000000002
2024-11-24 08:00:00,0.0001,0.01,98400.0,95901.51,98426.0,95986.4,0.09842600000000001
2024-11-24 16:00:00,0.0001,0.01,97672.4,97900.04,97725.5,97960.4,0.15780713739990226
2024-11-25 00:00:00,0.0001,0.01,98431.05,98047.34,98490.1,98112.9,0.22877280428000002
2024-11-25 08:00:00,0.0001,0.01,95901.51,96000.56,95986.4,96040.4,0.20189779376
2024-11-25 16:00:00,0.0001614799999999,0.016147999999989997,97900.04,93010.01,97960.4,93064.0,0.15818645391990202
2024-11-26 00:00:00,0.00023228,0.023228,98047.34,93785.71,98112.9,93842.1,0.5750516021079959
2024-11-26 08:00:00,0.00021034,0.021033999999999997,96000.56,92813.0,96040.4,92877.4,0.4424453186938719
2024-11-26 16:00:00,0.0001,0.01,93010.01,91965.16,93064.0,92021.4,0.16691959039999998
2024-11-27 00:00:00,0.00025233,0.025233,93785.71,93597.16,93842.1,93651.3,0.700879962775707
2024-11-27 08:00:00,0.00021902,0.021902,92813.0,95556.01,92877.4,95610.5,0.63477236425834
2024-11-27 16:00:00,0.00017936,0.017936,91965.16,95863.11,92021.4,95905.2,0.277184269757376
2024-11-28 00:00:00,0.00029599,0.029598999999999997,93597.16,95299.66,93651.3,95371.6,0.27719848287
2024-11-28 08:00:00,0.00031205,0.031205000000000004,95556.01,95007.14,95610.5,95067.3,0.29835256525000003
2024-11-28 16:00:00,0.00016794,0.016794,95863.11,95643.98,95905.2,95694.4,0.230739130119888
2024-11-29 00:00:00,0.0001,0.01,95299.66,95625.05,95371.6,95690.2,0.11310118044
2024-11-29 08:00:00,0.0001,0.01,95007.14,98019.47,95067.3,98076.2,0.19601926586990495
2024-11-29 16:00:00,0.00014326,0.014326000000000002,95643.98,97460.0,95694.4,97516.3,0.161041734452768
2024-11-30 00:00:00,0.00011859,0.011859,95625.05,96783.38,95690.2,96843.3,0.2487573338312645
2024-11-30 08:00:00,0.0002061899999999,0.02061899999999,98019.47,96645.41,98076.2,96707.4,0.20222331677990193
2024-11-30 16:00:00,0.00011747,0.011746999999999999,97460.0,96407.99,97516.3,96475.1,0.182241409357749
2024-12-01 00:00:00,0.0002192099999999,0.02192099999999,96783.38,96472.97,96843.3,96525.4,0.2560856657628422
2024-12-01 08:00:00,0.0001,0.01,96645.41,97028.02,96707.4,97081.4,0.15377443673990326
2024-12-01 16:00:00,0.00015909,0.015909,96407.99,97185.18,96475.1,97265.1,0.30053356746687904
2024-12-02 00:00:00,0.00012063,0.012062999999999999,96472.97,95999.99,96525.4,96053.6,0.11643859002
2024-12-02 08:00:00,0.0001590099999999,0.01590099999999,97028.02,97048.0,97081.4,97106.5,0.3971300344883142
2024-12-02 16:00:00,0.00019581,0.019581,97185.18,95840.62,97265.1,95890.5,0.46766174251720505
2024-12-03 00:00:00,0.0001,0.01,95999.99,95550.0,96053.6,95608.8,0.12858695432
2024-12-03 08:00:00,0.00025726,0.025725999999999995,97048.0,95682.54,97106.5,95743.7,0.31921511723181994
2024-12-03 16:00:00,0.00024555,0.024554999999999997,95840.62,95849.69,95890.5,95913.3,0.5869054093666499
2024-12-04 00:00:00,0.00013387,0.013386999999999998,95550.0,96588.81,95608.8,96652.1,0.15296264231925596
2024-12-04 08:00:00,0.00012778,0.012777999999999998,95682.54,95742.81,95743.7,95813.0,0.3258438180471239
2024-12-04 16:00:00,0.00024926,0.024926,95849.69,98587.32,95913.3,98669.8,0.6276635447941321
2024-12-05 00:00:00,0.00011951,0.011950999999999998,96588.81,102236.1,96652.1,102292.1,0.26836188477874295
2024-12-05 08:00:00,0.00026634,0.026633999999999998,95742.81,101292.01,95813.0,101350.1,0.7049578008525
2024-12-05 16:00:00,0.00026254,0.026254,98587.32,96945.63,98669.8,97001.5,1.876696916128232
2024-12-06 00:00:00,0.00023233,0.023232999999999997,102236.1,98138.54,102292.1,98209.6,1.1183817747627491
2024-12-06 08:00:00,0.00027625,0.027625000000000004,101292.01,99309.99,101350.1,99358.5,0.2799796512500001
2024-12-06 16:00:00,0.00072446,0.05,96945.63,99740.84,97001.5,99802.5,0.7097599754995151
2024-12-07 00:00:00,0.0004705899999999,0.04705899999999,98138.54,99405.2,98209.6,99442.6,0.4621645566399018
2024-12-07 08:00:00,0.0001,0.01,99309.99,99756.01,99358.5,99811.4,0.3176689962
2024-12-07 16:00:00,0.0001463399999999,0.01463399999999,99740.84,99831.99,99802.5,99899.2,0.18072348079577652
2024-12-08 00:00:00,0.0001,0.01,99405.2,99675.11,99442.6,99741.5,0.14011462340000003
2024-12-08 08:00:00,0.00031972,0.031972,99756.01,99912.01,99811.4,99975.0,0.54202023822388
2024-12-08 16:00:00,0.00012374,0.012374000000000001,99831.99,101109.59,99899.2,101200.0,0.20485522557657604
2024-12-09 00:00:00,0.0001409,0.01409,99675.11,99576.51,99741.5,99637.1,0.24706188981299998
2024-12-09 08:00:00,0.00016985,0.016985,99912.01,97812.0,99975.0,97856.0,0.5164356637987499
2024-12-09 16:00:00,0.00016572,0.016572,101109.59,97276.47,101200.0,97349.1,0.35272481164783226
2024-12-10 00:00:00,0.0001758,0.01758,99576.51,97196.44,99637.1,97217.7,0.19469258723070001
2024-12-10 08:00:00,0.00030413,0.030413,97812.0,95658.79,97856.0,95687.9,0.2976094528
2024-12-10 16:00:00,0.0002103199999999,0.021031999999989996,97276.47,96593.0,97349.1,96602.4,0.20474462711990263
2024-12-11 00:00:00,0.00011115,0.011115,97196.44,97334.6,97217.7,97337.9,0.10805747355
2024-12-11 08:00:00,0.0001,0.01,95658.79,100361.64,95687.9,100352.7,0.0956879
2024-12-11 16:00:00,0.0001,0.01,96593.0,101125.0,96602.4,101115.3,0.0966024
2024-12-12 00:00:00,0.0001,0.01,97334.6,100499.99,97337.9,100481.6,0.0973379
2024-12-12 08:00:00,0.0001,0.01,100361.64,101797.14,100352.7,101775.1,0.10035270000000002
2024-12-12 16:00:00,0.0001,0.01,101125.0,100004.29,101115.3,99982.4,0.10111530000000002
2024-12-13 00:00:00,0.0001,0.01,100499.99,100130.0,100481.6,100100.0,0.10048160000000002
2024-12-13 08:00:00,0.0001,0.01,101797.14,99873.16,101775.1,99831.0,0.10177510000000002
2024-12-13 16:00:00,0.0001,0.01,100004.29,101424.25,99982.4,101371.9,0.09998240000000001
2024-12-14 00:00:00,0.0001,0.01,100130.0,101824.0,100100.0,101787.0,0.10010000000000002
2024-12-14 08:00:00,0.0001,0.01,99873.16,101625.12,99831.0,101601.9,0.067385925
2024-12-14 16:00:00,0.0001,0.01,101424.25,101420.0,101371.9,101381.0,0.10137190000000001
2024-12-15 00:00:00,0.0001,0.01,101824.0,101732.09,101787.0,101671.9,0.10178700000000002
2024-12-15 16:00:00,0.0001,0.01,101420.0,104463.99,101381.0,104460.4,0.0830715914
2024-12-16 00:00:00,0.0001,0.01,101732.09,104992.79,101671.9,104949.9,0.10167190000000001
2024-12-16 08:00:00,0.0001,0.01,102704.01,106332.01,102668.5,106281.2,0.10266850000000002
2024-12-17 00:00:00,0.0001,0.01,104992.79,106805.75,104949.9,106784.0,0.09635450319
2024-12-17 08:00:00,0.0001,0.01,106332.01,106478.47,106281.2,106429.9,0.08360079192
2024-12-17 16:00:00,0.0001,0.01,106058.66,106133.74,106023.2,106074.6,0.10602320000000001
2024-12-18 16:00:00,0.0001,0.01,106133.74,100204.01,106074.6,100181.1,0.09714311868
2024-12-19 00:00:00,0.0001,0.01,104250.75,101656.57,104200.1,101615.2,0.10420010000000002
2024-12-19 08:00:00,0.0001,0.01,104428.54,100679.86,104395.1,100631.1,0.10439510000000002
2024-12-20 00:00:00,0.0001,0.01,101656.57,97832.53,101615.2,97826.1,0.10161520000000002
2024-12-20 08:00:00,0.0001,0.01,100679.86,96991.62,100631.1,96961.3,0.10063110000000003
2024-12-20 16:00:00,0.0001,0.01,97461.86,97805.44,97434.4,97764.4,0.0974344
2024-12-21 00:00:00,0.0001,0.01,97832.53,99040.0,97826.1,98988.1,0.09782610000000003
2024-12-21 08:00:00,0.0001,0.01,96991.62,97527.97,96961.3,97486.5,0.09696130000000001
2024-12-21 16:00:00,0.0001,0.01,97805.44,97291.99,97764.4,97261.8,0.01179038664
2024-12-22 00:00:00,0.0001,0.01,99040.0,96210.24,98988.1,96192.1,0.09898810000000002
2024-12-22 08:00:00,0.0001,0.01,97527.97,95377.72,97486.5,95341.0,0.09748650000000002
2024-12-23 00:00:00,0.0001,0.01,96210.24,95404.01,96192.1,95360.5,0.09262337309000002
2024-12-23 08:00:00,0.0001,0.01,95377.72,93250.37,95341.0,93217.6,0.09534100000000001
2024-12-23 16:00:00,0.0001,0.01,95186.27,94881.47,95153.5,94861.1,0.09515350000000002
2024-12-24 08:00:00,0.0001,0.01,93250.37,98300.0,93217.6,98243.5,0.09321760000000003
2024-12-24 16:00:00,0.0001,0.01,94881.47,98663.58,94861.1,98627.2,0.09486110000000002
2024-12-25 08:00:00,0.0001,0.01,98300.0,98519.98,98243.5,98493.3,0.09824350000000001
2024-12-25 16:00:00,0.0001,0.01,98663.58,99429.6,98627.2,99379.7,0.09862720000000001
2024-12-26 00:00:00,0.0001,0.01,98084.33,97719.99,98049.7,97669.6,0.09804970000000002
2024-12-26 08:00:00,0.0001,0.01,98519.98,96042.88,98493.3,95993.5,0.09678936591000002
2024-12-26 16:00:00,0.0001,0.01,99429.6,95791.6,99379.7,95751.0,0.07406769041000001
2024-12-27 00:00:00,0.0001,0.01,97719.99,95104.76,97669.6,95074.4,0.08384935160000001
2024-12-28 08:00:00,0.0001,0.01,94573.75,94447.29,94539.9,94407.7,0.09453990000000001
2024-12-28 16:00:00,0.0001,0.01,94299.03,95300.0,94258.9,95259.1,0.07200437371
2024-12-29 00:00:00,0.0001,0.01,94381.99,95272.04,94334.7,95233.2,0.04879934031
2024-12-29 08:00:00,0.0001,0.01,94447.29,94511.12,94407.7,94468.4,0.07564889001
2024-12-30 16:00:00,0.0001,0.01,93738.2,92792.05,93700.0,92759.3,0.08237167000000001
2024-12-31 00:00:00,0.0001,0.01,93731.65,92860.75,93688.9,92819.6,0.0936889
2025-01-01 00:00:00,0.0001,0.01,92860.75,93684.1,92819.6,93660.7,0.09281960000000002
2025-01-01 08:00:00,0.0001,0.01,95412.0,94432.94,95389.4,94409.9,0.09538940000000001
2025-01-01 16:00:00,0.0001,0.01,93576.0,94591.79,93548.9,94580.9,0.0935489
2025-01-02 00:00:00,0.0001,0.01,93684.1,95822.0,93660.7,95815.3,0.09366070000000001
2025-01-02 08:00:00,0.0001,0.01,94432.94,96455.01,94409.9,96428.5,0.0944099
2025-01-02 16:00:00,0.0001,0.01,94591.79,96984.79,94580.9,96967.5,0.09458090000000001
2025-01-03 00:00:00,0.0001,0.01,95822.0,96304.0,95815.3,96275.0,0.09581530000000002
2025-01-03 08:00:00,0.0001,0.01,96455.01,97521.35,96428.5,97479.5,0.09642850000000001
2025-01-03 16:00:00,0.0001,0.01,96984.79,98174.18,96967.5,98145.7,0.09696750000000001
2025-01-04 00:00:00,0.0001,0.01,96304.0,98271.88,96275.0,98244.2,0.050467355
2025-01-04 08:00:00,0.0001,0.01,97521.35,97657.94,97479.5,97623.6,0.07504946705
2025-01-04 16:00:00,0.0001,0.01,98174.18,98220.5,98145.7,98173.2,0.09814570000000002
2025-01-05 16:00:00,0.0001,0.01,98220.5,98363.61,98173.2,98340.2,0.09817320000000002
2025-01-06 08:00:00,0.0001,0.01,98028.98,102147.95,97986.6,102104.5,0.09798660000000002
2025-01-06 16:00:00,0.0001,0.01,98363.61,102235.6,98340.2,102180.4,0.09834020000000002
2025-01-07 08:00:00,0.0001,0.01,102147.95,97952.26,102104.5,97915.3,0.10210450000000001
2025-01-07 16:00:00,0.0001,0.01,102235.6,96954.61,102180.4,96920.3,0.09097121011999999
2025-01-08 00:00:00,0.0001,0.01,101664.81,95657.09,101649.3,95628.4,0.08415545547
2025-01-08 08:00:00,0.0001,0.01,97952.26,95493.77,97915.3,95450.0,0.09791530000000002
2025-01-09 08:00:00,0.0001,0.01,95493.77,94244.02,95450.0,94195.2,0.09545000000000002
2025-01-09 16:00:00,0.0001,0.01,95060.61,92552.49,95014.1,92505.9,0.09342736453
2025-01-10 00:00:00,0.0001,0.01,93221.59,94492.63,93176.4,94457.0,-0.00506879616
2025-01-10 08:00:00,0.0001,0.01,94244.02,93730.92,94195.2,93704.0,0.03735781632
