timestamp,price,portfolio_value,btc_position,drawdown
2025-02-28 04:24:00,80592.17,10000.0,0.0,0.0
2025-02-28 04:25:00,80579.85,9999.538852620546,0.004963261319306826,0.004611473794539051
2025-02-28 04:26:00,80628.79,9999.781754629514,0.004963261319306826,0.002182453704863292
2025-02-28 04:27:00,80519.09,9999.237284862786,0.004963261319306826,0.007627151372143998
2025-02-28 04:28:00,80362.96,9998.462370873001,0.004963261319306826,0.015376291269985812
2025-02-28 04:29:00,80337.34,9998.335212118001,0.004963261319306826,0.016647878819985636
2025-02-28 04:30:00,80312.93,9998.214058909198,0.004963261319306826,0.017859410908022254
2025-02-28 04:31:00,80040.01,9996.859485629931,0.004963261319306826,0.03140514370068559
2025-02-28 04:32:00,80216.65,9997.736196109374,0.004963261319306826,0.022638038906261503
2025-02-28 04:33:00,80053.4,9995.711898235868,0.009949757264973966,0.042881017641320796
2025-02-28 04:34:00,79924.7,9994.431364475866,0.009949757264973966,0.055686355241341516
2025-02-28 04:35:00,79645.17,9991.650108827587,0.009949757264973966,0.08349891172412753
2025-02-28 04:36:00,79680.0,9991.996658873126,0.009949757264973966,0.08003341126874147
2025-02-28 04:37:00,79730.36,9992.49772864899,0.009949757264973966,0.07502271351009768
2025-02-28 04:38:00,79861.98,9993.807315700207,0.009949757264973966,0.061926842997927445
2025-02-28 04:39:00,80030.0,9995.479073915867,0.009949757264973966,0.04520926084132952
2025-02-28 04:40:00,80124.82,9996.422509899732,0.009949757264973966,0.03577490100267823
2025-02-28 04:41:00,80172.67,9996.898605784862,0.009949757264973966,0.031013942151384984
2025-02-28 04:42:00,80473.99,9999.896666643943,0.009949757264973966,0.0010333335605719185
2025-02-28 04:43:00,80539.53,10000.548773735089,0.009949757264973966,0.0
2025-02-28 04:44:00,80716.43,10002.308885795263,0.009949757264973966,0.0
2025-02-28 04:45:00,80962.01,10004.752347184396,0.009949757264973966,0.0
2025-02-28 04:46:00,80791.99,10003.060689454205,0.009949757264973966,0.016908541775818492
2025-02-28 04:47:00,80737.99,10001.856049325517,0.01490074312384438,0.028949220913938166
2025-02-28 04:48:00,80618.14,10000.070195262124,0.01490074312384438,0.04679927858074219
2025-02-28 04:49:00,80488.0,9997.08530179756,0.019862405598319727,0.07663403471444484
2025-02-28 04:50:00,80505.72,9997.437263624763,0.019862405598319727,0.07311608829270103
2025-02-28 04:51:00,80460.3,9996.535113162487,0.019862405598319727,0.08213330761977343
2025-02-28 04:52:00,80607.75,9999.463824867958,0.019862405598319727,0.05286010220858614
2025-02-28 04:53:00,80713.99,10001.574006838724,0.019862405598319727,0.03176830605473718
2025-02-28 04:54:00,80680.64,10000.91159561202,0.019862405598319727,0.03838927180897742
2025-02-28 04:55:00,80573.22,9998.777976002648,0.019862405598319727,0.05971533301800877
2025-02-28 04:56:00,80639.18,10000.088100275912,0.019862405598319727,0.04662031349327965
2025-02-28 04:57:00,80564.01,9998.595043247087,0.019862405598319727,0.06154379162660288
2025-02-28 04:58:00,80367.98,9994.70141587765,0.019862405598319727,0.10046157024142092
2025-02-28 04:59:00,80410.5,9995.54596536369,0.019862405598319727,0.09202008706689353
2025-02-28 05:00:00,80265.02,9992.656382597246,0.019862405598319727,0.12090218895377247
2025-02-28 05:01:00,80308.25,9993.515034391261,0.019862405598319727,0.11231974968673303
2025-02-28 05:02:00,80463.26,9996.593905883057,0.019862405598319727,0.081545659684768
2025-02-28 05:03:00,80449.18,9996.314243212233,0.019862405598319727,0.08434095797021544
2025-02-28 05:04:00,80366.34,9994.668841532468,0.019862405598319727,0.10078715896216964
2025-02-28 05:05:00,80084.87,9989.07817022871,0.019862405598319727,0.15666731580914836
2025-02-28 05:06:00,80075.6,9988.894045728812,0.019862405598319727,0.1585076862002211
2025-02-28 05:07:00,79966.13,9986.719708187964,0.019862405598319727,0.1802407333101747
2025-02-28 05:08:00,79923.21,9985.867213739684,0.019862405598319727,0.18876162836780797
2025-02-28 05:09:00,79926.2,9985.541566696342,0.024867209584546007,0.19201655194854197
2025-02-28 05:10:00,79990.0,9987.128094667836,0.024867209584546007,0.17615880838389567
2025-02-28 05:11:00,80144.01,9990.957893615952,0.024867209584546007,0.1378790107915649
2025-02-28 05:12:00,79994.0,9987.227563506174,0.024867209584546007,0.1751645924864278
2025-02-28 05:13:00,79972.7,9986.057891942026,0.02486720958454601,0.1868557520829717
2025-02-28 05:14:00,79840.63,9981.925219235105,0.02886857505051127,0.2281628485858042
2025-02-28 05:15:00,79963.99,9985.486446653336,0.02886857505051127,0.19256749055344363
2025-02-28 05:16:00,79660.19,9976.71617355299,0.02886857505051127,0.2802285619723143
2025-02-28 05:17:00,79911.18,9983.961897204917,0.02886857505051127,0.20780574329088286
2025-02-28 05:18:00,79944.01,9984.909652523826,0.02886857505051127,0.19833269202465317
2025-02-28 05:19:00,80133.26,9990.373030352135,0.02886857505051127,0.1437248652767263
2025-02-28 05:20:00,80161.2,9991.179618339047,0.02886857505051127,0.13566281677295863
2025-02-28 05:21:00,80219.47,9992.86179020724,0.02886857505051127,0.11884908855842152
2025-02-28 05:22:00,80201.05,9992.33003105481,0.02886857505051127,0.12416415417901606
2025-02-28 05:23:00,80089.44,9989.108009393422,0.02886857505051127,0.15636906590073932
2025-02-28 05:24:00,79890.16,9983.355079757355,0.02886857505051127,0.21387103532915083
2025-02-28 05:25:00,79737.32,9978.942806746636,0.02886857505051127,0.25797280674342227
2025-02-28 05:26:00,79714.04,9977.857319552671,0.03288175231806929,0.2688225225214452
2025-02-28 05:27:00,79714.01,9977.856333100102,0.03288175231806929,0.26883238236139817
2025-02-28 05:28:00,79691.9,9977.12931755635,0.03288175231806929,0.27609908440982334
2025-02-28 05:29:00,79781.92,9980.089332900021,0.03288175231806929,0.2465129913117332
2025-02-28 05:30:00,79656.52,9975.965961159336,0.03288175231806929,0.28772712233263065
2025-02-28 05:31:00,79625.57,9974.948270925091,0.03288175231806929,0.29789919055509884
2025-02-28 05:32:00,79714.65,9977.877377421584,0.03288175231806929,0.2686220391089955
2025-02-28 05:33:00,79628.94,9975.059082430404,0.03288175231806929,0.2967916018665765
2025-02-28 05:34:00,79646.53,9975.637472453678,0.03288175231806929,0.2910104490383676
2025-02-28 05:35:00,79681.87,9976.7995135806,0.03288175231806929,0.27939555756883083
2025-02-28 05:36:00,79956.22,9985.820622329062,0.03288175231806929,0.18922732116065036
2025-02-28 05:37:00,79996.13,9986.332933064077,0.03288175231806929,0.18410664733248042
2025-02-28 05:38:00,79954.41,9984.161106357367,0.03288175231806929,0.20581459802774293
2025-02-28 05:39:00,79786.37,9977.394977615848,0.037884603317782754,0.27344374572397345
2025-02-28 05:40:00,79764.39,9976.562274034923,0.037884603317782754,0.2817668261164588
2025-02-28 05:41:00,79644.06,9972.003619717692,0.037884603317782754,0.32733171527149374
2025-02-28 05:42:00,79873.93,9980.712153482353,0.037884603317782754,0.24028774394209643
2025-02-28 05:43:00,79924.01,9982.609414416507,0.037884603317782754,0.221324146760319
2025-02-28 05:44:00,79889.18,9981.289893682948,0.037884603317782754,0.2345130862539655
2025-02-28 05:45:00,79747.31,9975.915205010255,0.037884603317782754,0.2882344427271786
2025-02-28 05:46:00,79685.67,9973.579998061747,0.037884603317782754,0.311575419769607
2025-02-28 05:47:00,79612.65,9970.813664327481,0.037884603317782754,0.33922561677867236
2025-02-28 05:48:00,79681.99,9973.440582721538,0.037884603317782754,0.31296891093631346
2025-02-28 05:49:00,79702.43,9974.214944013353,0.037884603317782754,0.30522897630382145
2025-02-28 05:50:00,79540.0,9968.061347896444,0.037884603317782754,0.3667357073388996
2025-02-28 05:51:00,79750.01,9976.017493439213,0.037884603317782754,0.2872120443168216
2025-02-28 05:52:00,79544.22,9968.221220922445,0.037884603317782754,0.3651377364901145
2025-02-28 05:53:00,79357.66,9961.15346932748,0.037884603317782754,0.43578167998516465
2025-02-28 05:54:00,79387.99,9962.30250934611,0.037884603317782754,0.4242967378421251
2025-02-28 05:55:00,79357.63,9961.152332789381,0.037884603317782754,0.4357930399675033
2025-02-28 05:56:00,79467.75,9965.324185306736,0.037884603317782754,0.3940943314679501
2025-02-28 05:57:00,79590.11,9969.959745368698,0.037884603317782754,0.3477607501747834
2025-02-28 05:58:00,79900.13,9981.704730089277,0.037884603317782754,0.23036669270084412
2025-02-28 05:59:00,79973.79,9984.495309969665,0.037884603317782754,0.20247414940192865
2025-02-28 06:00:00,80021.98,9986.32096900355,0.037884603317782754,0.18422623110739927
2025-02-28 06:01:00,80060.01,9987.467857346619,0.04488268059605055,0.17276279549929477
2025-02-28 06:02:00,80253.23,9996.140088891387,0.04488268059605055,0.08608167393001996
2025-02-28 06:03:00,80320.74,9999.170118658427,0.04488268059605055,0.05579576917303878
2025-02-28 06:04:00,80257.99,9996.353730451025,0.04488268059605055,0.08394627315022994
2025-02-28 06:05:00,80345.25,10000.270193159835,0.04488268059605055,0.04480024961160149
2025-02-28 06:06:00,80300.01,9998.23970068967,0.04488268059605055,0.06509552929172678
2025-02-28 06:07:00,80195.99,9993.57100425407,0.04488268059605055,0.11176031692051182
2025-02-28 06:08:00,79972.01,9983.518181454165,0.04488268059605055,0.21224079310875882
2025-02-28 06:09:00,79921.97,9981.27225211714,0.04488268059605055,0.23468941811302346
2025-02-28 06:10:00,79981.99,9983.966110606514,0.04488268059605055,0.20776362928895226
2025-02-28 06:11:00,79807.22,9976.121964518743,0.04488268059605055,0.28616782976852434
2025-02-28 06:12:00,79711.52,9971.826691985701,0.04488268059605055,0.32910015216879146
2025-02-28 06:13:00,79700.0,9971.309643505234,0.04488268059605055,0.33426818094676597
2025-02-28 06:14:00,79566.04,9965.297159612586,0.04488268059605055,0.3943644600349707
2025-02-28 06:15:00,79644.07,9968.799355179497,0.04488268059605055,0.3593591401092214
2025-02-28 06:16:00,79705.17,9971.541686963916,0.04488268059605055,0.3319488485872088
2025-02-28 06:17:00,79685.59,9970.662884077845,0.04488268059605055,0.3407327030553123
2025-02-28 06:18:00,79610.87,9967.309250183709,0.04488268059605055,0.3742531119345944
2025-02-28 06:19:00,79503.54,9962.491992075335,0.04488268059605055,0.42240281060984664
2025-02-28 06:20:00,79334.98,9954.926567434064,0.04488268059605055,0.49802112057630593
2025-02-28 06:21:00,79504.01,9962.513086935214,0.04488268059605055,0.4221919622135283
2025-02-28 06:22:00,79522.54,9963.344763006658,0.04488268059605055,0.4138791520350905
2025-02-28 06:23:00,79426.54,9959.036025669438,0.04488268059605055,0.45694605851811404
2025-02-28 06:24:00,79382.0,9957.03695107569,0.04488268059605055,0.47692730867180766
2025-02-28 06:25:00,79586.01,9966.193466744091,0.04488268059605055,0.38540564625926566
2025-02-28 06:26:00,79456.01,9960.358718266603,0.04488268059605055,0.4437254154550491
2025-02-28 06:27:00,79411.83,9958.37580143787,0.04488268059605055,0.46354516470941676
2025-02-28 06:28:00,79408.4,9958.221853843424,0.04488268059605055,0.4650839093889866
2025-02-28 06:29:00,79490.57,9961.909863708004,0.04488268059605055,0.42822132912114386
2025-02-28 06:30:00,79612.42,9967.378818338631,0.04488268059605055,0.3735577608403528
2025-02-28 06:31:00,79633.55,9968.327189379626,0.04488268059605055,0.36407855527798955
2025-02-28 06:32:00,79773.59,9974.612559970297,0.04488268059605055,0.3012547054458664
2025-02-28 06:33:00,79750.09,9973.55781697629,0.04488268059605055,0.3117971252620237
2025-02-28 06:34:00,79687.28,9970.738735808052,0.04488268059605055,0.33997454605576616
2025-02-28 06:35:00,79755.41,9973.796592837061,0.04488268059605055,0.30941050086108834
2025-02-28 06:36:00,79683.99,9970.591071788891,0.04488268059605055,0.3414504848300315
2025-02-28 06:37:00,79501.03,9962.379336547037,0.04488268059605055,0.4235288307689452
2025-02-28 06:38:00,79501.38,9962.395045485247,0.04488268059605055,0.42337181600571117
2025-02-28 06:39:00,79480.01,9961.435902600908,0.04488268059605055,0.4329586888342978
2025-02-28 06:40:00,79364.01,9956.229511651767,0.04488268059605055,0.4849978675012839
2025-02-28 06:41:00,79373.4,9956.650960022564,0.04488268059605055,0.4807853857109164
2025-02-28 06:42:00,79397.98,9957.754176311615,0.04488268059605055,0.4697584631968178
2025-02-28 06:43:00,79422.45,9958.8524555058,0.04488268059605055,0.458780888179748
2025-02-28 06:44:00,79348.0,9955.510939935424,0.04488268059605055,0.4921801713845493
2025-02-28 06:45:00,79336.47,9954.993442628152,0.04488268059605055,0.4973526862985975
2025-02-28 06:46:00,79214.2,9949.505637271672,0.04488268059605055,0.552204672295284
2025-02-28 06:47:00,79486.71,9961.736616560902,0.04488268059605055,0.4299529776526646
2025-02-28 06:48:00,79333.2,9954.846676262603,0.04488268059605055,0.498819652800679
2025-02-28 06:49:00,79268.11,9951.925262582607,0.04488268059605055,0.5280199126233885
2025-02-28 06:50:00,79181.96,9948.058619649257,0.04488268059605055,0.5666679750558182
2025-02-28 06:51:00,79217.89,9949.671254363073,0.04488268059605055,0.5505492880773253
2025-02-28 06:52:00,79180.01,9947.971098422095,0.04488268059605055,0.5675427715937532
2025-02-28 06:53:00,79279.15,9952.420767376387,0.04488268059605055,0.5230672183778426
2025-02-28 06:54:00,79432.0,9959.281085105493,0.04488268059605055,0.4544966282118924
2025-02-28 06:55:00,79539.57,9964.10911505721,0.04488268059605055,0.4062392622704349
2025-02-28 06:56:00,79584.77,9966.137812220151,0.04488268059605055,0.38596192713467714
2025-02-28 06:57:00,79443.38,9959.791850010675,0.04488268059605055,0.4493914053392224
2025-02-28 06:58:00,79479.56,9961.41570539464,0.04488268059605055,0.4331605649584324
2025-02-28 06:59:00,79344.56,9955.356543514174,0.04488268059605055,0.49372340220019284
2025-02-28 07:00:00,79525.72,9963.487489930954,0.04488268059605055,0.4124525607578359
2025-02-28 07:01:00,79674.0,9970.142693809737,0.04488268059605055,0.3459321347859117
2025-02-28 07:02:00,79729.71,9972.643107945743,0.04488268059605055,0.32093987061747764
2025-02-28 07:03:00,79792.46,9975.459496153146,0.04488268059605055,0.29278936664028654
2025-02-28 07:04:00,79921.11,9981.233653011826,0.04488268059605055,0.23507522581694343
2025-02-28 07:05:00,79876.27,9979.221113613901,0.04488268059605055,0.25519106005337533
2025-02-28 07:06:00,79931.02,9981.678440376534,0.04488268059605055,0.23062946494978
2025-02-28 07:07:00,79808.02,9976.15787066322,0.04488268059605055,0.28580893888115566
2025-02-28 07:08:00,79797.83,9975.700516147946,0.04488268059605055,0.29038031155889177
2025-02-28 07:09:00,79711.18,9971.811431874297,0.04488268059605055,0.3292526807959336
2025-02-28 07:10:00,79696.6,9971.157042391209,0.04488268059605055,0.3357934672180238
2025-02-28 07:11:00,79725.76,9972.465821357388,0.04488268059605055,0.3227118943738253
2025-02-28 07:12:00,79805.0,9976.02232496782,0.04488268059605055,0.2871637519809402
2025-02-28 07:13:00,79721.2,9972.26115633387,0.04488268059605055,0.32475757243175957
2025-02-28 07:14:00,79745.84,9973.367065583756,0.04488268059605055,0.3137037331011278
2025-02-28 07:15:00,79805.27,9976.03444329158,0.04488268059605055,0.2870426263064594
2025-02-28 07:16:00,79878.0,9979.29876065133,0.04488268059605055,0.25441495850947987
2025-02-28 07:17:00,79970.22,9983.4378414559,0.04488268059605055,0.21304381146920554
2025-02-28 07:18:00,80100.0,9989.262715743655,0.04488268059605055,0.1548227372674617
2025-02-28 07:19:00,80056.6,9987.314807405786,0.04488268059605055,0.17429256790666264
2025-02-28 07:20:00,79930.0,9981.632660042325,0.04488268059605055,0.2310870508311701
2025-02-28 07:21:00,79850.0,9978.042045594642,0.04488268059605055,0.26697613956702004
2025-02-28 07:22:00,79819.92,9976.691974562313,0.04488268059605055,0.2804704369317079
2025-02-28 07:23:00,79923.99,9981.362915131944,0.04488268059605055,0.23378321862244528
2025-02-28 07:24:00,79677.99,9970.321775705315,0.04488268059605055,0.34414216648521473
2025-02-28 07:25:00,79649.98,9969.06461182182,0.04488268059605055,0.35670783367886505
2025-02-28 07:26:00,79518.59,9963.167476418304,0.04488268059605055,0.4156511757914199
2025-02-28 07:27:00,79572.01,9965.565109215746,0.04488268059605055,0.3916862367880448
2025-02-28 07:28:00,79391.98,9957.48488022804,0.04488268059605055,0.4724501448520011
2025-02-28 07:29:00,79500.01,9962.33355621283,0.04488268059605055,0.4239864166503171
2025-02-28 07:30:00,79545.95,9964.395466559412,0.04488268059605055,0.40337710744376015
2025-02-28 07:31:00,79554.0,9964.756772138211,0.04488268059605055,0.3997657678897048
2025-02-28 07:32:00,79441.27,9959.697147554618,0.04488268059605055,0.4503379800546275
2025-02-28 07:33:00,79312.0,9953.895163433966,0.04488268059605055,0.5083302613156855
2025-02-28 07:34:00,79282.0,9952.548683016084,0.04488268059605055,0.5217886695916383
2025-02-28 07:35:00,79224.22,9949.955361731245,0.04488268059605055,0.5477095639311099
2025-02-28 07:36:00,79040.0,9941.687074311842,0.04488268059605055,0.6303531630176007
2025-02-28 07:37:00,79016.72,9940.642205507565,0.04488268059605055,0.6407968878397367
2025-02-28 07:38:00,79141.26,9946.231894548997,0.04488268059605055,0.584926548950193
2025-02-28 07:39:00,79163.81,9947.243998996437,0.04488268059605055,0.5748103120627827
2025-02-28 07:40:00,79266.47,9951.851654986429,0.04488268059605055,0.5287556389424752
2025-02-28 07:41:00,79310.99,9953.849831926565,0.04488268059605055,0.5087833610609654
2025-02-28 07:42:00,79343.39,9955.304030777876,0.04488268059605055,0.4942482801229611
2025-02-28 07:43:00,79193.98,9948.59810947002,0.04488268059605055,0.5612756394732679
2025-02-28 07:44:00,79242.97,9950.796911992422,0.04488268059605055,0.5392980587586326
2025-02-28 07:45:00,79197.99,9948.778089019212,0.04488268059605055,0.5594766989003689
2025-02-28 07:46:00,79149.9,9946.619680909347,0.04488268059605055,0.5810505273667168
2025-02-28 07:47:00,79000.0,9939.891767087998,0.04488268059605055,0.6482977073855438
2025-02-28 07:48:00,78956.0,9937.916929141773,0.04488268059605055,0.6680367061902577
2025-02-28 07:49:00,79000.01,9939.892215914804,0.04488268059605055,0.648293221249452
2025-02-28 07:50:00,79116.71,9945.130024740363,0.04488268059605055,0.595940013056016
2025-02-28 07:51:00,79062.86,9942.713092390266,0.04488268059605055,0.620097855911342
2025-02-28 07:52:00,79044.05,9941.868849168255,0.04488268059605055,0.6285362779003524
2025-02-28 07:53:00,78931.77,9936.829421790932,0.04488268059605055,0.6789066139411223
2025-02-28 07:54:00,79003.47,9940.047509989667,0.04488268059605055,0.6467410181616247
2025-02-28 07:55:00,78938.38,9937.12609630967,0.04488268059605055,0.6759412779843342
2025-02-28 07:56:00,79054.02,9942.316329493799,0.04488268059605055,0.6240636002166378
2025-02-28 07:57:00,79222.23,9949.866045196859,0.04488268059605055,0.5486023050134125
2025-02-28 07:58:00,79136.36,9946.011969414076,0.04488268059605055,0.5871247556352694
2025-02-28 07:59:00,79204.59,9949.074314711144,0.04488268059605055,0.5565158490796728
2025-02-28 08:00:00,79222.09,9949.859761621576,0.04488268059605055,0.5486651109186989
2025-02-28 08:01:00,79253.99,9951.29151913259,0.04488268059605055,0.5343543367852703
2025-02-28 08:02:00,79340.63,9955.180154579431,0.04488268059605055,0.4954864536843385
2025-02-28 08:03:00,79396.04,9957.667103911259,0.04488268059605055,0.47062877359866095
2025-02-28 08:04:00,79375.9,9956.763166724053,0.04488268059605055,0.47966385168792797
2025-02-28 08:05:00,79200.01,9948.868752034014,0.04488268059605055,0.5585704994098089
2025-02-28 08:06:00,79264.63,9951.769070854132,0.04488268059605055,0.5295810879833996
2025-02-28 08:07:00,79310.0,9953.805398072775,0.04488268059605055,0.5092274885340798
2025-02-28 08:08:00,79330.02,9954.703949338307,0.04488268059605055,0.5002462440779336
2025-02-28 08:09:00,79306.85,9953.664017628897,0.04488268059605055,0.5106406214030589
2025-02-28 08:10:00,79245.18,9950.896102716539,0.04488268059605055,0.5383066226823086
2025-02-28 08:11:00,78971.99,9938.634603204504,0.04488268059605055,0.6608633745791759
2025-02-28 08:12:00,78740.36,9928.23842789804,0.04488268059605055,0.7647757448777666
2025-02-28 08:13:00,78735.35,9928.013565668254,0.04488268059605055,0.7670232990598537
2025-02-28 08:14:00,78786.02,9930.287771094056,0.04488268059605055,0.7442920474817823
2025-02-28 08:15:00,78696.35,9926.263141125008,0.04488268059605055,0.7845192298185906
2025-02-28 08:16:00,78578.39,9920.968780121897,0.04488268059605055,0.8374376911596216
2025-02-28 08:17:00,78417.3,9913.73862910468,0.04488268059605055,0.9097048574653547
2025-02-28 08:18:00,78592.02,9921.580531058422,0.04488268059605055,0.8313230876662421
2025-02-28 08:19:00,78564.08,9920.326508962567,0.04488268059605055,0.8438573519072491
2025-02-28 08:20:00,78709.85,9926.869057313055,0.04488268059605055,0.7784629460944054
2025-02-28 08:21:00,78863.36,9933.758997611354,0.04488268059605055,0.709596270946391
2025-02-28 08:22:00,78584.01,9921.221020786848,0.04488268059605055,0.8349164826759117
2025-02-28 08:23:00,78460.0,9915.65511956613,0.04488268059605055,0.8905490563526037
2025-02-28 08:24:00,78518.01,9918.258763867509,0.04488268059605055,0.8645249808830006
2025-02-28 08:25:00,78556.01,9919.964305730158,0.04488268059605055,0.84747766373347
2025-02-28 08:26:00,78606.87,9922.247038865273,0.04488268059605055,0.8246611755696529
2025-02-28 08:27:00,78513.98,9918.077886664705,0.04488268059605055,0.8663328937280832
2025-02-28 08:28:00,78704.01,9926.606942458373,0.04488268059605055,0.7810828495721367
2025-02-28 08:29:00,78862.01,9933.698405992549,0.04488268059605055,0.7102018993188132
2025-02-28 08:30:00,78762.0,9929.20968910614,0.04488268059605055,0.7550677463747174
2025-02-28 08:31:00,79033.87,9941.411943479787,0.04488268059605055,0.6331031644419967
2025-02-28 08:32:00,79196.01,9948.68922131163,0.04488268059605055,0.5603649538465978
2025-02-28 08:33:00,79102.01,9944.470249335602,0.04488268059605055,0.6025346331112269
2025-02-28 08:34:00,78982.21,9939.093304200196,0.04488268059605055,0.6562785434931642
2025-02-28 08:35:00,79075.48,9943.279511819388,0.04488268059605055,0.6144363521632606
2025-02-28 08:36:00,79115.13,9945.059110105023,0.04488268059605055,0.5966488225585332
2025-02-28 08:37:00,78964.0,9938.27599058654,0.04488268059605055,0.66444779731668
2025-02-28 08:38:00,78893.99,9935.133754118011,0.04488268059605055,0.6958552360966496
2025-02-28 08:39:00,78881.55,9934.575413571398,0.04488268059605055,0.701435989395059
2025-02-28 08:40:00,78768.87,9929.518033121833,0.04488268059605055,0.7519857708795404
2025-02-28 08:41:00,78744.39,9928.419305100842,0.04488268059605055,0.7629678320327021
2025-02-28 08:42:00,78619.98,9922.835450807888,0.04488268059605055,0.8187798511530512
2025-02-28 08:43:00,78715.99,9927.144636971914,0.04488268059605055,0.7757084585339358
2025-02-28 08:44:00,78487.01,9916.867400769032,0.04488268059605055,0.8784320027681415
2025-02-28 08:45:00,78430.02,9914.309536801862,0.04488268059605055,0.9039984923563547
2025-02-28 08:46:00,78362.36,9911.272774632733,0.04488268059605055,0.934351689154714
2025-02-28 08:47:00,78408.02,9913.32211782875,0.04488268059605055,0.9138679917587114
2025-02-28 08:48:00,78452.0,9915.296058121363,0.04488268059605055,0.8941379652261814
2025-02-28 08:49:00,78563.14,9920.284319242808,0.04488268059605055,0.844279048699886
2025-02-28 08:50:00,78683.57,9925.68954046699,0.04488268059605055,0.790252511744142
2025-02-28 08:51:00,78425.85,9914.122376023777,0.04488268059605055,0.9058692111067054
2025-02-28 08:52:00,78586.21,9921.31976268416,0.04488268059605055,0.8339295327356796
2025-02-28 08:53:00,78728.27,9927.695796289634,0.04488268059605055,0.7701994834129783
2025-02-28 08:54:00,78762.66,9929.239311675332,0.04488268059605055,0.7547716613926533
2025-02-28 08:55:00,78947.47,9937.534079876288,0.04488268059605055,0.6718633802767233
2025-02-28 08:56:00,79097.99,9944.289820959606,0.04488268059605055,0.6043380598201996
2025-02-28 08:57:00,78975.19,9938.778227782412,0.04488268059605055,0.6594278110297376
2025-02-28 08:58:00,79034.19,9941.426305937577,0.04488268059605055,0.6329596080870564
2025-02-28 08:59:00,78975.99,9938.814133926888,0.04488268059605055,0.659068920142387
2025-02-28 09:00:00,79223.08,9949.904195475367,0.04488268059605055,0.5482209834455843
2025-02-28 09:01:00,79199.3,9948.836885330791,0.04488268059605055,0.5588890150723326
2025-02-28 09:02:00,79100.0,9944.380035147604,0.04488268059605055,0.6034363464657132
2025-02-28 09:03:00,79150.01,9946.624618004213,0.04488268059605055,0.581001179869706
2025-02-28 09:04:00,79123.95,9945.454975347879,0.04488268059605055,0.5926920505254213
2025-02-28 09:05:00,79180.53,9947.994437416004,0.04488268059605055,0.5673094925169754
2025-02-28 09:06:00,79078.28,9943.405183325058,0.04488268059605055,0.6131802340574974
2025-02-28 09:07:00,79200.0,9948.86830320721,0.04488268059605055,0.5585749855458826
2025-02-28 09:08:00,79281.23,9952.514123352026,0.04488268059605055,0.5221341020707131
2025-02-28 09:09:00,79402.0,9957.93460468761,0.04488268059605055,0.46795503648784514
2025-02-28 09:10:00,79337.94,9955.059420168629,0.04488268059605055,0.4966932242930728
2025-02-28 09:11:00,79355.86,9955.86371780491,0.04488268059605055,0.48865406841623976
2025-02-28 09:12:00,79327.21,9954.577829005833,0.04488268059605055,0.5015068483197704
2025-02-28 09:13:00,79228.34,9950.1402783753,0.04488268059605055,0.5458612758612185
2025-02-28 09:14:00,79155.99,9946.893016434176,0.04488268059605055,0.5783184704867065
2025-02-28 09:15:00,79306.08,9953.629457964838,0.04488268059605055,0.5109860538821337
2025-02-28 09:16:00,79477.71,9961.33267243554,0.04488268059605055,0.43399050013543045
2025-02-28 09:17:00,79473.11,9961.126212104797,0.04488268059605055,0.4360541227377504
2025-02-28 09:18:00,79439.57,9959.620846997605,0.04488268059605055,0.45110062319026545
2025-02-28 09:19:00,79362.97,9956.182833663948,0.04488268059605055,0.48546442565483944
2025-02-28 09:20:00,79333.0,9954.837699726484,0.04488268059605055,0.49890937552251663
2025-02-28 09:21:00,79372.02,9956.58902192334,0.04488268059605055,0.48140447249161417
2025-02-28 09:22:00,79518.66,9963.170618205946,0.04488268059605055,0.4156197728387768
2025-02-28 09:23:00,79840.01,9977.593667615487,0.04488268059605055,0.2714577895229185
2025-02-28 09:24:00,79760.94,9974.044794060757,0.04488268059605055,0.30692966760222345
2025-02-28 09:25:00,79849.99,9978.041596767836,0.04488268059605055,0.26698062570311193
2025-02-28 09:26:00,79980.01,9983.877242898934,0.04488268059605055,0.20865188423516293
2025-02-28 09:27:00,80141.98,9991.146890675076,0.04488268059605055,0.13598993795332606
2025-02-28 09:28:00,80355.78,10000.742807786512,0.04488268059605055,0.04007634830674145
2025-02-28 09:29:00,80419.19,10003.588818563108,0.04488268059605055,0.011629759347467948
2025-02-28 09:30:00,80692.01,10015.833711483323,0.04488268059605055,0.0
2025-02-28 09:31:00,80589.99,10011.254780408914,0.04488268059605055,0.0457169238858228
2025-02-28 09:32:00,80656.01,10014.217934981865,0.04488268059605055,0.016132221720147128
2025-02-28 09:33:00,80641.51,10013.56713611322,0.04488268059605055,0.022629922135223537
2025-02-28 09:34:00,80622.29,10012.704490992166,0.04488268059605055,0.03124273606468978
2025-02-28 09:35:00,80648.01,10013.858873537096,0.04488268059605055,0.019717159880189912
2025-02-28 09:36:00,80650.02,10013.949087725094,0.04488268059605055,0.018816444167483817
2025-02-28 09:37:00,80598.64,10011.64301559607,0.04488268059605055,0.041840709500283915
2025-02-28 09:38:00,80420.0,10003.62517353439,0.04488268059605055,0.1218923786138277
2025-02-28 09:39:00,80464.04,10005.60180678784,0.04488268059605055,0.1021572940428562
2025-02-28 09:40:00,80332.0,9999.675497641938,0.04488268059605055,0.16132669837418936
2025-02-28 09:41:00,80192.2,9993.40089889461,0.04488268059605055,0.22397349272076675
2025-02-28 09:42:00,80323.57,9999.297136644513,0.04488268059605055,0.16510432696032956
2025-02-28 09:43:00,80177.24,9992.729453992893,0.04488268059605055,0.23067732708002228
2025-02-28 09:44:00,80123.01,9990.295466224168,0.04488268059605055,0.2549787266323597
2025-02-28 09:45:00,80235.82,9995.35868142221,0.04488268059605055,0.20442661740317458
2025-02-28 09:46:00,80286.14,9997.617177909804,0.04488268059605055,0.18187735637656813
2025-02-28 09:47:00,80266.01,9996.713689549404,0.04488268059605055,0.19089795702176524
2025-02-28 09:48:00,80155.78,9991.766271667302,0.04488268059605055,0.24029392369431138
2025-02-28 09:49:00,80173.98,9992.58313645415,0.04488268059605055,0.232138189380239
2025-02-28 09:50:00,80250.01,9995.995566659867,0.04488268059605055,0.19806783334183264
2025-02-28 09:51:00,80394.01,10002.4586726657,0.04488268059605055,0.13353894646122597
2025-02-28 09:52:00,80472.62,10005.986900187354,0.04488268059605055,0.0983124478662169
2025-02-28 09:53:00,80516.66,10007.963533440805,0.04488268059605055,0.07857736329522721
2025-02-28 09:54:00,80327.31,9999.464997869942,0.04488268059605055,0.1634283683705157
2025-02-28 09:55:00,80339.09,9999.993715847364,0.04488268059605055,0.15814954692985927
2025-02-28 09:56:00,80343.46,10000.18985316157,0.04488268059605055,0.15619127445993103
2025-02-28 09:57:00,80311.3,9998.7464261536,0.04488268059605055,0.1706027258632649
2025-02-28 09:58:00,80354.98,10000.706901642036,0.04488268059605055,0.15102896350949122
2025-02-28 09:59:00,80343.11,10000.17414422336,0.04488268059605055,0.1563481155044471
2025-02-28 10:00:00,80426.35,10003.910178556176,0.04488268059605055,0.11904683394929319
2025-02-28 10:01:00,80353.22,10000.627908124186,0.04488268059605055,0.15181764990469881
2025-02-28 10:02:00,80189.55,9993.281959791031,0.04488268059605055,0.22516100348626902
2025-02-28 10:03:00,80110.75,9989.745204560062,0.04488268059605055,0.2604726443625951
2025-02-28 10:04:00,80144.74,9991.270766873522,0.04488268059605055,0.24524113835515407
2025-02-28 10:05:00,79941.22,9982.136243718614,0.04488268059605055,0.33644196514638464
2025-02-28 10:06:00,79785.06,9975.127364316733,0.04488268059605055,0.40641995803024544
2025-02-28 10:07:00,79878.81,9979.335115622614,0.04488268059605055,0.3644089639673456
2025-02-28 10:08:00,79743.78,9973.27460726173,0.04488268059605055,0.42491823893599723
2025-02-28 10:09:00,79732.25,9972.757109954457,0.04488268059605055,0.4300850310591551
2025-02-28 10:10:00,79793.33,9975.498544085263,0.04488268059605055,0.40271402820730423
2025-02-28 10:11:00,79896.35,9980.12235784027,0.04488268059605055,0.3565489870514693
2025-02-28 10:12:00,79913.81,9980.906009443475,0.04488268059605055,0.34872485951721066
2025-02-28 10:13:00,79932.78,9981.757433894383,0.04488268059605055,0.34022407490522477
2025-02-28 10:14:00,79947.89,9982.435611198189,0.04488268059605055,0.3334530229554702
2025-02-28 10:15:00,79839.63,9977.57661219686,0.04488268059605055,0.38196619860611
2025-02-28 10:16:00,79878.26,9979.310430148285,0.04488268059605055,0.3646554284658605
2025-02-28 10:17:00,80002.87,9984.90326097736,0.04488268059605055,0.3088155354506372
2025-02-28 10:18:00,80011.29,9985.281173147978,0.04488268059605055,0.3050423880372151
2025-02-28 10:19:00,79902.56,9980.40107928677,0.04488268059605055,0.3537661788047521
2025-02-28 10:20:00,79767.98,9974.360768132154,0.04488268059605055,0.4140738010019063
2025-02-28 10:21:00,79679.62,9970.394934474687,0.04488268059605055,0.4536694429794658
2025-02-28 10:22:00,79764.47,9974.203229923261,0.04488268059605055,0.4156466926196216
2025-02-28 10:23:00,79763.99,9974.181686236576,0.04488268059605055,0.4158617889092187
2025-02-28 10:24:00,79811.89,9976.331566637127,0.04488268059605055,0.39439697167601595
2025-02-28 10:25:00,79830.95,9977.187030529287,0.04488268059605055,0.3858558565097487
2025-02-28 10:26:00,79769.5,9974.42898980666,0.04488268059605055,0.4133926627514973
2025-02-28 10:27:00,79826.82,9977.001665058426,0.04488268059605055,0.3877065808348602
2025-02-28 10:28:00,79894.67,9980.046954936868,0.04488268059605055,0.3573018240650774
2025-02-28 10:29:00,79953.66,9982.694584265228,0.04488268059605055,0.3308673863075503
2025-02-28 10:30:00,79945.52,9982.329239245177,0.04488268059605055,0.33451506088537414
2025-02-28 10:31:00,79817.13,9976.566751883449,0.04488268059605055,0.39204883718121103
2025-02-28 10:32:00,79810.59,9976.273219152352,0.04488268059605055,0.39497952412702625
2025-02-28 10:33:00,79880.0,9979.388526012524,0.04488268059605055,0.3638757044160346
2025-02-28 10:34:00,79821.02,9976.741345510969,0.04488268059605055,0.3903056610008799
2025-02-28 10:35:00,79751.02,9973.599557869245,0.04488268059605055,0.42167386990116806
2025-02-28 10:36:00,79749.77,9973.5434545185,0.04488268059605055,0.42223401648867864
2025-02-28 10:37:00,79690.45,9970.881013905542,0.04488268059605055,0.4488163329453219
2025-02-28 10:38:00,79710.29,9971.771486288568,0.04488268059605055,0.4399256863084412
2025-02-28 10:39:00,79758.33,9973.927650264402,0.04488268059605055,0.41839813265743925
2025-02-28 10:40:00,79821.0,9976.740447857355,0.04488268059605055,0.39031462334629796
2025-02-28 10:41:00,79872.01,9979.029913394561,0.04488268059605055,0.36745616140337745
2025-02-28 10:42:00,79804.42,9975.996293013073,0.04488268059605055,0.3977444076829618
2025-02-28 10:43:00,79868.62,9978.87776110734,0.04488268059605055,0.3689752789486934
2025-02-28 10:44:00,79869.83,9978.932069150862,0.04488268059605055,0.36843305705198254
2025-02-28 10:45:00,79957.71,9982.876359121643,0.04488268059605055,0.3290525113640202
2025-02-28 10:46:00,80015.3,9985.46115269717,0.04488268059605055,0.3032454377844847
2025-02-28 10:47:00,80049.21,9986.983124396182,0.04488268059605055,0.28804978115864316
2025-02-28 10:48:00,80207.15,9994.071894969522,0.04488268059605055,0.21727413953419308
2025-02-28 10:49:00,80177.62,9992.74650941152,0.04488268059605055,0.23050704251742454
2025-02-28 10:50:00,80154.35,9991.70208943405,0.04488268059605055,0.24093473139042096
2025-02-28 10:51:00,80123.1,9990.299505665424,0.04488268059605055,0.2549383960780421
2025-02-28 10:52:00,80021.7,9985.748401852983,0.04488268059605055,0.3003774872564686
2025-02-28 10:53:00,80079.2,9988.329155987256,0.04488268059605055,0.2746107442312326
2025-02-28 10:54:00,80006.95,9985.086382314192,0.04488268059605055,0.30698721698902537
2025-02-28 10:55:00,79863.05,9978.62776457642,0.04488268059605055,0.3714712921426145
2025-02-28 10:56:00,79831.37,9977.205881255137,0.04488268059605055,0.3856676472563512
2025-02-28 10:57:00,79934.1,9981.81667903277,0.04488268059605055,0.33963256010881454
2025-02-28 10:58:00,79955.6,9982.781656665586,0.04488268059605055,0.32999803880372564
2025-02-28 10:59:00,80011.02,9985.269054824217,0.04488268059605055,0.3051633797001135
2025-02-28 11:00:00,80000.0,9984.774447684049,0.04488268059605055,0.3101016320155563
2025-02-28 11:01:00,80200.24,9993.761755646603,0.04488268059605055,0.22037062986992423
2025-02-28 11:02:00,80219.99,9994.648188588375,0.04488268059605055,0.211520313787343
2025-02-28 11:03:00,80160.0,9991.955676579417,0.04488268059605055,0.2384028688149004
2025-02-28 11:04:00,80168.8,9992.350644168662,0.04488268059605055,0.23445943683886242
2025-02-28 11:05:00,80240.88,9995.585787786025,0.04488268059605055,0.20215914401696863
2025-02-28 11:06:00,80348.99,10000.438054385266,0.04488268059605055,0.15371318595680974
2025-02-28 11:07:00,80248.23,9995.915675488406,0.04488268059605055,0.1988654820824401
2025-02-28 11:08:00,80101.56,9989.332732725385,0.04488268059605055,0.26459084207393074
2025-02-28 11:09:00,80004.4,9984.97193147867,0.04488268059605055,0.3081299160275464
2025-02-28 11:10:00,80043.07,9986.70754473732,0.04488268059605055,0.29080122119647894
2025-02-28 11:11:00,80083.56,9988.524844474656,0.04488268059605055,0.2726569529340043
2025-02-28 11:12:00,80155.44,9991.7510115559,0.04488268059605055,0.24044628356610934
2025-02-28 11:13:00,80250.98,9996.039102860046,0.04488268059605055,0.19763315958992028
2025-02-28 11:14:00,80291.38,9997.852363156126,0.04488268059605055,0.17952922188176326
2025-02-28 11:15:00,80288.65,9997.7298334381,0.04488268059605055,0.18075258202886502
2025-02-28 11:16:00,80400.45,10002.747717128737,0.04488268059605055,0.13065307124241013
2025-02-28 11:17:00,80340.83,10000.071811711601,0.04488268059605055,0.15736982288005158
2025-02-28 11:18:00,80266.93,9996.754981615553,0.04488268059605055,0.19048568913335256
2025-02-28 11:19:00,80234.45,9995.297192149794,0.04488268059605055,0.20504053806308453
2025-02-28 11:20:00,80232.64,9995.215954497915,0.04488268059605055,0.2058516303217918
2025-02-28 11:21:00,80240.12,9995.551676948773,0.04488268059605055,0.20249971314216406
2025-02-28 11:22:00,80285.93,9997.607752546877,0.04488268059605055,0.181971461003285
2025-02-28 11:23:00,80337.79,9999.935368362589,0.04488268059605055,0.15873209938086966
2025-02-28 11:24:00,80444.78,10004.73736635956,0.04488268059605055,0.11078803266312219
2025-02-28 11:25:00,80558.88,10009.858480215571,0.04488268059605055,0.05965785215564479
2025-02-28 11:26:00,80604.93,10011.925327657018,0.04488268059605055,0.03902205187196719
2025-02-28 11:27:00,80505.33,10007.455012669652,0.04488268059605055,0.08365453196436819
2025-02-28 11:28:00,80536.52,10008.854903477442,0.04488268059605055,0.06967775431294666
2025-02-28 11:29:00,80616.67,10012.452250327216,0.04488268059605055,0.033761155122110524
2025-02-28 11:30:00,80522.36,10008.219364720202,0.04488268059605055,0.07602309485620695
2025-02-28 11:31:00,80592.54,10011.369231244433,0.04488268059605055,0.04457422484731994
2025-02-28 11:32:00,80498.41,10007.144424519927,0.04488268059605055,0.0867555034727993
2025-02-28 11:33:00,80597.36,10011.585565764906,0.04488268059605055,0.04241429960589439
2025-02-28 11:34:00,80614.87,10012.371461502142,0.04488268059605055,0.03456776620813604
2025-02-28 11:35:00,80537.27,10008.88856548789,0.04488268059605055,0.06934166636043301
2025-02-28 11:36:00,80554.25,10009.65067340441,0.04488268059605055,0.061732635115771484
2025-02-28 11:37:00,80516.43,10007.953210424268,0.04488268059605055,0.07868043026732584
2025-02-28 11:38:00,80492.12,10006.862112458977,0.04488268059605055,0.08957416110113418
2025-02-28 11:39:00,80599.99,10011.703607214873,0.04488268059605055,0.041235751185792015
2025-02-28 11:40:00,80684.77,10015.508760875808,0.04488268059605055,0.003244369034829185
2025-02-28 11:41:00,80781.92,10019.869113295714,0.04488268059605055,0.0
2025-02-28 11:42:00,80762.8,10019.010956442717,0.04488268059605055,0.008564551525512526
2025-02-28 11:43:00,80711.47,10016.70712844772,0.04488268059605055,0.0315571472265781
2025-02-28 11:44:00,80582.45,10010.916364997218,0.04488268059605055,0.08934995255193652
2025-02-28 11:45:00,80499.99,10007.21533915527,0.04488268059605055,0.1262868206896413
2025-02-28 11:46:00,80519.51,10008.091449080504,0.04488268059605055,0.11754309444602601
2025-02-28 11:47:00,80678.45,10015.22510233444,0.04488268059605055,0.04634802020628926
2025-02-28 11:48:00,80755.15,10018.667603936157,0.04488268059605055,0.011991268009300789
2025-02-28 11:49:00,80707.08,10016.510093479905,0.04488268059605055,0.033523589757792405
2025-02-28 11:50:00,80702.26,10016.293758959431,0.04488268059605055,0.03568264511098535
2025-02-28 11:51:00,80709.68,10016.626788449454,0.04488268059605055,0.03235895409010618
2025-02-28 11:52:00,80765.34,10019.12495845143,0.04488268059605055,0.0074267920655417255
2025-02-28 11:53:00,80692.01,10015.833711483323,0.04488268059605055,0.040273997262459824
2025-02-28 11:54:00,80537.49,10008.898439677621,0.04488268059605055,0.10948919086712457
2025-02-28 11:55:00,80477.33,10006.198297612962,0.04488268059605055,0.13643706847039974
2025-02-28 11:56:00,80424.53,10003.82849207749,0.04488268059605055,0.16008813126051116
2025-02-28 11:57:00,80472.88,10005.99856968431,0.04488268059605055,0.13843038720932946
2025-02-28 11:58:00,80474.35,10006.064547224785,0.04488268059605055,0.13777192012030176
2025-02-28 11:59:00,80513.38,10007.81631824845,0.04488268059605055,0.1202889470010237
2025-02-28 12:00:00,80403.09,10002.86620740551,0.04488268059605055,0.16969189615103797
2025-02-28 12:01:00,80462.92,10005.551538185573,0.04488268059605055,0.1428918376901976
2025-02-28 12:02:00,80351.67,10000.558339969262,0.04488268059605055,0.1927248061636585
2025-02-28 12:03:00,80305.3,9998.477130070023,0.04488268059605055,0.21349563536019514
2025-02-28 12:04:00,80312.7,9998.809261906434,0.04488268059605055,0.21018090307522116
2025-02-28 12:05:00,80243.26,9995.692608565845,0.04488268059605055,0.24128563413855342
2025-02-28 12:06:00,80260.01,9996.444393465828,0.04488268059605055,0.23378269281783617
2025-02-28 12:07:00,80250.01,9995.995566659867,0.04488268059605055,0.23826206077051457
2025-02-28 12:08:00,80283.02,9997.477143946344,0.04488268059605055,0.2234756671587378
2025-02-28 12:09:00,80389.96,10002.276897809286,0.04488268059605055,0.1755733062728706
2025-02-28 12:10:00,80351.53,10000.552056393979,0.04488268059605055,0.1927875173149945
2025-02-28 12:11:00,80488.63,10006.705471903697,0.04488268059605055,0.13137538268388732
2025-02-28 12:12:00,80422.7,10003.746356772,0.04488268059605055,0.1609078555958314
2025-02-28 12:13:00,80384.31,10002.023310663917,0.04488268059605055,0.17810414916614498
2025-02-28 12:14:00,80344.26,10000.225759306046,0.04488268059605055,0.1960440178165851
2025-02-28 12:15:00,80297.3,9998.118068625256,0.04488268059605055,0.21707912972232335
2025-02-28 12:16:00,80429.77,10004.063677323815,0.04488268059605055,0.15774094245329215
2025-02-28 12:17:00,80497.84,10007.118841391988,0.04488268059605055,0.12724988479946192
2025-02-28 12:18:00,80404.11,10002.911987739719,0.04488268059605055,0.16923500061985772
2025-02-28 12:19:00,80467.35,10005.750368460614,0.04488268059605055,0.14090747768715484
2025-02-28 12:20:00,80465.5,10005.667335501512,0.04488268059605055,0.14173616075839834
2025-02-28 12:21:00,80414.07,10003.359019238456,0.04488268059605055,0.16477355013898962
2025-02-28 12:22:00,80410.5,10003.198788068728,0.04488268059605055,0.16637268449809323
2025-02-28 12:23:00,80403.77,10002.896727628317,0.04488268059605055,0.1693872991302451
2025-02-28 12:24:00,80448.77,10004.916448255139,0.04488268059605055,0.14923014334322862
2025-02-28 12:25:00,80433.62,10004.23647564411,0.04488268059605055,0.1560163857915166
2025-02-28 12:26:00,80358.5,10000.864888677734,0.04488268059605055,0.18966539785198094
2025-02-28 12:27:00,80301.68,9998.314654766265,0.04488268059605055,0.21511716655906163
2025-02-28 12:28:00,80297.13,9998.110438569554,0.04488268059605055,0.21715527897751705
2025-02-28 12:29:00,80204.05,9993.932758659674,0.04488268059605055,0.2588492358809777
2025-02-28 12:30:00,80240.87,9995.58533895922,0.04488268059605055,0.2423562030792538
2025-02-28 12:31:00,80232.39,9995.204733827766,0.04488268059605055,0.24615470710310536
2025-02-28 12:32:00,80342.01,10000.124773274703,0.04488268059605055,0.19705187560594956
2025-02-28 12:33:00,80316.32,9998.971737210191,0.04488268059605055,0.20855937187635468
2025-02-28 12:34:00,80301.89,9998.32408012919,0.04488268059605055,0.21502309983205767
2025-02-28 12:35:00,80264.15,9996.630207763495,0.04488268059605055,0.2319282344854361
2025-02-28 12:36:00,80332.45,9999.695694848206,0.04488268059605055,0.20133415136869673
2025-02-28 12:37:00,80288.2,9997.709636231832,0.04488268059605055,0.22115535455925237
2025-02-28 12:38:00,80270.02,9996.893669098596,0.04488268059605055,0.2292988454972052
2025-02-28 12:39:00,80201.08,9993.799457098303,0.04488268059605055,0.2601796081629271
2025-02-28 12:40:00,80156.58,9991.80217781178,0.04488268059605055,0.28011279555229696
2025-02-28 12:41:00,80151.16,9991.558913682948,0.04488268059605055,0.28254061298266225
2025-02-28 12:42:00,80180.56,9992.878464492473,0.04488268059605055,0.2693712712017994
2025-02-28 12:43:00,80214.35,9994.395050269814,0.04488268059605055,0.2542354868897222
