timestamp,close_spot,close_futures,funding_rate
2024-02-12 08:00:00,108.86000000,108.8340,0.00010000
2024-02-12 16:00:00,111.64000000,111.7370,0.00010000
2024-02-12 16:00:00,111.64000000,111.7370,0.00010000
2024-02-13 00:00:00,114.02000000,114.0870,0.00010000
2024-02-13 00:00:00,114.02000000,114.0870,0.00010000
2024-02-13 08:00:00,110.31000000,110.3900,0.00014166
2024-02-13 08:00:00,110.31000000,110.3900,0.00014166
2024-02-13 16:00:00,112.48000000,112.5390,0.00010000
2024-02-13 16:00:00,112.48000000,112.5390,0.00010000
2024-02-14 00:00:00,113.06000000,113.0990,0.00010000
2024-02-14 00:00:00,113.06000000,113.0990,0.00010000
2024-02-14 08:00:00,116.88000000,117.0060,0.00010000
2024-02-14 08:00:00,116.88000000,117.0060,0.00010000
2024-02-14 16:00:00,116.97000000,117.0920,0.00029225
2024-02-14 16:00:00,116.97000000,117.0920,0.00029225
2024-02-15 00:00:00,115.01000000,115.1000,0.00013572
2024-02-15 00:00:00,115.01000000,115.1000,0.00013572
2024-02-15 08:00:00,114.05000000,114.1360,0.00015932
2024-02-15 08:00:00,114.05000000,114.1360,0.00015932
2024-02-15 16:00:00,113.50000000,113.5980,0.00012000
2024-02-15 16:00:00,113.50000000,113.5980,0.00012000
2024-02-16 00:00:00,111.48000000,111.5600,0.00022371
2024-02-16 00:00:00,111.48000000,111.5600,0.00022371
2024-02-16 08:00:00,109.67000000,109.7300,0.00032087
2024-02-16 08:00:00,109.67000000,109.7300,0.00032087
2024-02-16 16:00:00,110.33000000,110.3920,0.00016914
2024-02-16 16:00:00,110.33000000,110.3920,0.00016914
2024-02-17 00:00:00,110.34000000,110.4030,0.00017661
2024-02-17 00:00:00,110.34000000,110.4030,0.00017661
2024-02-17 08:00:00,107.20000000,107.2670,0.00042046
2024-02-17 08:00:00,107.20000000,107.2670,0.00042046
2024-02-17 16:00:00,108.92000000,109.0080,0.00028279
2024-02-17 16:00:00,108.92000000,109.0080,0.00028279
2024-02-18 00:00:00,109.23000000,109.3120,0.00022777
2024-02-18 00:00:00,109.23000000,109.3120,0.00022777
2024-02-18 08:00:00,112.32000000,112.4240,0.00019395
2024-02-18 08:00:00,112.32000000,112.4240,0.00019395
2024-02-18 16:00:00,112.24000000,112.3450,0.00022192
2024-02-18 16:00:00,112.24000000,112.3450,0.00022192
2024-02-19 00:00:00,113.22000000,113.2880,0.00030230
2024-02-19 00:00:00,113.22000000,113.2880,0.00030230
2024-02-19 08:00:00,113.69000000,113.7800,0.00029566
2024-02-19 08:00:00,113.69000000,113.7800,0.00029566
2024-02-19 16:00:00,111.53000000,111.6580,0.00031944
2024-02-19 16:00:00,111.53000000,111.6580,0.00031944
2024-02-20 00:00:00,109.42000000,109.5200,0.00047470
2024-02-20 00:00:00,109.42000000,109.5200,0.00047470
2024-02-20 08:00:00,106.62000000,106.6480,0.00029934
2024-02-20 08:00:00,106.62000000,106.6480,0.00029934
2024-02-20 16:00:00,108.31000000,108.4180,0.00031742
2024-02-20 16:00:00,108.31000000,108.4180,0.00031742
2024-02-21 00:00:00,104.85000000,104.9390,0.00016255
2024-02-21 00:00:00,104.85000000,104.9390,0.00016255
2024-02-21 08:00:00,103.86000000,103.9040,0.00025310
2024-02-21 08:00:00,103.86000000,103.9040,0.00025310
2024-02-21 16:00:00,105.03000000,105.1130,0.00017730
2024-02-21 16:00:00,105.03000000,105.1130,0.00017730
2024-02-22 16:00:00,101.76000000,101.8050,0.00018339
2024-02-22 16:00:00,101.76000000,101.8050,0.00018339
2024-02-23 00:00:00,101.98000000,102.0460,0.00026289
2024-02-23 00:00:00,101.98000000,102.0460,0.00026289
2024-02-23 08:00:00,100.29000000,100.3560,0.00032841
2024-02-23 08:00:00,100.29000000,100.3560,0.00032841
2024-02-23 16:00:00,99.90000000,99.9730,0.00016957
2024-02-23 16:00:00,99.90000000,99.9730,0.00016957
2024-02-24 00:00:00,102.24000000,102.3130,0.00027113
2024-02-24 00:00:00,102.24000000,102.3130,0.00027113
2024-02-24 16:00:00,104.01000000,104.1140,0.00026230
2024-02-24 16:00:00,104.01000000,104.1140,0.00026230
2024-02-25 08:00:00,102.78000000,102.8510,0.00041614
2024-02-25 08:00:00,102.78000000,102.8510,0.00041614
2024-02-25 16:00:00,103.47000000,103.5690,0.00042645
2024-02-25 16:00:00,103.47000000,103.5690,0.00042645
2024-02-26 00:00:00,103.30000000,103.3920,0.00055329
2024-02-26 00:00:00,103.30000000,103.3920,0.00055329
2024-02-26 08:00:00,104.97000000,105.0870,0.00055349
2024-02-26 08:00:00,104.97000000,105.0870,0.00055349
2024-02-26 16:00:00,109.90000000,110.0340,0.00038701
2024-02-26 16:00:00,109.90000000,110.0340,0.00038701
2024-02-27 00:00:00,110.41000000,110.4790,0.00060184
2024-02-27 00:00:00,110.41000000,110.4790,0.00060184
2024-02-27 08:00:00,106.81000000,106.8850,0.00069189
2024-02-27 08:00:00,106.81000000,106.8850,0.00069189
2024-02-27 16:00:00,108.36000000,108.4500,0.00051508
2024-02-27 16:00:00,108.36000000,108.4500,0.00051508
2024-02-28 00:00:00,110.08000000,110.2000,0.00032603
2024-02-28 00:00:00,110.08000000,110.2000,0.00032603
2024-02-28 08:00:00,113.07000000,113.1780,0.00040753
2024-02-28 08:00:00,113.07000000,113.1780,0.00040753
2024-02-28 16:00:00,119.03000000,119.4250,0.00078549
2024-02-28 16:00:00,119.03000000,119.4250,0.00078549
2024-02-29 00:00:00,125.49000000,125.6740,0.00089000
2024-02-29 00:00:00,125.49000000,125.6740,0.00089000
2024-02-29 08:00:00,132.32000000,132.4540,0.00098885
2024-02-29 08:00:00,132.32000000,132.4540,0.00098885
2024-02-29 16:00:00,125.68000000,125.7690,0.00081567
2024-02-29 16:00:00,125.68000000,125.7690,0.00081567
2024-03-01 00:00:00,131.92000000,132.0660,0.00060436
2024-03-01 00:00:00,131.92000000,132.0660,0.00060436
2024-03-01 08:00:00,131.18000000,131.3710,0.00061591
2024-03-01 08:00:00,131.18000000,131.3710,0.00061591
2024-03-01 16:00:00,129.43000000,129.4560,0.00066424
2024-03-01 16:00:00,129.43000000,129.4560,0.00066424
2024-03-02 00:00:00,129.16000000,129.2920,0.00073268
2024-03-02 00:00:00,129.16000000,129.2920,0.00073268
2024-03-02 16:00:00,130.02000000,130.1840,0.00063147
2024-03-02 16:00:00,130.02000000,130.1840,0.00063147
2024-03-03 00:00:00,126.76000000,126.8220,0.00076414
2024-03-03 00:00:00,126.76000000,126.8220,0.00076414
2024-03-03 08:00:00,129.36000000,129.4510,0.00054160
2024-03-03 08:00:00,129.36000000,129.4510,0.00054160
2024-03-03 16:00:00,130.16000000,130.3040,0.00058338
2024-03-03 16:00:00,130.16000000,130.3040,0.00058338
2024-03-04 00:00:00,129.60000000,129.7390,0.00070533
2024-03-04 00:00:00,129.60000000,129.7390,0.00070533
2024-03-04 08:00:00,131.77000000,131.8850,0.00072401
2024-03-04 08:00:00,131.77000000,131.8850,0.00072401
2024-03-04 16:00:00,133.27000000,133.4500,0.00073074
2024-03-04 16:00:00,133.27000000,133.4500,0.00073074
2024-03-05 00:00:00,129.48000000,129.6000,0.00071628
2024-03-05 00:00:00,129.48000000,129.6000,0.00071628
2024-03-05 08:00:00,139.18000000,139.3710,0.00119261
2024-03-05 08:00:00,139.18000000,139.3710,0.00119261
2024-03-05 16:00:00,125.31000000,125.3580,0.00114560
2024-03-05 16:00:00,125.31000000,125.3580,0.00114560
2024-03-06 00:00:00,133.20000000,133.3200,0.00010000
2024-03-06 00:00:00,133.20000000,133.3200,0.00010000
2024-03-06 16:00:00,130.79000000,130.9160,0.00038317
2024-03-06 16:00:00,130.79000000,130.9160,0.00038317
2024-03-07 00:00:00,138.24000000,138.3570,0.00038906
2024-03-07 00:00:00,138.24000000,138.3570,0.00038906
2024-03-07 08:00:00,145.91000000,146.0600,0.00054339
2024-03-07 08:00:00,145.91000000,146.0600,0.00054339
2024-03-07 16:00:00,143.82000000,143.9970,0.00052411
2024-03-07 16:00:00,143.82000000,143.9970,0.00052411
2024-03-08 00:00:00,144.48000000,144.6190,0.00059435
2024-03-08 00:00:00,144.48000000,144.6190,0.00059435
2024-03-08 08:00:00,145.35000000,145.5490,0.00055843
2024-03-08 08:00:00,145.35000000,145.5490,0.00055843
2024-03-08 16:00:00,144.79000000,144.8790,0.00053032
2024-03-08 16:00:00,144.79000000,144.8790,0.00053032
2024-03-09 00:00:00,148.33000000,148.4570,0.00048054
2024-03-09 00:00:00,148.33000000,148.4570,0.00048054
2024-03-09 16:00:00,144.29000000,144.4240,0.00044156
2024-03-09 16:00:00,144.29000000,144.4240,0.00044156
2024-03-10 00:00:00,148.27000000,148.4590,0.00040915
2024-03-10 00:00:00,148.27000000,148.4590,0.00040915
2024-03-10 08:00:00,142.91000000,143.0240,0.00084919
2024-03-10 08:00:00,142.91000000,143.0240,0.00084919
2024-03-10 16:00:00,144.39000000,144.4970,0.00033129
2024-03-10 16:00:00,144.39000000,144.4970,0.00033129
2024-03-11 00:00:00,147.85000000,148.2370,0.00023257
2024-03-11 00:00:00,147.85000000,148.2370,0.00023257
2024-03-11 08:00:00,147.06000000,147.2000,0.00066664
2024-03-11 08:00:00,147.06000000,147.2000,0.00066664
2024-03-11 16:00:00,148.83000000,149.0620,0.00081096
2024-03-11 16:00:00,148.83000000,149.0620,0.00081096
2024-03-12 00:00:00,151.86000000,152.0350,0.00071463
2024-03-12 00:00:00,151.86000000,152.0350,0.00071463
2024-03-12 08:00:00,150.22000000,150.4290,0.00073858
2024-03-12 08:00:00,150.22000000,150.4290,0.00073858
2024-03-12 16:00:00,151.05000000,151.2010,0.00055607
2024-03-12 16:00:00,151.05000000,151.2010,0.00055607
2024-03-13 00:00:00,150.74000000,150.9110,0.00064251
2024-03-13 00:00:00,150.74000000,150.9110,0.00064251
2024-03-13 16:00:00,163.90000000,164.0550,0.00064562
2024-03-13 16:00:00,163.90000000,164.0550,0.00064562
2024-03-14 08:00:00,167.64000000,167.7590,0.00051830
2024-03-14 08:00:00,167.64000000,167.7590,0.00051830
2024-03-14 16:00:00,176.65000000,176.8510,0.00052725
2024-03-14 16:00:00,176.65000000,176.8510,0.00052725
2024-03-15 00:00:00,176.07000000,176.2530,0.00063046
2024-03-15 00:00:00,176.07000000,176.2530,0.00063046
2024-03-15 08:00:00,181.84000000,181.9630,0.00034279
2024-03-15 08:00:00,181.84000000,181.9630,0.00034279
2024-03-15 16:00:00,183.95000000,184.1550,0.00027460
2024-03-15 16:00:00,183.95000000,184.1550,0.00027460
2024-03-16 00:00:00,192.94000000,192.9700,0.00014955
2024-03-16 00:00:00,192.94000000,192.9700,0.00014955
2024-03-16 08:00:00,195.08000000,195.3010,0.00020435
2024-03-16 08:00:00,195.08000000,195.3010,0.00020435
2024-03-16 16:00:00,182.05000000,182.1840,0.00015327
2024-03-16 16:00:00,182.05000000,182.1840,0.00015327
2024-03-17 00:00:00,181.86000000,181.9420,0.00014108
2024-03-17 00:00:00,181.86000000,181.9420,0.00014108
2024-03-17 08:00:00,195.60000000,195.7430,0.00010000
2024-03-17 08:00:00,195.60000000,195.7430,0.00010000
2024-03-17 16:00:00,201.86000000,201.9620,0.00030858
2024-03-17 16:00:00,201.86000000,201.9620,0.00030858
2024-03-18 00:00:00,203.22000000,203.3370,0.00033129
2024-03-18 00:00:00,203.22000000,203.3370,0.00033129
2024-03-18 08:00:00,203.81000000,203.9100,0.00028956
2024-03-18 08:00:00,203.81000000,203.9100,0.00028956
2024-03-19 00:00:00,186.14000000,186.2360,0.00020920
2024-03-19 00:00:00,186.14000000,186.2360,0.00020920
2024-03-19 08:00:00,182.98000000,183.0790,0.00020307
2024-03-19 08:00:00,182.98000000,183.0790,0.00020307
2024-03-20 00:00:00,173.36000000,173.4180,0.00018828
2024-03-20 00:00:00,173.36000000,173.4180,0.00018828
2024-03-20 16:00:00,191.77000000,191.9160,0.00010917
2024-03-20 16:00:00,191.77000000,191.9160,0.00010917
2024-03-21 00:00:00,188.55000000,188.7510,0.00015928
2024-03-21 00:00:00,188.55000000,188.7510,0.00015928
2024-03-21 08:00:00,185.32000000,185.4310,0.00030752
2024-03-21 08:00:00,185.32000000,185.4310,0.00030752
2024-03-21 16:00:00,179.46000000,179.5350,0.00014524
2024-03-21 16:00:00,179.46000000,179.5350,0.00014524
2024-03-22 00:00:00,179.08000000,179.2090,0.00014092
2024-03-22 00:00:00,179.08000000,179.2090,0.00014092
2024-03-22 08:00:00,171.66000000,171.7460,0.00014802
2024-03-22 08:00:00,171.66000000,171.7460,0.00014802
2024-03-22 16:00:00,175.21000000,175.2570,0.00016161
2024-03-22 16:00:00,175.21000000,175.2570,0.00016161
2024-03-23 00:00:00,175.98000000,176.1240,0.00015244
2024-03-23 00:00:00,175.98000000,176.1240,0.00015244
2024-03-23 08:00:00,175.16000000,175.2620,0.00015091
2024-03-23 08:00:00,175.16000000,175.2620,0.00015091
2024-03-23 16:00:00,172.65000000,172.7250,0.00016841
2024-03-23 16:00:00,172.65000000,172.7250,0.00016841
2024-03-24 00:00:00,173.54000000,173.7610,0.00017713
2024-03-24 00:00:00,173.54000000,173.7610,0.00017713
2024-03-24 08:00:00,176.21000000,176.3610,0.00015435
2024-03-24 08:00:00,176.21000000,176.3610,0.00015435
2024-03-24 16:00:00,183.88000000,184.0190,0.00025686
2024-03-24 16:00:00,183.88000000,184.0190,0.00025686
2024-03-25 00:00:00,185.76000000,185.8890,0.00021466
2024-03-25 00:00:00,185.76000000,185.8890,0.00021466
2024-03-25 16:00:00,188.99000000,189.1810,0.00020373
2024-03-25 16:00:00,188.99000000,189.1810,0.00020373
2024-03-26 00:00:00,193.99000000,194.1430,0.00039207
2024-03-26 00:00:00,193.99000000,194.1430,0.00039207
2024-03-26 08:00:00,190.35000000,190.4940,0.00020767
2024-03-26 08:00:00,190.35000000,190.4940,0.00020767
2024-03-26 16:00:00,190.46000000,190.6230,0.00025173
2024-03-26 16:00:00,190.46000000,190.6230,0.00025173
2024-03-27 00:00:00,186.79000000,186.9610,0.00032068
2024-03-27 00:00:00,186.79000000,186.9610,0.00032068
2024-03-27 16:00:00,186.33000000,186.4480,0.00025221
2024-03-27 16:00:00,186.33000000,186.4480,0.00025221
2024-03-28 00:00:00,187.33000000,187.4950,0.00026487
2024-03-28 00:00:00,187.33000000,187.4950,0.00026487
2024-03-28 08:00:00,187.36000000,187.5140,0.00039989
2024-03-28 08:00:00,187.36000000,187.5140,0.00039989
2024-03-28 16:00:00,189.63000000,189.8520,0.00036742
2024-03-28 16:00:00,189.63000000,189.8520,0.00036742
2024-03-29 00:00:00,183.63000000,183.8510,0.00045018
2024-03-29 00:00:00,183.63000000,183.8510,0.00045018
2024-03-29 08:00:00,184.91000000,185.0790,0.00035449
2024-03-29 08:00:00,184.91000000,185.0790,0.00035449
2024-03-29 16:00:00,192.01000000,192.2000,0.00040773
2024-03-29 16:00:00,192.01000000,192.2000,0.00040773
2024-03-30 00:00:00,195.76000000,195.9710,0.00052381
2024-03-30 00:00:00,195.76000000,195.9710,0.00052381
2024-03-30 08:00:00,196.29000000,196.5430,0.00055026
2024-03-30 08:00:00,196.29000000,196.5430,0.00055026
2024-03-30 16:00:00,194.20000000,194.3510,0.00058211
2024-03-30 16:00:00,194.20000000,194.3510,0.00058211
2024-03-31 00:00:00,196.74000000,196.9750,0.00044594
2024-03-31 00:00:00,196.74000000,196.9750,0.00044594
2024-03-31 08:00:00,195.69000000,195.8650,0.00046087
2024-03-31 08:00:00,195.69000000,195.8650,0.00046087
2024-04-01 00:00:00,197.96000000,198.1180,0.00083459
2024-04-01 00:00:00,197.96000000,198.1180,0.00083459
2024-04-01 08:00:00,188.08000000,188.2170,0.00044327
2024-04-01 08:00:00,188.08000000,188.2170,0.00044327
2024-04-01 16:00:00,192.24000000,192.3550,0.00031429
2024-04-01 16:00:00,192.24000000,192.3550,0.00031429
2024-04-02 16:00:00,181.53000000,181.6790,0.00015893
2024-04-02 16:00:00,181.53000000,181.6790,0.00015893
2024-04-03 00:00:00,189.54000000,189.6500,0.00010960
2024-04-03 00:00:00,189.54000000,189.6500,0.00010960
2024-04-03 08:00:00,189.06000000,189.1500,0.00010000
2024-04-03 08:00:00,189.06000000,189.1500,0.00010000
2024-04-03 16:00:00,185.05000000,185.1730,0.00016154
2024-04-03 16:00:00,185.05000000,185.1730,0.00016154
2024-04-04 00:00:00,184.96000000,185.0580,0.00010000
2024-04-04 00:00:00,184.96000000,185.0580,0.00010000
2024-04-04 08:00:00,186.99000000,187.1750,0.00010000
2024-04-04 08:00:00,186.99000000,187.1750,0.00010000
2024-04-04 16:00:00,184.00000000,184.1230,0.00016815
2024-04-04 16:00:00,184.00000000,184.1230,0.00016815
2024-04-05 00:00:00,175.04000000,175.1880,0.00010000
2024-04-05 00:00:00,175.04000000,175.1880,0.00010000
2024-04-05 08:00:00,175.89000000,175.9370,0.00010000
2024-04-05 08:00:00,175.89000000,175.9370,0.00010000
2024-04-05 16:00:00,174.37000000,174.4500,0.00010000
2024-04-05 16:00:00,174.37000000,174.4500,0.00010000
2024-04-06 00:00:00,177.27000000,177.3190,0.00010000
2024-04-06 00:00:00,177.27000000,177.3190,0.00010000
2024-04-06 08:00:00,177.17000000,177.2230,0.00010000
2024-04-06 08:00:00,177.17000000,177.2230,0.00010000
2024-04-06 16:00:00,178.68000000,178.7680,0.00010000
2024-04-06 16:00:00,178.68000000,178.7680,0.00010000
2024-04-07 00:00:00,179.75000000,179.8450,0.00010000
2024-04-07 00:00:00,179.75000000,179.8450,0.00010000
2024-04-07 08:00:00,179.64000000,179.7500,0.00010000
2024-04-07 08:00:00,179.64000000,179.7500,0.00010000
2024-04-07 16:00:00,179.52000000,179.6150,0.00010000
2024-04-07 16:00:00,179.52000000,179.6150,0.00010000
2024-04-08 08:00:00,181.46000000,181.5340,0.00025466
2024-04-08 08:00:00,181.46000000,181.5340,0.00025466
2024-04-09 00:00:00,175.62000000,175.7630,0.00013524
2024-04-09 00:00:00,175.62000000,175.7630,0.00013524
2024-04-10 00:00:00,172.76000000,172.9010,0.00036513
2024-04-10 00:00:00,172.76000000,172.9010,0.00036513
2024-04-10 16:00:00,173.31000000,173.4380,0.00017163
2024-04-10 16:00:00,173.31000000,173.4380,0.00017163
2024-04-11 00:00:00,174.46000000,174.6130,0.00027306
2024-04-11 00:00:00,174.46000000,174.6130,0.00027306
2024-04-11 08:00:00,173.39000000,173.5480,0.00024101
2024-04-11 08:00:00,173.39000000,173.5480,0.00024101
2024-04-11 16:00:00,172.37000000,172.4970,0.00027676
2024-04-11 16:00:00,172.37000000,172.4970,0.00027676
2024-04-12 00:00:00,173.25000000,173.4000,0.00026578
2024-04-12 00:00:00,173.25000000,173.4000,0.00026578
2024-04-12 16:00:00,153.16000000,153.1620,0.00025596
2024-04-12 16:00:00,153.16000000,153.1620,0.00025596
2024-04-13 00:00:00,151.02000000,151.0940,0.00010000
2024-04-13 00:00:00,151.02000000,151.0940,0.00010000
2024-04-13 08:00:00,148.99000000,149.0050,0.00010000
2024-04-13 08:00:00,148.99000000,149.0050,0.00010000
2024-04-14 00:00:00,144.06000000,144.0190,0.00010000
2024-04-14 00:00:00,144.06000000,144.0190,0.00010000
2024-04-14 08:00:00,137.99000000,137.9500,0.00010000
2024-04-14 08:00:00,137.99000000,137.9500,0.00010000
2024-04-14 16:00:00,151.25000000,151.1870,0.00010000
2024-04-14 16:00:00,151.25000000,151.1870,0.00010000
2024-04-15 00:00:00,153.75000000,153.6940,0.00009686
2024-04-15 00:00:00,153.75000000,153.6940,0.00009686
2024-04-15 16:00:00,138.51000000,138.4420,0.00006370
2024-04-15 16:00:00,138.51000000,138.4420,0.00006370
2024-04-16 08:00:00,127.62000000,127.5730,0.00004459
2024-04-16 08:00:00,127.62000000,127.5730,0.00004459
2024-04-16 16:00:00,136.22000000,136.1830,0.00002516
2024-04-16 16:00:00,136.22000000,136.1830,0.00002516
2024-04-17 00:00:00,139.46000000,139.3450,-0.00002599
2024-04-17 00:00:00,139.46000000,139.3450,-0.00002599
2024-04-17 08:00:00,128.71000000,128.6650,0.00000333
2024-04-17 08:00:00,128.71000000,128.6650,0.00000333
2024-04-17 16:00:00,131.84000000,131.7810,0.00010000
2024-04-17 16:00:00,131.84000000,131.7810,0.00010000
2024-04-18 00:00:00,129.43000000,129.3620,0.00006888
2024-04-18 00:00:00,129.43000000,129.3620,0.00006888
2024-04-18 08:00:00,138.99000000,138.9300,0.00007203
2024-04-18 08:00:00,138.99000000,138.9300,0.00007203
2024-04-18 16:00:00,142.07000000,141.9570,0.00006590
2024-04-18 16:00:00,142.07000000,141.9570,0.00006590
2024-04-19 08:00:00,146.19000000,146.1150,0.00004680
2024-04-19 08:00:00,146.19000000,146.1150,0.00004680
2024-04-19 16:00:00,142.50000000,142.4440,0.00002007
2024-04-19 16:00:00,142.50000000,142.4440,0.00002007
2024-04-20 00:00:00,143.51000000,143.4520,0.00010000
2024-04-20 00:00:00,143.51000000,143.4520,0.00010000
2024-04-20 08:00:00,147.19000000,147.1110,0.00004184
2024-04-20 08:00:00,147.19000000,147.1110,0.00004184
2024-04-20 16:00:00,151.22000000,151.1550,0.00006594
2024-04-20 16:00:00,151.22000000,151.1550,0.00006594
2024-04-21 00:00:00,151.12000000,151.0370,0.00007055
2024-04-21 00:00:00,151.12000000,151.0370,0.00007055
2024-04-21 08:00:00,150.14000000,150.1000,-0.00002982
2024-04-21 08:00:00,150.14000000,150.1000,-0.00002982
2024-04-21 16:00:00,148.80000000,148.7340,0.00004268
2024-04-21 16:00:00,148.80000000,148.7340,0.00004268
2024-04-22 00:00:00,153.62000000,153.5610,0.00003735
2024-04-22 00:00:00,153.62000000,153.5610,0.00003735
2024-04-22 08:00:00,153.45000000,153.3720,0.00008512
2024-04-22 08:00:00,153.45000000,153.3720,0.00008512
2024-04-22 16:00:00,156.95000000,156.8810,-0.00003018
2024-04-22 16:00:00,156.95000000,156.8810,-0.00003018
2024-04-23 00:00:00,153.62000000,153.5520,-0.00001270
2024-04-23 00:00:00,153.62000000,153.5520,-0.00001270
2024-04-23 08:00:00,157.92000000,157.8610,-0.00004214
2024-04-23 08:00:00,157.92000000,157.8610,-0.00004214
2024-04-24 00:00:00,157.84000000,157.7390,0.00000977
2024-04-24 00:00:00,157.84000000,157.7390,0.00000977
2024-04-24 08:00:00,151.51000000,151.4850,0.00000643
2024-04-24 08:00:00,151.51000000,151.4850,0.00000643
2024-04-24 16:00:00,147.78000000,147.7010,0.00010000
2024-04-24 16:00:00,147.78000000,147.7010,0.00010000
2024-04-25 00:00:00,146.30000000,146.2290,0.00010000
2024-04-25 00:00:00,146.30000000,146.2290,0.00010000
2024-04-25 08:00:00,147.81000000,147.7040,0.00002239
2024-04-25 08:00:00,147.81000000,147.7040,0.00002239
2024-04-26 08:00:00,142.70000000,142.6550,0.00008426
2024-04-26 08:00:00,142.70000000,142.6550,0.00008426
2024-04-26 16:00:00,139.23000000,139.2020,0.00008505
2024-04-26 16:00:00,139.23000000,139.2020,0.00008505
2024-04-27 00:00:00,136.15000000,136.0960,0.00005384
2024-04-27 00:00:00,136.15000000,136.0960,0.00005384
2024-04-27 16:00:00,141.31000000,141.2420,0.00002358
2024-04-27 16:00:00,141.31000000,141.2420,0.00002358
2024-04-28 00:00:00,143.54000000,143.5010,0.00002733
2024-04-28 00:00:00,143.54000000,143.5010,0.00002733
2024-04-28 08:00:00,141.98000000,141.9340,0.00003029
2024-04-28 08:00:00,141.98000000,141.9340,0.00003029
2024-04-28 16:00:00,137.99000000,137.9220,0.00010000
2024-04-28 16:00:00,137.99000000,137.9220,0.00010000
2024-04-29 00:00:00,134.96000000,134.9040,0.00010000
2024-04-29 00:00:00,134.96000000,134.9040,0.00010000
2024-04-29 08:00:00,136.49000000,136.4480,0.00010000
2024-04-29 08:00:00,136.49000000,136.4480,0.00010000
2024-04-29 16:00:00,137.77000000,137.7250,0.00010000
2024-04-29 16:00:00,137.77000000,137.7250,0.00010000
2024-04-30 00:00:00,135.10000000,135.0310,0.00006384
2024-04-30 00:00:00,135.10000000,135.0310,0.00006384
2024-04-30 08:00:00,127.76000000,127.7070,0.00010000
2024-04-30 08:00:00,127.76000000,127.7070,0.00010000
2024-04-30 16:00:00,126.77000000,126.6850,0.00004102
2024-04-30 16:00:00,126.77000000,126.6850,0.00004102
2024-05-01 00:00:00,120.58000000,120.5470,-0.00003566
2024-05-01 00:00:00,120.58000000,120.5470,-0.00003566
2024-05-01 08:00:00,123.40000000,123.3280,0.00010000
2024-05-01 08:00:00,123.40000000,123.3280,0.00010000
2024-05-01 16:00:00,134.64000000,134.5410,0.00009105
2024-05-01 16:00:00,134.64000000,134.5410,0.00009105
2024-05-02 00:00:00,131.39000000,131.3070,0.00000378
2024-05-02 00:00:00,131.39000000,131.3070,0.00000378
2024-05-02 08:00:00,139.09000000,139.0190,0.00007951
2024-05-02 08:00:00,139.09000000,139.0190,0.00007951
2024-05-03 00:00:00,137.23000000,137.1870,0.00005799
2024-05-03 00:00:00,137.23000000,137.1870,0.00005799
2024-05-03 08:00:00,142.09000000,142.0000,-0.00005326
2024-05-03 08:00:00,142.09000000,142.0000,-0.00005326
2024-05-03 16:00:00,143.69000000,143.6070,0.00003126
2024-05-03 16:00:00,143.69000000,143.6070,0.00003126
2024-05-04 00:00:00,143.96000000,143.8990,-0.00008768
2024-05-04 00:00:00,143.96000000,143.8990,-0.00008768
2024-05-04 08:00:00,146.18000000,146.1000,0.00001077
2024-05-04 08:00:00,146.18000000,146.1000,0.00001077
2024-05-04 16:00:00,146.05000000,146.0070,0.00001309
2024-05-04 16:00:00,146.05000000,146.0070,0.00001309
2024-05-05 00:00:00,145.64000000,145.5800,0.00005621
2024-05-05 00:00:00,145.64000000,145.5800,0.00005621
2024-05-05 08:00:00,147.49000000,147.4020,0.00008266
2024-05-05 08:00:00,147.49000000,147.4020,0.00008266
2024-05-05 16:00:00,145.73000000,145.6730,0.00007548
2024-05-05 16:00:00,145.73000000,145.6730,0.00007548
2024-05-06 00:00:00,148.73000000,148.6390,0.00005854
2024-05-06 00:00:00,148.73000000,148.6390,0.00005854
2024-05-06 08:00:00,153.82000000,153.7870,0.00005220
2024-05-06 08:00:00,153.82000000,153.7870,0.00005220
2024-05-06 16:00:00,152.82000000,152.7840,0.00010000
2024-05-06 16:00:00,152.82000000,152.7840,0.00010000
2024-05-07 00:00:00,155.13000000,155.0710,0.00007714
2024-05-07 00:00:00,155.13000000,155.0710,0.00007714
2024-05-07 08:00:00,154.71000000,154.6130,-0.00001698
2024-05-07 08:00:00,154.71000000,154.6130,-0.00001698
2024-05-07 16:00:00,148.03000000,148.0110,0.00002502
2024-05-07 16:00:00,148.03000000,148.0110,0.00002502
2024-05-08 00:00:00,146.42000000,146.4060,0.00010000
2024-05-08 00:00:00,146.42000000,146.4060,0.00010000
2024-05-08 08:00:00,145.86000000,145.8180,0.00010000
2024-05-08 08:00:00,145.86000000,145.8180,0.00010000
2024-05-08 16:00:00,142.18000000,142.1180,0.00010000
2024-05-08 16:00:00,142.18000000,142.1180,0.00010000
2024-05-09 00:00:00,143.27000000,143.2280,0.00005327
2024-05-09 00:00:00,143.27000000,143.2280,0.00005327
2024-05-09 08:00:00,146.47000000,146.4010,0.00008335
2024-05-09 08:00:00,146.47000000,146.4010,0.00008335
2024-05-09 16:00:00,152.57000000,152.4590,0.00007648
2024-05-09 16:00:00,152.57000000,152.4590,0.00007648
2024-05-10 00:00:00,154.34000000,154.2680,0.00002012
2024-05-10 00:00:00,154.34000000,154.2680,0.00002012
2024-05-10 08:00:00,146.94000000,146.8520,0.00005156
2024-05-10 08:00:00,146.94000000,146.8520,0.00005156
2024-05-10 16:00:00,146.01000000,145.9660,0.00010000
2024-05-10 16:00:00,146.01000000,145.9660,0.00010000
2024-05-11 00:00:00,145.78000000,145.6890,0.00004734
2024-05-11 00:00:00,145.78000000,145.6890,0.00004734
2024-05-11 08:00:00,145.65000000,145.5660,0.00009445
2024-05-11 08:00:00,145.65000000,145.5660,0.00009445
2024-05-11 16:00:00,145.42000000,145.3550,0.00005096
2024-05-11 16:00:00,145.42000000,145.3550,0.00005096
2024-05-12 00:00:00,144.22000000,144.1380,0.00004613
2024-05-12 00:00:00,144.22000000,144.1380,0.00004613
2024-05-12 08:00:00,145.20000000,145.1440,0.00002900
2024-05-12 08:00:00,145.20000000,145.1440,0.00002900
2024-05-12 16:00:00,143.43000000,143.3640,0.00006071
2024-05-12 16:00:00,143.43000000,143.3640,0.00006071
2024-05-13 16:00:00,147.54000000,147.4960,0.00009778
2024-05-13 16:00:00,147.54000000,147.4960,0.00009778
2024-05-14 00:00:00,146.54000000,146.4910,0.00010000
2024-05-14 00:00:00,146.54000000,146.4910,0.00010000
2024-05-14 08:00:00,142.92000000,142.8650,0.00008969
2024-05-14 08:00:00,142.92000000,142.8650,0.00008969
2024-05-14 16:00:00,142.03000000,141.9630,0.00004564
2024-05-14 16:00:00,142.03000000,141.9630,0.00004564
2024-05-15 00:00:00,144.29000000,144.1980,0.00001738
2024-05-15 00:00:00,144.29000000,144.1980,0.00001738
2024-05-15 08:00:00,151.61000000,151.5620,0.00001895
2024-05-15 08:00:00,151.61000000,151.5620,0.00001895
2024-05-15 16:00:00,158.52000000,158.4230,0.00008360
2024-05-15 16:00:00,158.52000000,158.4230,0.00008360
2024-05-16 08:00:00,160.45000000,160.4110,0.00010000
2024-05-16 08:00:00,160.45000000,160.4110,0.00010000
2024-05-16 16:00:00,159.37000000,159.3030,0.00010000
2024-05-16 16:00:00,159.37000000,159.3030,0.00010000
2024-05-17 00:00:00,169.20000000,169.0790,0.00007450
2024-05-17 00:00:00,169.20000000,169.0790,0.00007450
2024-05-17 08:00:00,169.69000000,169.5850,0.00003361
2024-05-17 08:00:00,169.69000000,169.5850,0.00003361
2024-05-17 16:00:00,169.44000000,169.3510,0.00004112
2024-05-17 16:00:00,169.44000000,169.3510,0.00004112
2024-05-18 00:00:00,172.31000000,172.2160,0.00004208
2024-05-18 00:00:00,172.31000000,172.2160,0.00004208
2024-05-18 08:00:00,172.42000000,172.3340,0.00002883
2024-05-18 08:00:00,172.42000000,172.3340,0.00002883
2024-05-18 16:00:00,172.40000000,172.2990,0.00006893
2024-05-18 16:00:00,172.40000000,172.2990,0.00006893
2024-05-19 00:00:00,174.17000000,174.0910,0.00003799
2024-05-19 00:00:00,174.17000000,174.0910,0.00003799
2024-05-19 08:00:00,168.29000000,168.1950,0.00001875
2024-05-19 08:00:00,168.29000000,168.1950,0.00001875
2024-05-19 16:00:00,169.93000000,169.8530,0.00008795
2024-05-19 16:00:00,169.93000000,169.8530,0.00008795
2024-05-20 00:00:00,178.03000000,177.9300,0.00010000
2024-05-20 00:00:00,178.03000000,177.9300,0.00010000
2024-05-20 08:00:00,179.01000000,178.9110,0.00010000
2024-05-20 08:00:00,179.01000000,178.9110,0.00010000
2024-05-21 00:00:00,181.28000000,181.2930,0.00010000
2024-05-21 00:00:00,181.28000000,181.2930,0.00010000
2024-05-21 16:00:00,178.15000000,178.1500,0.00010000
2024-05-21 16:00:00,178.15000000,178.1500,0.00010000
2024-05-22 00:00:00,179.89000000,179.8830,0.00010000
2024-05-22 00:00:00,179.89000000,179.8830,0.00010000
2024-05-22 08:00:00,181.39000000,181.4090,0.00010000
2024-05-22 08:00:00,181.39000000,181.4090,0.00010000
2024-05-22 16:00:00,176.95000000,177.0300,0.00010000
2024-05-22 16:00:00,176.95000000,177.0300,0.00010000
2024-05-23 00:00:00,177.44000000,177.4900,0.00010000
2024-05-23 00:00:00,177.44000000,177.4900,0.00010000
2024-05-23 08:00:00,172.70000000,172.7000,0.00010000
2024-05-23 08:00:00,172.70000000,172.7000,0.00010000
2024-05-23 16:00:00,176.16000000,176.1820,0.00010000
2024-05-23 16:00:00,176.16000000,176.1820,0.00010000
2024-05-24 00:00:00,166.16000000,166.2400,0.00010000
2024-05-24 00:00:00,166.16000000,166.2400,0.00010000
2024-05-24 08:00:00,167.29000000,167.2790,0.00010000
2024-05-24 08:00:00,167.29000000,167.2790,0.00010000
2024-05-24 16:00:00,167.70000000,167.6570,0.00010000
2024-05-24 16:00:00,167.70000000,167.6570,0.00010000
2024-05-25 00:00:00,168.99000000,168.9590,0.00010000
2024-05-25 00:00:00,168.99000000,168.9590,0.00010000
2024-05-25 08:00:00,167.83000000,167.7740,0.00010000
2024-05-25 08:00:00,167.83000000,167.7740,0.00010000
2024-05-25 16:00:00,168.35000000,168.3560,0.00010000
2024-05-25 16:00:00,168.35000000,168.3560,0.00010000
2024-05-26 00:00:00,165.33000000,165.3830,0.00010000
2024-05-26 00:00:00,165.33000000,165.3830,0.00010000
2024-05-26 08:00:00,162.85000000,162.9600,0.00010000
2024-05-26 08:00:00,162.85000000,162.9600,0.00010000
2024-05-26 16:00:00,163.41000000,163.5050,0.00010000
2024-05-26 16:00:00,163.41000000,163.5050,0.00010000
2024-05-27 00:00:00,165.52000000,165.6130,0.00010000
2024-05-27 00:00:00,165.52000000,165.6130,0.00010000
2024-05-27 08:00:00,171.04000000,171.1130,0.00010000
2024-05-27 08:00:00,171.04000000,171.1130,0.00010000
2024-05-27 16:00:00,170.15000000,170.2490,0.00010000
2024-05-27 16:00:00,170.15000000,170.2490,0.00010000
2024-05-28 00:00:00,166.09000000,166.2040,0.00010000
2024-05-28 00:00:00,166.09000000,166.2040,0.00010000
2024-05-28 08:00:00,168.28000000,168.3840,0.00010000
2024-05-28 08:00:00,168.28000000,168.3840,0.00010000
2024-05-28 16:00:00,168.68000000,168.8070,0.00014129
2024-05-28 16:00:00,168.68000000,168.8070,0.00014129
2024-05-29 08:00:00,168.60000000,168.6610,0.00013729
2024-05-29 08:00:00,168.60000000,168.6610,0.00013729
2024-05-29 16:00:00,168.32000000,168.4180,0.00010000
2024-05-29 16:00:00,168.32000000,168.4180,0.00010000
2024-05-30 00:00:00,165.00000000,165.0940,0.00010000
2024-05-30 00:00:00,165.00000000,165.0940,0.00010000
2024-05-30 08:00:00,168.48000000,168.5530,0.00010000
2024-05-30 08:00:00,168.48000000,168.5530,0.00010000
2024-05-30 16:00:00,166.88000000,166.9860,0.00010000
2024-05-30 16:00:00,166.88000000,166.9860,0.00010000
2024-05-31 00:00:00,166.62000000,166.7500,0.00010000
2024-05-31 00:00:00,166.62000000,166.7500,0.00010000
2024-05-31 08:00:00,164.81000000,164.9190,0.00010000
2024-05-31 08:00:00,164.81000000,164.9190,0.00010000
2024-05-31 16:00:00,165.65000000,165.7620,0.00010000
2024-05-31 16:00:00,165.65000000,165.7620,0.00010000
2024-06-01 00:00:00,166.85000000,166.9590,0.00016081
2024-06-01 00:00:00,166.85000000,166.9590,0.00016081
2024-06-01 08:00:00,167.31000000,167.3750,0.00011764
2024-06-01 08:00:00,167.31000000,167.3750,0.00011764
2024-06-02 00:00:00,165.02000000,165.1010,0.00016684
2024-06-02 00:00:00,165.02000000,165.1010,0.00016684
2024-06-02 08:00:00,165.16000000,165.2680,0.00010000
2024-06-02 08:00:00,165.16000000,165.2680,0.00010000
2024-06-02 16:00:00,163.15000000,163.2510,0.00010000
2024-06-02 16:00:00,163.15000000,163.2510,0.00010000
2024-06-03 00:00:00,165.35000000,165.4330,0.00012157
2024-06-03 00:00:00,165.35000000,165.4330,0.00012157
2024-06-03 08:00:00,164.83000000,164.9450,0.00010832
2024-06-03 08:00:00,164.83000000,164.9450,0.00010832
2024-06-03 16:00:00,164.89000000,164.9950,0.00011323
2024-06-03 16:00:00,164.89000000,164.9950,0.00011323
2024-06-04 00:00:00,165.24000000,165.3760,0.00015497
2024-06-04 00:00:00,165.24000000,165.3760,0.00015497
2024-06-04 08:00:00,167.91000000,168.0650,0.00013282
2024-06-04 08:00:00,167.91000000,168.0650,0.00013282
2024-06-04 16:00:00,171.78000000,171.8880,0.00016338
2024-06-04 16:00:00,171.78000000,171.8880,0.00016338
2024-06-05 00:00:00,173.43000000,173.5340,0.00021045
2024-06-05 00:00:00,173.43000000,173.5340,0.00021045
2024-06-05 08:00:00,174.74000000,174.9180,0.00023899
2024-06-05 08:00:00,174.74000000,174.9180,0.00023899
2024-06-05 16:00:00,173.54000000,173.6680,0.00021842
2024-06-05 16:00:00,173.54000000,173.6680,0.00021842
2024-06-06 00:00:00,172.60000000,172.7290,0.00016193
2024-06-06 00:00:00,172.60000000,172.7290,0.00016193
2024-06-06 16:00:00,170.15000000,170.2710,0.00020758
2024-06-06 16:00:00,170.15000000,170.2710,0.00020758
2024-06-07 00:00:00,172.01000000,172.1210,0.00010000
2024-06-07 00:00:00,172.01000000,172.1210,0.00010000
2024-06-07 08:00:00,170.15000000,170.2190,0.00016418
2024-06-07 08:00:00,170.15000000,170.2190,0.00016418
2024-06-07 16:00:00,162.50000000,162.5240,0.00016980
2024-06-07 16:00:00,162.50000000,162.5240,0.00016980
2024-06-08 00:00:00,163.60000000,163.5960,0.00010000
2024-06-08 00:00:00,163.60000000,163.5960,0.00010000
2024-06-08 08:00:00,160.15000000,160.1450,0.00010000
2024-06-08 08:00:00,160.15000000,160.1450,0.00010000
2024-06-08 16:00:00,157.83000000,157.8380,0.00010000
2024-06-08 16:00:00,157.83000000,157.8380,0.00010000
2024-06-09 00:00:00,159.01000000,159.0250,0.00010000
2024-06-09 00:00:00,159.01000000,159.0250,0.00010000
2024-06-09 08:00:00,161.63000000,161.5910,0.00010000
2024-06-09 08:00:00,161.63000000,161.5910,0.00010000
2024-06-10 00:00:00,157.62000000,157.6420,0.00010000
2024-06-10 00:00:00,157.62000000,157.6420,0.00010000
2024-06-10 08:00:00,162.38000000,162.3600,0.00010000
2024-06-10 08:00:00,162.38000000,162.3600,0.00010000
2024-06-11 08:00:00,147.67000000,147.5930,0.00010000
2024-06-11 08:00:00,147.67000000,147.5930,0.00010000
2024-06-11 16:00:00,149.31000000,149.2450,0.00010000
2024-06-11 16:00:00,149.31000000,149.2450,0.00010000
2024-06-12 00:00:00,151.79000000,151.7650,0.00010000
2024-06-12 00:00:00,151.79000000,151.7650,0.00010000
2024-06-12 08:00:00,158.84000000,158.8000,0.00010000
2024-06-12 08:00:00,158.84000000,158.8000,0.00010000
2024-06-12 16:00:00,155.22000000,155.1730,0.00010000
2024-06-12 16:00:00,155.22000000,155.1730,0.00010000
2024-06-13 00:00:00,152.09000000,152.0710,0.00010000
2024-06-13 00:00:00,152.09000000,152.0710,0.00010000
2024-06-13 16:00:00,147.29000000,147.2090,0.00010000
2024-06-13 16:00:00,147.29000000,147.2090,0.00010000
2024-06-14 00:00:00,147.62000000,147.5110,0.00010000
2024-06-14 00:00:00,147.62000000,147.5110,0.00010000
2024-06-14 08:00:00,143.78000000,143.7330,0.00008277
2024-06-14 08:00:00,143.78000000,143.7330,0.00008277
2024-06-14 16:00:00,143.05000000,142.9740,0.00009897
2024-06-14 16:00:00,143.05000000,142.9740,0.00009897
2024-06-15 00:00:00,143.78000000,143.7410,0.00010000
2024-06-15 00:00:00,143.78000000,143.7410,0.00010000
2024-06-15 08:00:00,145.19000000,145.0980,0.00010000
2024-06-15 08:00:00,145.19000000,145.0980,0.00010000
2024-06-15 16:00:00,145.52000000,145.4500,0.00010000
2024-06-15 16:00:00,145.52000000,145.4500,0.00010000
2024-06-16 08:00:00,148.53000000,148.4140,0.00010000
2024-06-16 08:00:00,148.53000000,148.4140,0.00010000
2024-06-16 16:00:00,151.30000000,151.2450,0.00003192
2024-06-16 16:00:00,151.30000000,151.2450,0.00003192
2024-06-17 00:00:00,146.61000000,146.5590,0.00010000
2024-06-17 00:00:00,146.61000000,146.5590,0.00010000
2024-06-17 08:00:00,141.23000000,141.1780,0.00010000
2024-06-17 08:00:00,141.23000000,141.1780,0.00010000
2024-06-17 16:00:00,143.27000000,143.1970,0.00007161
2024-06-17 16:00:00,143.27000000,143.1970,0.00007161
2024-06-18 00:00:00,136.71000000,136.6170,0.00007592
2024-06-18 00:00:00,136.71000000,136.6170,0.00007592
2024-06-18 08:00:00,136.01000000,135.9690,-0.00008849
2024-06-18 08:00:00,136.01000000,135.9690,-0.00008849
2024-06-18 16:00:00,137.41000000,137.3590,0.00010000
2024-06-18 16:00:00,137.41000000,137.3590,0.00010000
2024-06-19 16:00:00,135.62000000,135.5570,0.00006996
2024-06-19 16:00:00,135.62000000,135.5570,0.00006996
2024-06-20 00:00:00,137.18000000,137.1410,0.00007341
2024-06-20 00:00:00,137.18000000,137.1410,0.00007341
2024-06-20 08:00:00,133.27000000,133.1960,0.00001175
2024-06-20 08:00:00,133.27000000,133.1960,0.00001175
2024-06-20 16:00:00,133.55000000,133.5000,-0.00002605
2024-06-20 16:00:00,133.55000000,133.5000,-0.00002605
2024-06-21 00:00:00,131.43000000,131.3790,0.00000876
2024-06-21 00:00:00,131.43000000,131.3790,0.00000876
2024-06-21 08:00:00,131.40000000,131.3520,0.00004454
2024-06-21 08:00:00,131.40000000,131.3520,0.00004454
2024-06-21 16:00:00,134.60000000,134.5340,0.00004111
2024-06-21 16:00:00,134.60000000,134.5340,0.00004111
2024-06-22 00:00:00,134.86000000,134.8060,0.00007060
2024-06-22 00:00:00,134.86000000,134.8060,0.00007060
2024-06-22 08:00:00,134.25000000,134.1950,-0.00002362
2024-06-22 08:00:00,134.25000000,134.1950,-0.00002362
2024-06-22 16:00:00,133.69000000,133.6270,0.00010000
2024-06-22 16:00:00,133.69000000,133.6270,0.00010000
2024-06-23 00:00:00,134.72000000,134.6780,0.00007846
2024-06-23 00:00:00,134.72000000,134.6780,0.00007846
2024-06-23 08:00:00,131.58000000,131.5350,0.00003933
2024-06-23 08:00:00,131.58000000,131.5350,0.00003933
2024-06-23 16:00:00,128.69000000,128.6610,0.00004131
2024-06-23 16:00:00,128.69000000,128.6610,0.00004131
2024-06-24 08:00:00,126.31000000,126.2750,0.00003318
2024-06-24 08:00:00,126.31000000,126.2750,0.00003318
2024-06-24 16:00:00,132.33000000,132.2370,0.00002872
2024-06-24 16:00:00,132.33000000,132.2370,0.00002872
2024-06-25 00:00:00,134.82000000,134.7730,0.00001182
2024-06-25 00:00:00,134.82000000,134.7730,0.00001182
2024-06-25 08:00:00,139.43000000,139.3720,-0.00003228
2024-06-25 08:00:00,139.43000000,139.3720,-0.00003228
2024-06-25 16:00:00,136.58000000,136.5440,0.00008255
2024-06-25 16:00:00,136.58000000,136.5440,0.00008255
2024-06-26 08:00:00,136.88000000,136.8360,0.00010000
2024-06-26 08:00:00,136.88000000,136.8360,0.00010000
2024-06-26 16:00:00,136.81000000,136.8080,0.00010000
2024-06-26 16:00:00,136.81000000,136.8080,0.00010000
2024-06-27 00:00:00,135.91000000,135.8990,0.00010000
2024-06-27 00:00:00,135.91000000,135.8990,0.00010000
2024-06-27 16:00:00,149.71000000,149.6510,0.00010000
2024-06-27 16:00:00,149.71000000,149.6510,0.00010000
2024-06-28 00:00:00,145.37000000,145.3110,0.00010000
2024-06-28 00:00:00,145.37000000,145.3110,0.00010000
2024-06-28 08:00:00,143.23000000,143.1510,0.00008707
2024-06-28 08:00:00,143.23000000,143.1510,0.00008707
2024-06-28 16:00:00,140.03000000,139.9800,0.00009286
2024-06-28 16:00:00,140.03000000,139.9800,0.00009286
2024-06-29 08:00:00,142.68000000,142.6220,0.00010000
2024-06-29 08:00:00,142.68000000,142.6220,0.00010000
2024-06-29 16:00:00,140.28000000,140.2340,0.00010000
2024-06-29 16:00:00,140.28000000,140.2340,0.00010000
2024-06-30 00:00:00,140.64000000,140.5800,0.00010000
2024-06-30 00:00:00,140.64000000,140.5800,0.00010000
2024-06-30 08:00:00,143.83000000,143.7350,0.00010000
2024-06-30 08:00:00,143.83000000,143.7350,0.00010000
2024-06-30 16:00:00,146.61000000,146.5820,0.00010000
2024-06-30 16:00:00,146.61000000,146.5820,0.00010000
2024-07-01 00:00:00,148.30000000,148.2490,0.00008734
2024-07-01 00:00:00,148.30000000,148.2490,0.00008734
2024-07-01 08:00:00,148.50000000,148.4810,0.00005816
2024-07-01 08:00:00,148.50000000,148.4810,0.00005816
2024-07-02 00:00:00,147.43000000,147.3840,0.00010000
2024-07-02 00:00:00,147.43000000,147.3840,0.00010000
2024-07-02 08:00:00,148.39000000,148.3420,0.00007576
2024-07-02 08:00:00,148.39000000,148.3420,0.00007576
2024-07-02 16:00:00,154.03000000,153.9700,0.00002759
2024-07-02 16:00:00,154.03000000,153.9700,0.00002759
2024-07-03 00:00:00,146.40000000,146.3730,0.00010000
2024-07-03 00:00:00,146.40000000,146.3730,0.00010000
2024-07-03 16:00:00,140.84000000,140.7370,0.00010000
2024-07-03 16:00:00,140.84000000,140.7370,0.00010000
2024-07-04 00:00:00,134.38000000,134.3640,0.00010000
2024-07-04 00:00:00,134.38000000,134.3640,0.00010000
2024-07-04 08:00:00,135.40000000,135.2960,0.00008877
2024-07-04 08:00:00,135.40000000,135.2960,0.00008877
2024-07-04 16:00:00,127.86000000,127.7600,0.00004970
2024-07-04 16:00:00,127.86000000,127.7600,0.00004970
2024-07-05 00:00:00,126.72000000,126.6540,-0.00000947
2024-07-05 00:00:00,126.72000000,126.6540,-0.00000947
2024-07-05 08:00:00,134.93000000,134.7990,0.00005210
2024-07-05 08:00:00,134.93000000,134.7990,0.00005210
2024-07-05 16:00:00,134.32000000,134.2300,-0.00011390
2024-07-05 16:00:00,134.32000000,134.2300,-0.00011390
2024-07-06 00:00:00,136.94000000,136.8360,0.00007350
2024-07-06 00:00:00,136.94000000,136.8360,0.00007350
2024-07-06 08:00:00,141.88000000,141.7950,0.00004265
2024-07-06 08:00:00,141.88000000,141.7950,0.00004265
2024-07-06 16:00:00,143.05000000,142.9960,-0.00012992
2024-07-06 16:00:00,143.05000000,142.9960,-0.00012992
2024-07-07 08:00:00,137.07000000,137.0310,0.00010000
2024-07-07 08:00:00,137.07000000,137.0310,0.00010000
2024-07-07 16:00:00,131.64000000,131.5990,0.00010000
2024-07-07 16:00:00,131.64000000,131.5990,0.00010000
2024-07-08 00:00:00,132.59000000,132.5360,0.00010000
2024-07-08 00:00:00,132.59000000,132.5360,0.00010000
2024-07-08 08:00:00,137.43000000,137.3850,-0.00005629
2024-07-08 08:00:00,137.43000000,137.3850,-0.00005629
2024-07-08 16:00:00,139.81000000,139.7400,0.00010000
2024-07-08 16:00:00,139.81000000,139.7400,0.00010000
2024-07-09 00:00:00,142.12000000,142.0620,0.00010000
2024-07-09 00:00:00,142.12000000,142.0620,0.00010000
2024-07-09 16:00:00,141.42000000,141.3910,0.00004220
2024-07-09 16:00:00,141.42000000,141.3910,0.00004220
2024-07-10 00:00:00,144.17000000,144.1190,0.00008780
2024-07-10 00:00:00,144.17000000,144.1190,0.00008780
2024-07-10 08:00:00,141.18000000,141.0810,0.00008961
2024-07-10 08:00:00,141.18000000,141.0810,0.00008961
2024-07-10 16:00:00,141.98000000,141.9270,0.00007406
2024-07-10 16:00:00,141.98000000,141.9270,0.00007406
2024-07-12 00:00:00,135.41000000,135.3490,0.00010000
2024-07-12 00:00:00,135.41000000,135.3490,0.00010000
2024-07-12 08:00:00,138.85000000,138.7510,0.00004566
2024-07-12 08:00:00,138.85000000,138.7510,0.00004566
2024-07-12 16:00:00,139.46000000,139.3790,-0.00001079
2024-07-12 16:00:00,139.46000000,139.3790,-0.00001079
2024-07-13 00:00:00,139.38000000,139.3100,0.00001668
2024-07-13 00:00:00,139.38000000,139.3100,0.00001668
2024-07-13 08:00:00,140.37000000,140.3110,0.00008326
2024-07-13 08:00:00,140.37000000,140.3110,0.00008326
2024-07-13 16:00:00,141.90000000,141.8110,0.00004063
2024-07-13 16:00:00,141.90000000,141.8110,0.00004063
2024-07-14 00:00:00,144.77000000,144.6850,0.00008116
2024-07-14 00:00:00,144.77000000,144.6850,0.00008116
2024-07-14 08:00:00,145.90000000,145.8310,0.00004070
2024-07-14 08:00:00,145.90000000,145.8310,0.00004070
2024-07-14 16:00:00,147.66000000,147.5750,0.00002006
2024-07-14 16:00:00,147.66000000,147.5750,0.00002006
2024-07-15 00:00:00,153.23000000,153.1680,-0.00001038
2024-07-15 00:00:00,153.23000000,153.1680,-0.00001038
2024-07-15 08:00:00,152.94000000,152.8380,0.00002402
2024-07-15 08:00:00,152.94000000,152.8380,0.00002402
2024-07-15 16:00:00,159.38000000,159.2940,0.00003810
2024-07-15 16:00:00,159.38000000,159.2940,0.00003810
2024-07-16 00:00:00,154.49000000,154.4410,-0.00003759
2024-07-16 00:00:00,154.49000000,154.4410,-0.00003759
2024-07-16 08:00:00,160.98000000,160.9230,0.00010000
2024-07-16 08:00:00,160.98000000,160.9230,0.00010000
2024-07-16 16:00:00,160.62000000,160.5920,0.00007774
2024-07-16 16:00:00,160.62000000,160.5920,0.00007774
2024-07-17 00:00:00,160.60000000,160.5080,0.00010000
2024-07-17 00:00:00,160.60000000,160.5080,0.00010000
2024-07-17 16:00:00,155.50000000,155.4670,0.00010000
2024-07-17 16:00:00,155.50000000,155.4670,0.00010000
2024-07-18 00:00:00,158.66000000,158.6070,0.00006464
2024-07-18 00:00:00,158.66000000,158.6070,0.00006464
2024-07-18 08:00:00,156.37000000,156.2910,0.00008411
2024-07-18 08:00:00,156.37000000,156.2910,0.00008411
2024-07-18 16:00:00,159.22000000,159.1460,0.00010000
2024-07-18 16:00:00,159.22000000,159.1460,0.00010000
2024-07-19 00:00:00,161.42000000,161.3560,0.00007366
2024-07-19 00:00:00,161.42000000,161.3560,0.00007366
2024-07-19 08:00:00,168.80000000,168.7440,0.00010000
2024-07-19 08:00:00,168.80000000,168.7440,0.00010000
2024-07-19 16:00:00,169.13000000,169.0640,0.00005128
2024-07-19 16:00:00,169.13000000,169.0640,0.00005128
2024-07-20 08:00:00,169.28000000,169.1710,0.00002379
2024-07-20 08:00:00,169.28000000,169.1710,0.00002379
2024-07-20 16:00:00,173.60000000,173.5320,0.00000305
2024-07-20 16:00:00,173.60000000,173.5320,0.00000305
2024-07-21 00:00:00,171.33000000,171.2600,0.00010000
2024-07-21 00:00:00,171.33000000,171.2600,0.00010000
2024-07-21 08:00:00,175.40000000,175.3670,0.00010000
2024-07-21 08:00:00,175.40000000,175.3670,0.00010000
2024-07-21 16:00:00,184.49000000,184.4730,0.00005463
2024-07-21 16:00:00,184.49000000,184.4730,0.00005463
2024-07-22 00:00:00,178.39000000,178.2880,0.00010000
2024-07-22 00:00:00,178.39000000,178.2880,0.00010000
2024-07-22 08:00:00,179.88000000,179.7910,0.00010000
2024-07-22 08:00:00,179.88000000,179.7910,0.00010000
2024-07-22 16:00:00,178.90000000,178.8230,0.00007105
2024-07-22 16:00:00,178.90000000,178.8230,0.00007105
2024-07-23 00:00:00,176.06000000,175.9590,0.00010000
2024-07-23 00:00:00,176.06000000,175.9590,0.00010000
2024-07-23 08:00:00,176.49000000,176.3950,0.00010000
2024-07-23 08:00:00,176.49000000,176.3950,0.00010000
2024-07-23 16:00:00,173.03000000,172.9120,0.00010000
2024-07-23 16:00:00,173.03000000,172.9120,0.00010000
2024-07-24 00:00:00,174.25000000,174.1440,0.00004584
2024-07-24 00:00:00,174.25000000,174.1440,0.00004584
2024-07-24 08:00:00,177.76000000,177.7290,0.00010000
2024-07-24 08:00:00,177.76000000,177.7290,0.00010000
2024-07-24 16:00:00,178.06000000,177.9830,0.00007120
2024-07-24 16:00:00,178.06000000,177.9830,0.00007120
2024-07-25 00:00:00,169.40000000,169.3420,0.00008091
2024-07-25 00:00:00,169.40000000,169.3420,0.00008091
2024-07-25 08:00:00,170.43000000,170.3650,0.00009813
2024-07-25 08:00:00,170.43000000,170.3650,0.00009813
2024-07-25 16:00:00,171.85000000,171.7590,0.00007841
2024-07-25 16:00:00,171.85000000,171.7590,0.00007841
2024-07-26 00:00:00,176.75000000,176.6960,0.00007483
2024-07-26 00:00:00,176.75000000,176.6960,0.00007483
2024-07-26 08:00:00,181.53000000,181.4350,0.00003235
2024-07-26 08:00:00,181.53000000,181.4350,0.00003235
2024-07-26 16:00:00,183.06000000,182.9910,0.00006143
2024-07-26 16:00:00,183.06000000,182.9910,0.00006143
2024-07-27 00:00:00,185.84000000,185.7210,0.00004760
2024-07-27 00:00:00,185.84000000,185.7210,0.00004760
2024-07-27 08:00:00,182.52000000,182.4160,0.00003411
2024-07-27 08:00:00,182.52000000,182.4160,0.00003411
2024-07-27 16:00:00,183.92000000,183.9030,0.00008705
2024-07-27 16:00:00,183.92000000,183.9030,0.00008705
2024-07-28 00:00:00,183.84000000,183.7770,0.00010000
2024-07-28 00:00:00,183.84000000,183.7770,0.00010000
2024-07-28 08:00:00,184.11000000,184.0830,0.00010000
2024-07-28 08:00:00,184.11000000,184.0830,0.00010000
2024-07-29 08:00:00,186.95000000,186.8160,0.00010000
2024-07-29 08:00:00,186.95000000,186.8160,0.00010000
2024-07-30 00:00:00,182.39000000,182.2980,0.00007783
2024-07-30 00:00:00,182.39000000,182.2980,0.00007783
2024-07-30 16:00:00,179.16000000,179.0720,0.00010000
2024-07-30 16:00:00,179.16000000,179.0720,0.00010000
2024-07-31 00:00:00,183.13000000,183.0460,0.00003184
2024-07-31 00:00:00,183.13000000,183.0460,0.00003184
2024-07-31 08:00:00,180.08000000,180.0180,0.00007743
2024-07-31 08:00:00,180.08000000,180.0180,0.00007743
2024-07-31 16:00:00,171.71000000,171.6320,0.00008931
2024-07-31 16:00:00,171.71000000,171.6320,0.00008931
2024-08-01 00:00:00,168.23000000,168.1610,0.00009291
2024-08-01 00:00:00,168.23000000,168.1610,0.00009291
2024-08-01 08:00:00,162.67000000,162.5660,0.00010000
2024-08-01 08:00:00,162.67000000,162.5660,0.00010000
2024-08-01 16:00:00,167.37000000,167.2940,0.00010000
2024-08-01 16:00:00,167.37000000,167.2940,0.00010000
2024-08-02 00:00:00,161.44000000,161.3230,0.00003639
2024-08-02 00:00:00,161.44000000,161.3230,0.00003639
2024-08-02 16:00:00,152.77000000,152.7110,0.00010000
2024-08-02 16:00:00,152.77000000,152.7110,0.00010000
2024-08-03 00:00:00,151.64000000,151.5830,0.00009802
2024-08-03 00:00:00,151.64000000,151.5830,0.00009802
2024-08-03 08:00:00,146.20000000,146.1110,0.00010000
2024-08-03 08:00:00,146.20000000,146.1110,0.00010000
2024-08-04 00:00:00,140.82000000,140.7990,-0.00001748
2024-08-04 00:00:00,140.82000000,140.7990,-0.00001748
2024-08-04 08:00:00,135.19000000,135.1630,0.00008871
2024-08-04 08:00:00,135.19000000,135.1630,0.00008871
2024-08-04 16:00:00,138.33000000,138.2910,0.00004224
2024-08-04 16:00:00,138.33000000,138.2910,0.00004224
2024-08-05 00:00:00,122.90000000,122.7960,0.00006211
2024-08-05 00:00:00,122.90000000,122.7960,0.00006211
2024-08-05 08:00:00,130.44000000,130.3690,-0.00000757
2024-08-05 08:00:00,130.44000000,130.3690,-0.00000757
2024-08-05 16:00:00,129.78000000,129.7680,0.00000463
2024-08-05 16:00:00,129.78000000,129.7680,0.00000463
2024-08-06 00:00:00,141.98000000,141.8920,0.00008019
2024-08-06 00:00:00,141.98000000,141.8920,0.00008019
2024-08-06 08:00:00,145.90000000,145.8000,-0.00005258
2024-08-06 08:00:00,145.90000000,145.8000,-0.00005258
2024-08-06 16:00:00,144.40000000,144.3280,-0.00000323
2024-08-06 16:00:00,144.40000000,144.3280,-0.00000323
2024-08-07 00:00:00,152.46000000,152.3700,0.00002337
2024-08-07 00:00:00,152.46000000,152.3700,0.00002337
2024-08-07 16:00:00,144.77000000,144.7360,0.00001745
2024-08-07 16:00:00,144.77000000,144.7360,0.00001745
2024-08-08 08:00:00,160.60000000,160.4990,0.00002523
2024-08-08 08:00:00,160.60000000,160.4990,0.00002523
2024-08-08 16:00:00,163.13000000,163.0690,-0.00002941
2024-08-08 16:00:00,163.13000000,163.0690,-0.00002941
2024-08-09 00:00:00,157.92000000,157.8610,0.00003148
2024-08-09 00:00:00,157.92000000,157.8610,0.00003148
2024-08-09 08:00:00,151.13000000,151.0860,0.00001575
2024-08-09 08:00:00,151.13000000,151.0860,0.00001575
2024-08-09 16:00:00,156.28000000,156.1880,0.00002642
2024-08-09 16:00:00,156.28000000,156.1880,0.00002642
2024-08-10 00:00:00,155.43000000,155.3490,-0.00006621
2024-08-10 00:00:00,155.43000000,155.3490,-0.00006621
2024-08-10 08:00:00,153.96000000,153.8810,0.00004285
2024-08-10 08:00:00,153.96000000,153.8810,0.00004285
2024-08-10 16:00:00,154.01000000,153.9320,0.00005146
2024-08-10 16:00:00,154.01000000,153.9320,0.00005146
2024-08-11 00:00:00,156.69000000,156.6210,-0.00003889
2024-08-11 00:00:00,156.69000000,156.6210,-0.00003889
2024-08-11 08:00:00,148.73000000,148.6730,-0.00001620
2024-08-11 08:00:00,148.73000000,148.6730,-0.00001620
2024-08-12 00:00:00,145.94000000,145.8230,0.00009903
2024-08-12 00:00:00,145.94000000,145.8230,0.00009903
2024-08-12 08:00:00,147.58000000,147.4610,0.00000688
2024-08-12 08:00:00,147.58000000,147.4610,0.00000688
2024-08-12 16:00:00,146.29000000,146.2410,-0.00000932
2024-08-12 16:00:00,146.29000000,146.2410,-0.00000932
2024-08-13 00:00:00,145.99000000,145.9480,-0.00000620
2024-08-13 00:00:00,145.99000000,145.9480,-0.00000620
2024-08-13 08:00:00,146.08000000,146.0110,0.00005492
2024-08-13 08:00:00,146.08000000,146.0110,0.00005492
2024-08-13 16:00:00,146.65000000,146.5650,0.00008364
2024-08-13 16:00:00,146.65000000,146.5650,0.00008364
2024-08-14 00:00:00,145.73000000,145.6540,-0.00000010
2024-08-14 00:00:00,145.73000000,145.6540,-0.00000010
2024-08-14 08:00:00,146.70000000,146.6000,0.00002644
2024-08-14 08:00:00,146.70000000,146.6000,0.00002644
2024-08-14 16:00:00,143.71000000,143.6440,0.00000821
2024-08-14 16:00:00,143.71000000,143.6440,0.00000821
2024-08-15 00:00:00,142.51000000,142.4650,0.00000588
2024-08-15 00:00:00,142.51000000,142.4650,0.00000588
2024-08-15 08:00:00,145.95000000,145.8620,0.00004403
2024-08-15 08:00:00,145.95000000,145.8620,0.00004403
2024-08-15 16:00:00,142.58000000,142.5380,-0.00002764
2024-08-15 16:00:00,142.58000000,142.5380,-0.00002764
2024-08-16 00:00:00,144.53000000,144.4650,-0.00006592
2024-08-16 00:00:00,144.53000000,144.4650,-0.00006592
2024-08-16 08:00:00,137.91000000,137.8420,0.00002572
2024-08-16 08:00:00,137.91000000,137.8420,0.00002572
2024-08-16 16:00:00,139.04000000,138.9860,-0.00003407
2024-08-16 16:00:00,139.04000000,138.9860,-0.00003407
2024-08-17 00:00:00,139.45000000,139.3640,0.00002001
2024-08-17 00:00:00,139.45000000,139.3640,0.00002001
2024-08-17 08:00:00,140.18000000,140.1290,-0.00001280
2024-08-17 08:00:00,140.18000000,140.1290,-0.00001280
2024-08-17 16:00:00,141.93000000,141.8300,-0.00000703
2024-08-17 16:00:00,141.93000000,141.8300,-0.00000703
2024-08-18 00:00:00,141.55000000,141.4720,0.00000455
2024-08-18 00:00:00,141.55000000,141.4720,0.00000455
2024-08-18 08:00:00,145.80000000,145.7280,-0.00002019
2024-08-18 08:00:00,145.80000000,145.7280,-0.00002019
2024-08-18 16:00:00,142.42000000,142.3540,-0.00010289
2024-08-18 16:00:00,142.42000000,142.3540,-0.00010289
2024-08-19 00:00:00,142.30000000,142.2170,0.00001862
2024-08-19 00:00:00,142.30000000,142.2170,0.00001862
2024-08-19 08:00:00,143.86000000,143.8010,-0.00000928
2024-08-19 08:00:00,143.86000000,143.8010,-0.00000928
2024-08-20 00:00:00,147.47000000,147.3970,0.00003839
2024-08-20 00:00:00,147.47000000,147.3970,0.00003839
2024-08-20 08:00:00,142.16000000,142.0740,-0.00002960
2024-08-20 08:00:00,142.16000000,142.0740,-0.00002960
2024-08-21 08:00:00,140.36000000,140.2770,0.00000862
2024-08-21 08:00:00,140.36000000,140.2770,0.00000862
2024-08-22 00:00:00,143.33000000,143.2580,0.00000611
2024-08-22 00:00:00,143.33000000,143.2580,0.00000611
2024-08-22 08:00:00,142.63000000,142.5520,0.00006844
2024-08-22 08:00:00,142.63000000,142.5520,0.00006844
2024-08-23 00:00:00,145.15000000,145.0990,0.00004556
2024-08-23 00:00:00,145.15000000,145.0990,0.00004556
2024-08-23 08:00:00,144.40000000,144.3380,0.00004050
2024-08-23 08:00:00,144.40000000,144.3380,0.00004050
2024-08-23 16:00:00,153.26000000,153.2280,-0.00004648
2024-08-23 16:00:00,153.26000000,153.2280,-0.00004648
2024-08-24 00:00:00,154.61000000,154.5400,0.00007101
2024-08-24 00:00:00,154.61000000,154.5400,0.00007101
2024-08-24 16:00:00,160.67000000,160.5580,0.00006232
2024-08-24 16:00:00,160.67000000,160.5580,0.00006232
2024-08-25 00:00:00,156.12000000,156.0610,0.00009763
2024-08-25 00:00:00,156.12000000,156.0610,0.00009763
2024-08-25 08:00:00,159.35000000,159.3000,0.00010000
2024-08-25 08:00:00,159.35000000,159.3000,0.00010000
2024-08-25 16:00:00,158.92000000,158.8800,-0.00001338
2024-08-25 16:00:00,158.92000000,158.8800,-0.00001338
2024-08-26 00:00:00,159.11000000,159.0390,0.00001048
2024-08-26 00:00:00,159.11000000,159.0390,0.00001048
2024-08-26 16:00:00,157.12000000,157.0520,0.00002054
2024-08-26 16:00:00,157.12000000,157.0520,0.00002054
2024-08-27 08:00:00,153.75000000,153.6980,0.00004402
2024-08-27 08:00:00,153.75000000,153.6980,0.00004402
2024-08-27 16:00:00,146.79000000,146.7270,0.00005909
2024-08-27 16:00:00,146.79000000,146.7270,0.00005909
2024-08-28 00:00:00,143.97000000,143.9180,-0.00001779
2024-08-28 00:00:00,143.97000000,143.9180,-0.00001779
2024-08-28 08:00:00,144.11000000,144.0410,0.00001753
2024-08-28 08:00:00,144.11000000,144.0410,0.00001753
2024-08-29 00:00:00,144.66000000,144.5800,-0.00001723
2024-08-29 00:00:00,144.66000000,144.5800,-0.00001723
2024-08-29 16:00:00,140.00000000,139.9480,-0.00009711
2024-08-29 16:00:00,140.00000000,139.9480,-0.00009711
2024-08-30 00:00:00,139.02000000,138.9220,-0.00003891
2024-08-30 00:00:00,139.02000000,138.9220,-0.00003891
2024-08-30 08:00:00,133.32000000,133.2600,0.00003115
2024-08-30 08:00:00,133.32000000,133.2600,0.00003115
2024-08-30 16:00:00,137.99000000,137.9210,-0.00005690
2024-08-30 16:00:00,137.99000000,137.9210,-0.00005690
2024-08-31 00:00:00,137.59000000,137.5470,-0.00006239
2024-08-31 00:00:00,137.59000000,137.5470,-0.00006239
2024-08-31 08:00:00,136.63000000,136.5700,0.00004900
2024-08-31 08:00:00,136.63000000,136.5700,0.00004900
2024-08-31 16:00:00,135.35000000,135.2660,0.00001853
2024-08-31 16:00:00,135.35000000,135.2660,0.00001853
2024-09-01 00:00:00,132.81000000,132.7400,-0.00000959
2024-09-01 00:00:00,132.81000000,132.7400,-0.00000959
2024-09-01 16:00:00,128.50000000,128.4110,-0.00002877
2024-09-01 16:00:00,128.50000000,128.4110,-0.00002877
2024-09-02 16:00:00,134.94000000,134.8650,-0.00005556
2024-09-02 16:00:00,134.94000000,134.8650,-0.00005556
2024-09-03 00:00:00,134.60000000,134.5240,-0.00008288
2024-09-03 00:00:00,134.60000000,134.5240,-0.00008288
2024-09-03 16:00:00,127.54000000,127.5060,0.00005362
2024-09-03 16:00:00,127.54000000,127.5060,0.00005362
2024-09-04 00:00:00,130.30000000,130.2410,0.00008904
2024-09-04 00:00:00,130.30000000,130.2410,0.00008904
2024-09-04 08:00:00,133.83000000,133.7190,-0.00001300
2024-09-04 08:00:00,133.83000000,133.7190,-0.00001300
2024-09-04 16:00:00,133.64000000,133.5640,0.00003561
2024-09-04 16:00:00,133.64000000,133.5640,0.00003561
2024-09-05 00:00:00,133.10000000,133.0420,0.00006659
2024-09-05 00:00:00,133.10000000,133.0420,0.00006659
2024-09-05 08:00:00,130.61000000,130.5170,0.00005123
2024-09-05 08:00:00,130.61000000,130.5170,0.00005123
2024-09-06 00:00:00,128.09000000,128.0540,0.00005678
2024-09-06 00:00:00,128.09000000,128.0540,0.00005678
2024-09-06 16:00:00,125.05000000,124.9590,-0.00001324
2024-09-06 16:00:00,125.05000000,124.9590,-0.00001324
2024-09-07 00:00:00,127.62000000,127.5560,-0.00002225
2024-09-07 00:00:00,127.62000000,127.5560,-0.00002225
2024-09-07 08:00:00,128.84000000,128.7500,-0.00002317
2024-09-07 08:00:00,128.84000000,128.7500,-0.00002317
2024-09-07 16:00:00,127.71000000,127.6560,0.00000599
2024-09-07 16:00:00,127.71000000,127.6560,0.00000599
2024-09-08 00:00:00,129.59000000,129.5490,0.00008148
2024-09-08 00:00:00,129.59000000,129.5490,0.00008148
2024-09-08 08:00:00,126.74000000,126.7110,0.00006264
2024-09-08 08:00:00,126.74000000,126.7110,0.00006264
2024-09-08 16:00:00,130.15000000,130.0730,0.00006412
2024-09-08 16:00:00,130.15000000,130.0730,0.00006412
2024-09-09 00:00:00,129.31000000,129.2210,0.00003966
2024-09-09 00:00:00,129.31000000,129.2210,0.00003966
2024-09-09 08:00:00,128.41000000,128.3390,-0.00005564
2024-09-09 08:00:00,128.41000000,128.3390,-0.00005564
2024-09-10 00:00:00,134.96000000,134.8850,0.00009587
2024-09-10 00:00:00,134.96000000,134.8850,0.00009587
2024-09-10 08:00:00,134.14000000,134.0480,-0.00001672
2024-09-10 08:00:00,134.14000000,134.0480,-0.00001672
2024-09-10 16:00:00,135.63000000,135.5630,0.00002349
2024-09-10 16:00:00,135.63000000,135.5630,0.00002349
2024-09-11 00:00:00,132.45000000,132.3380,-0.00006617
2024-09-11 00:00:00,132.45000000,132.3380,-0.00006617
2024-09-11 08:00:00,131.17000000,131.1140,-0.00001813
2024-09-11 08:00:00,131.17000000,131.1140,-0.00001813
2024-09-11 16:00:00,132.42000000,132.3460,-0.00002041
2024-09-11 16:00:00,132.42000000,132.3460,-0.00002041
2024-09-12 00:00:00,134.90000000,134.8310,-0.00002810
2024-09-12 00:00:00,134.90000000,134.8310,-0.00002810
2024-09-12 08:00:00,133.56000000,133.4990,-0.00000860
2024-09-12 08:00:00,133.56000000,133.4990,-0.00000860
2024-09-12 16:00:00,136.05000000,135.9970,0.00001320
2024-09-12 16:00:00,136.05000000,135.9970,0.00001320
2024-09-13 00:00:00,134.58000000,134.5260,0.00002638
2024-09-13 00:00:00,134.58000000,134.5260,0.00002638
2024-09-14 00:00:00,137.51000000,137.4380,-0.00000120
2024-09-14 00:00:00,137.51000000,137.4380,-0.00000120
2024-09-14 08:00:00,137.39000000,137.3120,0.00003207
2024-09-14 08:00:00,137.39000000,137.3120,0.00003207
2024-09-15 00:00:00,137.16000000,137.1000,0.00001401
2024-09-15 00:00:00,137.16000000,137.1000,0.00001401
2024-09-15 08:00:00,135.76000000,135.6860,0.00000107
2024-09-15 08:00:00,135.76000000,135.6860,0.00000107
2024-09-15 16:00:00,131.37000000,131.3190,0.00001278
2024-09-15 16:00:00,131.37000000,131.3190,0.00001278
2024-09-16 00:00:00,131.25000000,131.1780,0.00001892
2024-09-16 00:00:00,131.25000000,131.1780,0.00001892
2024-09-16 16:00:00,131.47000000,131.4120,0.00007164
2024-09-16 16:00:00,131.47000000,131.4120,0.00007164
2024-09-17 08:00:00,134.67000000,134.6050,0.00002206
2024-09-17 08:00:00,134.67000000,134.6050,0.00002206
2024-09-17 16:00:00,131.54000000,131.4670,0.00002153
2024-09-17 16:00:00,131.54000000,131.4670,0.00002153
2024-09-18 00:00:00,131.35000000,131.2600,-0.00000161
2024-09-18 00:00:00,131.35000000,131.2600,-0.00000161
2024-09-18 08:00:00,127.67000000,127.6180,-0.00003792
2024-09-18 08:00:00,127.67000000,127.6180,-0.00003792
2024-09-19 00:00:00,138.56000000,138.5110,0.00006423
2024-09-19 00:00:00,138.56000000,138.5110,0.00006423
2024-09-19 08:00:00,142.96000000,142.8930,0.00008771
2024-09-19 08:00:00,142.96000000,142.8930,0.00008771
2024-09-20 00:00:00,151.04000000,151.0230,0.00010000
2024-09-20 00:00:00,151.04000000,151.0230,0.00010000
2024-09-20 16:00:00,146.66000000,146.6270,0.00010000
2024-09-20 16:00:00,146.66000000,146.6270,0.00010000
2024-09-21 08:00:00,147.64000000,147.5600,0.00010000
2024-09-21 08:00:00,147.64000000,147.5600,0.00010000
2024-09-21 16:00:00,149.41000000,149.3720,0.00004074
2024-09-21 16:00:00,149.41000000,149.3720,0.00004074
2024-09-22 00:00:00,147.17000000,147.1480,0.00010000
2024-09-22 00:00:00,147.17000000,147.1480,0.00010000
2024-09-22 08:00:00,143.13000000,143.0600,0.00007587
2024-09-22 08:00:00,143.13000000,143.0600,0.00007587
2024-09-22 16:00:00,144.63000000,144.5870,0.00001979
2024-09-22 16:00:00,144.63000000,144.5870,0.00001979
2024-09-23 00:00:00,145.52000000,145.4180,-0.00004401
2024-09-23 00:00:00,145.52000000,145.4180,-0.00004401
2024-09-23 08:00:00,144.21000000,144.1230,0.00005545
2024-09-23 08:00:00,144.21000000,144.1230,0.00005545
2024-09-23 16:00:00,144.79000000,144.6910,-0.00002612
2024-09-23 16:00:00,144.79000000,144.6910,-0.00002612
2024-09-24 00:00:00,147.19000000,147.1420,0.00004827
2024-09-24 00:00:00,147.19000000,147.1420,0.00004827
2024-09-24 08:00:00,145.52000000,145.4670,0.00006920
2024-09-24 08:00:00,145.52000000,145.4670,0.00006920
2024-09-25 00:00:00,149.77000000,149.7260,0.00010000
2024-09-25 00:00:00,149.77000000,149.7260,0.00010000
2024-09-25 16:00:00,147.98000000,147.8800,0.00005783
2024-09-25 16:00:00,147.98000000,147.8800,0.00005783
2024-09-26 08:00:00,157.11000000,157.0950,0.00006697
2024-09-26 08:00:00,157.11000000,157.0950,0.00006697
2024-09-26 16:00:00,155.55000000,155.4800,0.00010000
2024-09-26 16:00:00,155.55000000,155.4800,0.00010000
2024-09-27 00:00:00,157.47000000,157.3990,0.00010000
2024-09-27 00:00:00,157.47000000,157.3990,0.00010000
2024-09-27 08:00:00,159.03000000,158.9960,0.00000981
2024-09-27 08:00:00,159.03000000,158.9960,0.00000981
2024-09-27 16:00:00,157.64000000,157.5910,0.00010000
2024-09-27 16:00:00,157.64000000,157.5910,0.00010000
2024-09-28 00:00:00,156.39000000,156.3250,0.00010000
2024-09-28 00:00:00,156.39000000,156.3250,0.00010000
2024-09-28 16:00:00,156.75000000,156.6820,0.00010000
2024-09-28 16:00:00,156.75000000,156.6820,0.00010000
2024-09-29 08:00:00,157.28000000,157.2100,0.00010000
2024-09-29 08:00:00,157.28000000,157.2100,0.00010000
2024-09-29 16:00:00,158.46000000,158.3850,0.00010000
2024-09-29 16:00:00,158.46000000,158.3850,0.00010000
2024-09-30 00:00:00,156.86000000,156.8120,0.00010000
2024-09-30 00:00:00,156.86000000,156.8120,0.00010000
2024-09-30 16:00:00,152.49000000,152.4280,0.00010000
2024-09-30 16:00:00,152.49000000,152.4280,0.00010000
2024-10-01 00:00:00,156.79000000,156.7570,0.00010000
2024-10-01 00:00:00,156.79000000,156.7570,0.00010000
2024-10-01 08:00:00,149.61000000,149.5260,0.00010000
2024-10-01 08:00:00,149.61000000,149.5260,0.00010000
2024-10-02 00:00:00,147.75000000,147.6720,0.00010000
2024-10-02 00:00:00,147.75000000,147.6720,0.00010000
2024-10-02 08:00:00,147.46000000,147.3670,0.00001306
2024-10-02 08:00:00,147.46000000,147.3670,0.00001306
2024-10-02 16:00:00,140.18000000,140.0820,0.00007012
2024-10-02 16:00:00,140.18000000,140.0820,0.00007012
2024-10-03 00:00:00,139.90000000,139.8400,0.00000107
2024-10-03 00:00:00,139.90000000,139.8400,0.00000107
2024-10-03 08:00:00,135.58000000,135.4990,0.00005138
2024-10-03 08:00:00,135.58000000,135.4990,0.00005138
2024-10-03 16:00:00,136.82000000,136.7330,-0.00000381
2024-10-03 16:00:00,136.82000000,136.7330,-0.00000381
2024-10-04 00:00:00,139.56000000,139.4640,0.00003715
2024-10-04 00:00:00,139.56000000,139.4640,0.00003715
2024-10-04 08:00:00,142.43000000,142.3640,-0.00004939
2024-10-04 08:00:00,142.43000000,142.3640,-0.00004939
2024-10-05 00:00:00,143.80000000,143.7640,0.00005818
2024-10-05 00:00:00,143.80000000,143.7640,0.00005818
2024-10-05 08:00:00,142.90000000,142.8140,0.00009502
2024-10-05 08:00:00,142.90000000,142.8140,0.00009502
2024-10-05 16:00:00,142.59000000,142.5380,0.00000449
2024-10-05 16:00:00,142.59000000,142.5380,0.00000449
2024-10-06 00:00:00,142.97000000,142.9260,0.00010000
2024-10-06 00:00:00,142.97000000,142.9260,0.00010000
2024-10-06 16:00:00,146.48000000,146.4120,0.00003507
2024-10-06 16:00:00,146.48000000,146.4120,0.00003507
2024-10-07 00:00:00,148.02000000,147.9820,0.00003973
2024-10-07 00:00:00,148.02000000,147.9820,0.00003973
2024-10-07 08:00:00,148.71000000,148.6250,0.00007543
2024-10-07 08:00:00,148.71000000,148.6250,0.00007543
2024-10-08 00:00:00,143.08000000,143.0200,0.00000039
2024-10-08 00:00:00,143.08000000,143.0200,0.00000039
2024-10-08 08:00:00,142.80000000,142.7280,0.00010000
2024-10-08 08:00:00,142.80000000,142.7280,0.00010000
2024-10-08 16:00:00,143.49000000,143.4170,-0.00002549
2024-10-08 16:00:00,143.49000000,143.4170,-0.00002549
2024-10-09 00:00:00,143.17000000,143.1000,0.00000884
2024-10-09 00:00:00,143.17000000,143.1000,0.00000884
2024-10-09 08:00:00,142.83000000,142.7280,-0.00003713
2024-10-09 08:00:00,142.83000000,142.7280,-0.00003713
2024-10-09 16:00:00,139.33000000,139.2660,0.00010000
2024-10-09 16:00:00,139.33000000,139.2660,0.00010000
2024-10-10 00:00:00,139.69000000,139.6200,0.00010000
2024-10-10 00:00:00,139.69000000,139.6200,0.00010000
2024-10-10 08:00:00,138.67000000,138.5980,-0.00003657
2024-10-10 08:00:00,138.67000000,138.5980,-0.00003657
2024-10-10 16:00:00,139.03000000,138.9630,0.00005098
2024-10-10 16:00:00,139.03000000,138.9630,0.00005098
2024-10-11 00:00:00,141.17000000,141.1090,0.00000545
2024-10-11 00:00:00,141.17000000,141.1090,0.00000545
2024-10-11 08:00:00,144.41000000,144.3030,0.00000289
2024-10-11 08:00:00,144.41000000,144.3030,0.00000289
2024-10-12 00:00:00,145.58000000,145.4820,-0.00003249
2024-10-12 00:00:00,145.58000000,145.4820,-0.00003249
2024-10-12 16:00:00,146.40000000,146.3180,-0.00004766
2024-10-12 16:00:00,146.40000000,146.3180,-0.00004766
2024-10-13 00:00:00,146.42000000,146.3780,0.00000522
2024-10-13 00:00:00,146.42000000,146.3780,0.00000522
2024-10-13 08:00:00,145.34000000,145.2620,0.00005938
2024-10-13 08:00:00,145.34000000,145.2620,0.00005938
2024-10-13 16:00:00,147.74000000,147.6450,0.00005394
2024-10-13 16:00:00,147.74000000,147.6450,0.00005394
2024-10-14 00:00:00,153.04000000,152.9500,0.00001631
2024-10-14 00:00:00,153.04000000,152.9500,0.00001631
2024-10-14 08:00:00,156.71000000,156.6500,0.00007203
2024-10-14 08:00:00,156.71000000,156.6500,0.00007203
2024-10-14 16:00:00,157.59000000,157.5200,0.00007332
2024-10-14 16:00:00,157.59000000,157.5200,0.00007332
2024-10-15 00:00:00,155.13000000,155.0600,0.00010000
2024-10-15 00:00:00,155.13000000,155.0600,0.00010000
2024-10-15 08:00:00,153.29000000,153.2300,0.00010000
2024-10-15 08:00:00,153.29000000,153.2300,0.00010000
2024-10-15 16:00:00,154.76000000,154.6900,0.00010000
2024-10-15 16:00:00,154.76000000,154.6900,0.00010000
2024-10-16 00:00:00,153.67000000,153.5800,0.00006943
2024-10-16 00:00:00,153.67000000,153.5800,0.00006943
2024-10-16 16:00:00,154.28000000,154.1900,0.00009905
2024-10-16 16:00:00,154.28000000,154.1900,0.00009905
2024-10-17 00:00:00,152.61000000,152.5300,0.00004579
2024-10-17 00:00:00,152.61000000,152.5300,0.00004579
2024-10-17 08:00:00,152.89000000,152.8200,0.00009905
2024-10-17 08:00:00,152.89000000,152.8200,0.00009905
2024-10-18 16:00:00,154.94000000,154.8600,0.00009885
2024-10-18 16:00:00,154.94000000,154.8600,0.00009885
2024-10-19 00:00:00,154.56000000,154.4700,0.00003918
2024-10-19 00:00:00,154.56000000,154.4700,0.00003918
2024-10-19 08:00:00,156.51000000,156.4100,0.00005265
2024-10-19 08:00:00,156.51000000,156.4100,0.00005265
2024-10-19 16:00:00,159.79000000,159.7000,0.00007269
2024-10-19 16:00:00,159.79000000,159.7000,0.00007269
2024-10-20 00:00:00,158.78000000,158.7200,0.00010000
2024-10-20 00:00:00,158.78000000,158.7200,0.00010000
2024-10-20 08:00:00,160.01000000,159.9300,0.00004903
2024-10-20 08:00:00,160.01000000,159.9300,0.00004903
2024-10-20 16:00:00,167.40000000,167.4200,0.00007010
2024-10-20 16:00:00,167.40000000,167.4200,0.00007010
2024-10-21 00:00:00,168.64000000,168.7200,0.00010000
2024-10-21 00:00:00,168.64000000,168.7200,0.00010000
2024-10-21 08:00:00,165.27000000,165.3600,0.00010000
2024-10-21 08:00:00,165.27000000,165.3600,0.00010000
2024-10-21 16:00:00,166.17000000,166.1300,0.00010000
2024-10-21 16:00:00,166.17000000,166.1300,0.00010000
2024-10-22 00:00:00,167.11000000,167.1100,0.00010000
2024-10-22 00:00:00,167.11000000,167.1100,0.00010000
2024-10-22 08:00:00,167.78000000,167.7500,0.00010000
2024-10-22 08:00:00,167.78000000,167.7500,0.00010000
2024-10-22 16:00:00,167.59000000,167.5600,0.00010000
2024-10-22 16:00:00,167.59000000,167.5600,0.00010000
2024-10-23 00:00:00,165.74000000,165.6700,0.00010000
2024-10-23 00:00:00,165.74000000,165.6700,0.00010000
2024-10-23 08:00:00,168.13000000,168.0700,0.00010000
2024-10-23 08:00:00,168.13000000,168.0700,0.00010000
2024-10-23 16:00:00,170.85000000,170.8100,0.00010000
2024-10-23 16:00:00,170.85000000,170.8100,0.00010000
2024-10-24 00:00:00,173.56000000,173.5000,0.00010000
2024-10-24 00:00:00,173.56000000,173.5000,0.00010000
2024-10-24 08:00:00,175.43000000,175.3600,0.00010000
2024-10-24 08:00:00,175.43000000,175.3600,0.00010000
2024-10-24 16:00:00,177.19000000,177.1000,0.00010000
2024-10-24 16:00:00,177.19000000,177.1000,0.00010000
2024-10-25 00:00:00,171.90000000,171.8500,0.00010000
2024-10-25 00:00:00,171.90000000,171.8500,0.00010000
2024-10-25 08:00:00,172.45000000,172.3500,0.00010000
2024-10-25 08:00:00,172.45000000,172.3500,0.00010000
2024-10-25 16:00:00,164.90000000,164.8000,0.00003160
2024-10-25 16:00:00,164.90000000,164.8000,0.00003160
2024-10-26 00:00:00,167.35000000,167.2500,0.00005848
2024-10-26 00:00:00,167.35000000,167.2500,0.00005848
2024-10-26 16:00:00,170.88000000,170.8100,0.00010000
2024-10-26 16:00:00,170.88000000,170.8100,0.00010000
2024-10-27 00:00:00,173.27000000,173.1700,0.00010000
2024-10-27 00:00:00,173.27000000,173.1700,0.00010000
2024-10-27 08:00:00,175.77000000,175.7100,0.00004801
2024-10-27 08:00:00,175.77000000,175.7100,0.00004801
2024-10-27 16:00:00,176.63000000,176.5800,-0.00001684
2024-10-27 16:00:00,176.63000000,176.5800,-0.00001684
2024-10-28 00:00:00,175.69000000,175.5900,0.00008656
2024-10-28 00:00:00,175.69000000,175.5900,0.00008656
2024-10-28 16:00:00,178.29000000,178.2000,0.00002332
2024-10-28 16:00:00,178.29000000,178.2000,0.00002332
2024-10-29 00:00:00,180.16000000,180.1300,0.00010000
2024-10-29 00:00:00,180.16000000,180.1300,0.00010000
2024-10-29 08:00:00,180.61000000,180.5400,0.00010000
2024-10-29 08:00:00,180.61000000,180.5400,0.00010000
2024-10-30 00:00:00,178.69000000,178.7100,0.00010000
2024-10-30 00:00:00,178.69000000,178.7100,0.00010000
2024-10-30 08:00:00,173.93000000,173.9300,0.00010000
2024-10-30 08:00:00,173.93000000,173.9300,0.00010000
2024-10-31 00:00:00,174.50000000,174.4900,0.00010000
2024-10-31 00:00:00,174.50000000,174.4900,0.00010000
2024-10-31 08:00:00,170.65000000,170.6000,0.00010000
2024-10-31 08:00:00,170.65000000,170.6000,0.00010000
2024-10-31 16:00:00,168.69000000,168.6200,0.00010000
2024-10-31 16:00:00,168.69000000,168.6200,0.00010000
2024-11-01 00:00:00,165.96000000,165.9300,0.00010000
2024-11-01 00:00:00,165.96000000,165.9300,0.00010000
2024-11-01 08:00:00,164.09000000,164.0000,0.00010000
2024-11-01 08:00:00,164.09000000,164.0000,0.00010000
2024-11-01 16:00:00,166.10000000,166.0100,0.00010000
2024-11-01 16:00:00,166.10000000,166.0100,0.00010000
2024-11-02 00:00:00,167.64000000,167.5400,0.00006813
2024-11-02 00:00:00,167.64000000,167.5400,0.00006813
2024-11-02 08:00:00,163.82000000,163.7300,0.00009387
2024-11-02 08:00:00,163.82000000,163.7300,0.00009387
2024-11-02 16:00:00,166.17000000,166.0900,0.00006900
2024-11-02 16:00:00,166.17000000,166.0900,0.00006900
2024-11-03 00:00:00,163.53000000,163.4700,0.00003980
2024-11-03 00:00:00,163.53000000,163.4700,0.00003980
2024-11-03 08:00:00,159.99000000,159.8700,0.00003241
2024-11-03 08:00:00,159.99000000,159.8700,0.00003241
2024-11-03 16:00:00,162.53000000,162.4400,0.00008014
2024-11-03 16:00:00,162.53000000,162.4400,0.00008014
2024-11-04 00:00:00,161.41000000,161.3200,0.00004818
2024-11-04 00:00:00,161.41000000,161.3200,0.00004818
2024-11-04 08:00:00,163.03000000,162.9700,0.00006725
2024-11-04 08:00:00,163.03000000,162.9700,0.00006725
2024-11-04 16:00:00,157.95000000,157.8700,0.00006216
2024-11-04 16:00:00,157.95000000,157.8700,0.00006216
2024-11-05 00:00:00,162.04000000,161.9200,0.00005868
2024-11-05 00:00:00,162.04000000,161.9200,0.00005868
2024-11-06 00:00:00,183.83000000,184.0800,-0.00001892
2024-11-06 00:00:00,183.83000000,184.0800,-0.00001892
2024-11-06 08:00:00,185.51000000,185.5700,0.00010000
2024-11-06 08:00:00,185.51000000,185.5700,0.00010000
2024-11-06 16:00:00,186.59000000,186.6100,0.00010000
2024-11-06 16:00:00,186.59000000,186.6100,0.00010000
2024-11-07 00:00:00,188.01000000,188.0800,0.00010000
2024-11-07 00:00:00,188.01000000,188.0800,0.00010000
2024-11-07 08:00:00,192.66000000,192.7400,0.00010000
2024-11-07 08:00:00,192.66000000,192.7400,0.00010000
2024-11-07 16:00:00,196.35000000,196.4700,0.00010000
2024-11-07 16:00:00,196.35000000,196.4700,0.00010000
2024-11-08 00:00:00,200.38000000,200.5000,0.00010000
2024-11-08 00:00:00,200.38000000,200.5000,0.00010000
2024-11-08 08:00:00,200.99000000,201.0100,0.00010000
2024-11-08 08:00:00,200.99000000,201.0100,0.00010000
2024-11-08 16:00:00,199.85000000,199.9200,0.00010000
2024-11-08 16:00:00,199.85000000,199.9200,0.00010000
2024-11-09 00:00:00,200.26000000,200.3100,0.00010000
2024-11-09 00:00:00,200.26000000,200.3100,0.00010000
2024-11-09 08:00:00,198.40000000,198.4000,0.00010000
2024-11-09 08:00:00,198.40000000,198.4000,0.00010000
2024-11-09 16:00:00,199.89000000,199.9400,0.00010000
2024-11-09 16:00:00,199.89000000,199.9400,0.00010000
2024-11-10 00:00:00,205.06000000,205.0800,0.00010000
2024-11-10 00:00:00,205.06000000,205.0800,0.00010000
2024-11-10 08:00:00,212.23000000,212.5600,0.00019071
2024-11-10 08:00:00,212.23000000,212.5600,0.00019071
2024-11-10 16:00:00,210.07000000,210.2900,0.00041975
2024-11-10 16:00:00,210.07000000,210.2900,0.00041975
2024-11-11 08:00:00,219.00000000,219.1800,0.00011081
2024-11-11 08:00:00,219.00000000,219.1800,0.00011081
2024-11-11 16:00:00,222.13000000,222.3300,0.00022373
2024-11-11 16:00:00,222.13000000,222.3300,0.00022373
2024-11-12 08:00:00,210.53000000,210.6500,0.00043733
2024-11-12 08:00:00,210.53000000,210.6500,0.00043733
2024-11-12 16:00:00,211.64000000,211.7700,0.00048819
2024-11-12 16:00:00,211.64000000,211.7700,0.00048819
2024-11-13 00:00:00,205.22000000,205.3700,0.00032823
2024-11-13 00:00:00,205.22000000,205.3700,0.00032823
2024-11-13 16:00:00,215.13000000,215.2800,0.00022016
2024-11-13 16:00:00,215.13000000,215.2800,0.00022016
2024-11-14 08:00:00,210.84000000,211.0200,0.00022462
2024-11-14 08:00:00,210.84000000,211.0200,0.00022462
2024-11-14 16:00:00,209.57000000,209.6500,0.00010000
2024-11-14 16:00:00,209.57000000,209.6500,0.00010000
2024-11-15 00:00:00,209.18000000,209.2900,0.00010000
2024-11-15 00:00:00,209.18000000,209.2900,0.00010000
2024-11-15 08:00:00,208.32000000,208.3200,0.00010000
2024-11-15 08:00:00,208.32000000,208.3200,0.00010000
2024-11-15 16:00:00,218.45000000,218.6800,0.00010000
2024-11-15 16:00:00,218.45000000,218.6800,0.00010000
2024-11-16 16:00:00,215.71000000,215.8700,0.00016028
2024-11-16 16:00:00,215.71000000,215.8700,0.00016028
2024-11-17 00:00:00,237.23000000,237.5000,0.00010000
2024-11-17 00:00:00,237.23000000,237.5000,0.00010000
2024-11-17 08:00:00,233.96000000,234.1100,0.00044518
2024-11-17 08:00:00,233.96000000,234.1100,0.00044518
2024-11-18 00:00:00,242.05000000,242.2200,0.00023762
2024-11-18 00:00:00,242.05000000,242.2200,0.00023762
2024-11-18 08:00:00,243.33000000,243.5300,0.00016530
2024-11-18 08:00:00,243.33000000,243.5300,0.00016530
2024-11-18 16:00:00,239.79000000,239.9600,0.00022130
2024-11-18 16:00:00,239.79000000,239.9600,0.00022130
2024-11-19 00:00:00,243.32000000,243.4900,0.00022018
2024-11-19 00:00:00,243.32000000,243.4900,0.00022018
2024-11-19 08:00:00,240.58000000,240.6800,0.00019184
2024-11-19 08:00:00,240.58000000,240.6800,0.00019184
2024-11-19 16:00:00,237.63000000,237.6900,0.00012644
2024-11-19 16:00:00,237.63000000,237.6900,0.00012644
2024-11-20 08:00:00,238.37000000,238.3500,0.00010000
2024-11-20 08:00:00,238.37000000,238.3500,0.00010000
2024-11-20 16:00:00,235.48000000,235.4700,0.00010000
2024-11-20 16:00:00,235.48000000,235.4700,0.00010000
2024-11-21 08:00:00,248.86000000,249.0300,0.00010000
2024-11-21 08:00:00,248.86000000,249.0300,0.00010000
2024-11-22 00:00:00,259.22000000,259.3900,0.00043945
2024-11-22 00:00:00,259.22000000,259.3900,0.00043945
2024-11-22 08:00:00,256.38000000,256.5600,0.00022593
2024-11-22 08:00:00,256.38000000,256.5600,0.00022593
2024-11-23 00:00:00,258.26000000,258.4500,0.00010000
2024-11-23 00:00:00,258.26000000,258.4500,0.00010000
2024-11-23 08:00:00,259.71000000,259.9400,0.00028946
2024-11-23 08:00:00,259.71000000,259.9400,0.00028946
2024-11-23 16:00:00,254.89000000,255.0700,0.00025577
2024-11-23 16:00:00,254.89000000,255.0700,0.00025577
2024-11-24 08:00:00,244.17000000,244.4000,0.00033189
2024-11-24 08:00:00,244.17000000,244.4000,0.00033189
2024-11-24 16:00:00,252.73000000,252.9400,0.00025244
2024-11-24 16:00:00,252.73000000,252.9400,0.00025244
2024-11-25 00:00:00,253.28000000,253.4700,0.00014445
2024-11-25 00:00:00,253.28000000,253.4700,0.00014445
2024-11-25 08:00:00,244.97000000,245.0800,0.00019888
2024-11-25 08:00:00,244.97000000,245.0800,0.00019888
2024-11-25 16:00:00,234.18000000,234.2900,0.00010485
2024-11-25 16:00:00,234.18000000,234.2900,0.00010485
2024-11-26 00:00:00,235.73000000,235.8300,0.00010000
2024-11-26 00:00:00,235.73000000,235.8300,0.00010000
2024-11-26 08:00:00,227.36000000,227.3800,0.00010000
2024-11-26 08:00:00,227.36000000,227.3800,0.00010000
2024-11-26 16:00:00,230.69000000,230.7300,0.00010000
2024-11-26 16:00:00,230.69000000,230.7300,0.00010000
2024-11-27 00:00:00,234.34000000,234.3100,0.00010000
2024-11-27 00:00:00,234.34000000,234.3100,0.00010000
2024-11-27 08:00:00,240.59000000,240.5900,0.00010000
2024-11-27 08:00:00,240.59000000,240.5900,0.00010000
2024-11-28 00:00:00,238.02000000,238.0600,0.00010000
2024-11-28 00:00:00,238.02000000,238.0600,0.00010000
2024-11-28 08:00:00,233.06000000,233.0600,0.00010000
2024-11-28 08:00:00,233.06000000,233.0600,0.00010000
2024-11-28 16:00:00,237.59000000,237.6000,0.00010000
2024-11-28 16:00:00,237.59000000,237.6000,0.00010000
2024-11-29 00:00:00,237.65000000,237.6700,0.00010000
2024-11-29 00:00:00,237.65000000,237.6700,0.00010000
2024-11-29 08:00:00,243.50000000,243.5800,0.00010000
2024-11-29 08:00:00,243.50000000,243.5800,0.00010000
2024-11-29 16:00:00,243.33000000,243.4400,0.00010000
2024-11-29 16:00:00,243.33000000,243.4400,0.00010000
2024-11-30 00:00:00,244.23000000,244.3700,0.00010000
2024-11-30 00:00:00,244.23000000,244.3700,0.00010000
2024-11-30 08:00:00,239.87000000,240.0000,0.00010000
2024-11-30 08:00:00,239.87000000,240.0000,0.00010000
2024-11-30 16:00:00,237.60000000,237.7300,0.00010000
2024-11-30 16:00:00,237.60000000,237.7300,0.00010000
2024-12-01 00:00:00,235.46000000,235.6500,0.00011575
2024-12-01 00:00:00,235.46000000,235.6500,0.00011575
2024-12-01 08:00:00,238.50000000,238.6800,0.00010000
2024-12-01 08:00:00,238.50000000,238.6800,0.00010000
2024-12-01 16:00:00,236.80000000,237.0600,0.00021606
2024-12-01 16:00:00,236.80000000,237.0600,0.00021606
2024-12-02 16:00:00,225.72000000,225.8800,0.00026772
2024-12-02 16:00:00,225.72000000,225.8800,0.00026772
2024-12-03 00:00:00,226.92000000,227.1200,0.00032728
2024-12-03 00:00:00,226.92000000,227.1200,0.00032728
2024-12-03 08:00:00,223.22000000,223.4500,0.00031454
2024-12-03 08:00:00,223.22000000,223.4500,0.00031454
2024-12-03 16:00:00,233.92000000,234.1000,0.00030312
2024-12-03 16:00:00,233.92000000,234.1000,0.00030312
2024-12-04 00:00:00,236.58000000,236.8500,0.00035501
2024-12-04 00:00:00,236.58000000,236.8500,0.00035501
2024-12-04 08:00:00,233.72000000,233.9800,0.00023264
2024-12-04 08:00:00,233.72000000,233.9800,0.00023264
2024-12-04 16:00:00,229.15000000,229.3200,0.00036215
2024-12-04 16:00:00,229.15000000,229.3200,0.00036215
2024-12-05 08:00:00,239.06000000,239.2400,0.00055995
2024-12-05 08:00:00,239.06000000,239.2400,0.00055995
2024-12-05 16:00:00,235.84000000,236.0500,0.00050910
2024-12-05 16:00:00,235.84000000,236.0500,0.00050910
2024-12-06 00:00:00,239.30000000,239.5000,0.00032251
2024-12-06 00:00:00,239.30000000,239.5000,0.00032251
2024-12-06 08:00:00,238.02000000,238.2000,0.00032302
2024-12-06 08:00:00,238.02000000,238.2000,0.00032302
2024-12-06 16:00:00,236.87000000,237.0800,0.00012425
2024-12-06 16:00:00,236.87000000,237.0800,0.00012425
2024-12-07 00:00:00,236.21000000,236.3700,0.00041557
2024-12-07 00:00:00,236.21000000,236.3700,0.00041557
2024-12-07 08:00:00,240.84000000,241.0200,0.00034529
2024-12-07 08:00:00,240.84000000,241.0200,0.00034529
2024-12-07 16:00:00,238.14000000,238.3000,0.00038467
2024-12-07 16:00:00,238.14000000,238.3000,0.00038467
2024-12-08 00:00:00,237.60000000,237.7400,0.00045069
2024-12-08 00:00:00,237.60000000,237.7400,0.00045069
2024-12-08 08:00:00,237.35000000,237.5300,0.00019374
2024-12-08 08:00:00,237.35000000,237.5300,0.00019374
2024-12-08 16:00:00,237.02000000,237.2400,0.00013754
2024-12-08 16:00:00,237.02000000,237.2400,0.00013754
2024-12-09 00:00:00,231.59000000,231.6900,0.00025945
2024-12-09 00:00:00,231.59000000,231.6900,0.00025945
2024-12-09 08:00:00,224.29000000,224.4700,0.00015891
2024-12-09 08:00:00,224.29000000,224.4700,0.00015891
2024-12-10 08:00:00,206.55000000,206.4900,0.00010000
2024-12-10 08:00:00,206.55000000,206.4900,0.00010000
2024-12-10 16:00:00,213.60000000,213.5800,0.00010000
2024-12-10 16:00:00,213.60000000,213.5800,0.00010000
2024-12-11 00:00:00,218.44000000,218.4000,0.00010000
2024-12-11 00:00:00,218.44000000,218.4000,0.00010000
2024-12-11 08:00:00,228.38000000,228.3600,0.00010000
2024-12-11 08:00:00,228.38000000,228.3600,0.00010000
2024-12-12 08:00:00,231.30000000,231.1800,0.00010000
2024-12-12 08:00:00,231.30000000,231.1800,0.00010000
2024-12-13 00:00:00,224.81000000,224.7200,0.00010000
2024-12-13 00:00:00,224.81000000,224.7200,0.00010000
2024-12-13 08:00:00,221.13000000,221.0200,0.00010000
2024-12-13 08:00:00,221.13000000,221.0200,0.00010000
2024-12-14 00:00:00,225.97000000,225.8800,0.00010000
2024-12-14 00:00:00,225.97000000,225.8800,0.00010000
2024-12-14 08:00:00,222.56000000,222.4600,0.00010000
2024-12-14 08:00:00,222.56000000,222.4600,0.00010000
2024-12-14 16:00:00,219.93000000,219.8400,0.00010000
2024-12-14 16:00:00,219.93000000,219.8400,0.00010000
2024-12-15 00:00:00,217.27000000,217.1400,0.00010000
2024-12-15 00:00:00,217.27000000,217.1400,0.00010000
2024-12-15 08:00:00,220.88000000,220.8200,0.00006761
2024-12-15 08:00:00,220.88000000,220.8200,0.00006761
2024-12-15 16:00:00,224.27000000,224.2100,0.00010000
2024-12-15 16:00:00,224.27000000,224.2100,0.00010000
2024-12-16 00:00:00,223.13000000,223.0800,0.00010000
2024-12-16 00:00:00,223.13000000,223.0800,0.00010000
2024-12-16 16:00:00,216.19000000,216.0800,0.00010000
2024-12-16 16:00:00,216.19000000,216.0800,0.00010000
2024-12-17 00:00:00,215.57000000,215.4900,0.00010000
2024-12-17 00:00:00,215.57000000,215.4900,0.00010000
2024-12-17 08:00:00,220.53000000,220.4600,0.00004064
2024-12-17 08:00:00,220.53000000,220.4600,0.00004064
2024-12-17 16:00:00,223.15000000,223.1600,0.00010000
2024-12-17 16:00:00,223.15000000,223.1600,0.00010000
2024-12-18 00:00:00,215.91000000,215.7900,0.00010000
2024-12-18 00:00:00,215.91000000,215.7900,0.00010000
2024-12-18 08:00:00,217.73000000,217.6300,0.00009102
2024-12-18 08:00:00,217.73000000,217.6300,0.00009102
2024-12-18 16:00:00,206.53000000,206.4600,0.00000623
2024-12-18 16:00:00,206.53000000,206.4600,0.00000623
2024-12-19 00:00:00,211.81000000,211.6700,-0.00003600
2024-12-19 00:00:00,211.81000000,211.6700,-0.00003600
2024-12-19 08:00:00,205.44000000,205.3200,-0.00001903
2024-12-19 08:00:00,205.44000000,205.3200,-0.00001903
2024-12-19 16:00:00,193.81000000,193.7100,0.00001572
2024-12-19 16:00:00,193.81000000,193.7100,0.00001572
2024-12-20 00:00:00,191.37000000,191.2300,-0.00001795
2024-12-20 00:00:00,191.37000000,191.2300,-0.00001795
2024-12-21 00:00:00,198.81000000,198.7300,-0.00018625
2024-12-21 00:00:00,198.81000000,198.7300,-0.00018625
2024-12-21 08:00:00,186.65000000,186.5000,-0.00013946
2024-12-21 08:00:00,186.65000000,186.5000,-0.00013946
2024-12-22 00:00:00,184.32000000,184.2000,-0.00011655
2024-12-22 00:00:00,184.32000000,184.2000,-0.00011655
2024-12-22 08:00:00,181.87000000,181.7700,0.00002970
2024-12-22 08:00:00,181.87000000,181.7700,0.00002970
2024-12-22 16:00:00,180.52000000,180.4400,-0.00010865
2024-12-22 16:00:00,180.52000000,180.4400,-0.00010865
2024-12-23 00:00:00,182.25000000,182.1500,-0.00005764
2024-12-23 00:00:00,182.25000000,182.1500,-0.00005764
2024-12-23 08:00:00,180.87000000,180.8200,-0.00002514
2024-12-23 08:00:00,180.87000000,180.8200,-0.00002514
2024-12-24 00:00:00,191.51000000,191.4200,0.00000456
2024-12-24 00:00:00,191.51000000,191.4200,0.00000456
2024-12-24 08:00:00,197.79000000,197.6700,-0.00000887
2024-12-24 08:00:00,197.79000000,197.6700,-0.00000887
2024-12-25 08:00:00,198.27000000,198.1700,-0.00002015
2024-12-25 08:00:00,198.27000000,198.1700,-0.00002015
2024-12-25 16:00:00,197.44000000,197.3500,0.00003692
2024-12-25 16:00:00,197.44000000,197.3500,0.00003692
2024-12-26 00:00:00,193.43000000,193.3800,0.00002735
2024-12-26 00:00:00,193.43000000,193.3800,0.00002735
2024-12-26 08:00:00,188.70000000,188.5900,0.00010000
2024-12-26 08:00:00,188.70000000,188.5900,0.00010000
2024-12-26 16:00:00,188.46000000,188.3700,0.00001522
2024-12-26 16:00:00,188.46000000,188.3700,0.00001522
2024-12-27 00:00:00,186.67000000,186.5400,0.00003726
2024-12-27 00:00:00,186.67000000,186.5400,0.00003726
2024-12-27 08:00:00,184.13000000,184.0000,-0.00002625
2024-12-27 08:00:00,184.13000000,184.0000,-0.00002625
2024-12-27 16:00:00,184.22000000,184.1800,-0.00008145
2024-12-27 16:00:00,184.22000000,184.1800,-0.00008145
2024-12-28 08:00:00,190.18000000,190.1100,0.00001275
2024-12-28 08:00:00,190.18000000,190.1100,0.00001275
2024-12-28 16:00:00,195.50000000,195.3900,-0.00000903
2024-12-28 16:00:00,195.50000000,195.3900,-0.00000903
2024-12-29 00:00:00,196.04000000,195.9300,0.00000778
2024-12-29 00:00:00,196.04000000,195.9300,0.00000778
2024-12-29 08:00:00,195.14000000,195.0500,-0.00002727
2024-12-29 08:00:00,195.14000000,195.0500,-0.00002727
2024-12-29 16:00:00,189.94000000,189.8500,0.00006140
2024-12-29 16:00:00,189.94000000,189.8500,0.00006140
2024-12-30 00:00:00,192.36000000,192.2800,0.00010000
2024-12-30 00:00:00,192.36000000,192.2800,0.00010000
2024-12-30 16:00:00,191.38000000,191.2600,0.00005906
2024-12-30 16:00:00,191.38000000,191.2600,0.00005906
2024-12-31 00:00:00,190.07000000,189.9500,0.00008373
2024-12-31 00:00:00,190.07000000,189.9500,0.00008373
2024-12-31 08:00:00,198.44000000,198.3000,0.00002697
2024-12-31 08:00:00,198.44000000,198.3000,0.00002697
2024-12-31 16:00:00,189.31000000,189.2200,0.00006744
2024-12-31 16:00:00,189.31000000,189.2200,0.00006744
2025-01-01 08:00:00,191.91000000,191.8100,-0.00002663
2025-01-01 08:00:00,191.91000000,191.8100,-0.00002663
2025-01-02 00:00:00,205.91000000,205.8400,0.00010000
2025-01-02 00:00:00,205.91000000,205.8400,0.00010000
2025-01-02 16:00:00,208.31000000,208.1700,0.00009337
2025-01-02 16:00:00,208.31000000,208.1700,0.00009337
2025-01-03 00:00:00,207.95000000,207.8600,0.00010000
2025-01-03 00:00:00,207.95000000,207.8600,0.00010000
2025-01-03 08:00:00,217.36000000,217.2600,-0.00001470
2025-01-03 08:00:00,217.36000000,217.2600,-0.00001470
2025-01-03 16:00:00,217.99000000,217.9100,-0.00007967
2025-01-03 16:00:00,217.99000000,217.9100,-0.00007967
2025-01-04 00:00:00,216.71000000,216.6200,-0.00007358
2025-01-04 00:00:00,216.71000000,216.6200,-0.00007358
2025-01-04 08:00:00,214.32000000,214.2400,0.00004915
2025-01-04 08:00:00,214.32000000,214.2400,0.00004915
2025-01-04 16:00:00,216.67000000,216.5600,0.00005813
2025-01-04 16:00:00,216.67000000,216.5600,0.00005813
2025-01-05 00:00:00,216.47000000,216.3500,0.00009572
2025-01-05 00:00:00,216.47000000,216.3500,0.00009572
2025-01-05 08:00:00,213.59000000,213.4600,-0.00003098
2025-01-05 08:00:00,213.59000000,213.4600,-0.00003098
2025-01-05 16:00:00,213.41000000,213.3000,0.00010000
2025-01-05 16:00:00,213.41000000,213.3000,0.00010000
2025-01-06 00:00:00,215.22000000,215.1300,-0.00000103
2025-01-06 00:00:00,215.22000000,215.1300,-0.00000103
2025-01-06 16:00:00,218.22000000,218.1100,0.00005815
2025-01-06 16:00:00,218.22000000,218.1100,0.00005815
2025-01-07 00:00:00,216.04000000,215.9700,-0.00002492
2025-01-07 00:00:00,216.04000000,215.9700,-0.00002492
2025-01-07 08:00:00,207.76000000,207.6500,0.00001880
2025-01-07 08:00:00,207.76000000,207.6500,0.00001880
2025-01-08 08:00:00,197.80000000,197.6900,0.00009384
2025-01-08 08:00:00,197.80000000,197.6900,0.00009384
2025-01-08 16:00:00,197.48000000,197.3700,-0.00002658
2025-01-08 16:00:00,197.48000000,197.3700,-0.00002658
2025-01-09 00:00:00,190.11000000,190.0600,-0.00004356
2025-01-09 00:00:00,190.11000000,190.0600,-0.00004356
2025-01-09 08:00:00,192.22000000,192.0900,0.00010000
2025-01-09 08:00:00,192.22000000,192.0900,0.00010000
2025-01-09 16:00:00,184.95000000,184.8800,-0.00001659
2025-01-09 16:00:00,184.95000000,184.8800,-0.00001659
2025-01-10 00:00:00,191.78000000,191.6300,0.00000873
2025-01-10 00:00:00,191.78000000,191.6300,0.00000873
2025-01-10 08:00:00,187.28000000,187.2000,-0.00007385
